/*******************************************************************************
 * Size: 24 px
 * Bpp: 4
 * Opts: --no-compress --no-prefilter --bpp 4 --size 24 --font tools/fonts/DejaVuSansMono.ttf -r 0x20-0x7F,0xB0,0x2022 --font deps/dpf.js/deps/lv_binding_js/deps/lvgl/scripts/built_in_font/FontAwesome5-Solid+Brands+Regular.woff -r 61441,61448,61451,61452,61453,61457,61459,61461,61465,61468,61473,61478,61479,61480,61502,61507,61512,61515,61516,61517,61521,61522,61523,61524,61543,61544,61550,61552,61553,61556,61559,61560,61561,61563,61587,61589,61636,61637,61639,61641,61664,61671,61674,61683,61724,61732,61787,61931,62016,62017,62018,62019,62020,62087,62099,62212,62189,62810,63426,63650 --format lvgl -o packages/native/src/fonts/lv_font_montserrat_24.c --force-fast-kern-format
 ******************************************************************************/

#ifdef LV_LVGL_H_INCLUDE_SIMPLE
#include "lvgl.h"
#else
#include "lvgl/lvgl.h"
#endif

#ifndef RP_FONT_MONO_24
#define RP_FONT_MONO_24 1
#endif

#if RP_FONT_MONO_24

/*-----------------
 *    BITMAPS
 *----------------*/

/*Store the image of the glyphs*/
static LV_ATTRIBUTE_LARGE_CONST const uint8_t glyph_bitmap[] = {
    /* U+0020 " " */

    /* U+0021 "!" */
    0xff, 0x6f, 0xf6, 0xff, 0x6f, 0xf6, 0xff, 0x6f,
    0xf6, 0xff, 0x6f, 0xf6, 0xef, 0x6d, 0xf5, 0xcf,
    0x4c, 0xf3, 0x45, 0x10, 0x0, 0x11, 0xf, 0xf6,
    0xff, 0x6f, 0xf6,

    /* U+0022 "\"" */
    0xf, 0xf0, 0x8, 0xf7, 0xf, 0xf0, 0x8, 0xf7,
    0xf, 0xf0, 0x8, 0xf7, 0xf, 0xf0, 0x8, 0xf7,
    0xf, 0xf0, 0x8, 0xf7, 0xf, 0xf0, 0x8, 0xf7,
    0xc, 0xc0, 0x6, 0xc6,

    /* U+0023 "#" */
    0x0, 0x0, 0x0, 0xfe, 0x0, 0x3f, 0xa0, 0x0,
    0x0, 0x0, 0x3f, 0xa0, 0x7, 0xf6, 0x0, 0x0,
    0x0, 0x7, 0xf6, 0x0, 0xbf, 0x20, 0x0, 0x0,
    0x0, 0xbf, 0x20, 0xe, 0xe0, 0x0, 0x0, 0x0,
    0xe, 0xe0, 0x2, 0xfb, 0x0, 0x0, 0x8e, 0xee,
    0xff, 0xee, 0xef, 0xfe, 0xe5, 0xa, 0xff, 0xff,
    0xff, 0xff, 0xff, 0xff, 0x60, 0x0, 0xa, 0xf3,
    0x0, 0xef, 0x0, 0x0, 0x0, 0x0, 0xdf, 0x0,
    0x1f, 0xc0, 0x0, 0x0, 0x0, 0x1f, 0xc0, 0x5,
    0xf8, 0x0, 0x0, 0x0, 0x5, 0xf8, 0x0, 0x9f,
    0x40, 0x0, 0xd, 0xdd, 0xef, 0xed, 0xdf, 0xfe,
    0xdd, 0x0, 0xff, 0xff, 0xff, 0xff, 0xff, 0xff,
    0xf1, 0x0, 0x1, 0xfc, 0x0, 0x5f, 0x80, 0x0,
    0x0, 0x0, 0x5f, 0x80, 0x8, 0xf4, 0x0, 0x0,
    0x0, 0x9, 0xf4, 0x0, 0xcf, 0x10, 0x0, 0x0,
    0x0, 0xcf, 0x10, 0xf, 0xd0, 0x0, 0x0, 0x0,
    0xf, 0xc0, 0x4, 0xf9, 0x0, 0x0, 0x0,

    /* U+0024 "$" */
    0x0, 0x0, 0x1f, 0x10, 0x0, 0x0, 0x0, 0x0,
    0x1f, 0x10, 0x0, 0x0, 0x0, 0x0, 0x1f, 0x10,
    0x0, 0x0, 0x0, 0x5b, 0xef, 0xfd, 0xa6, 0x0,
    0xa, 0xff, 0xcf, 0xbd, 0xff, 0x0, 0x6f, 0xe1,
    0x1f, 0x10, 0x39, 0x0, 0xaf, 0x70, 0x1f, 0x10,
    0x0, 0x0, 0xbf, 0x60, 0x1f, 0x10, 0x0, 0x0,
    0x9f, 0xb0, 0x1f, 0x10, 0x0, 0x0, 0x3f, 0xfc,
    0x7f, 0x20, 0x0, 0x0, 0x5, 0xef, 0xff, 0xfc,
    0x50, 0x0, 0x0, 0x6, 0xaf, 0xff, 0xfb, 0x0,
    0x0, 0x0, 0x1f, 0x36, 0xff, 0x80, 0x0, 0x0,
    0x1f, 0x10, 0x6f, 0xe0, 0x0, 0x0, 0x1f, 0x10,
    0x2f, 0xf0, 0x10, 0x0, 0x1f, 0x10, 0x5f, 0xf0,
    0xb9, 0x30, 0x1f, 0x12, 0xdf, 0x90, 0xcf, 0xfe,
    0xdf, 0xdf, 0xfd, 0x10, 0x5, 0xae, 0xff, 0xfd,
    0x80, 0x0, 0x0, 0x0, 0x1f, 0x10, 0x0, 0x0,
    0x0, 0x0, 0x1f, 0x10, 0x0, 0x0, 0x0, 0x0,
    0x1f, 0x10, 0x0, 0x0, 0x0, 0x0, 0x8, 0x0,
    0x0, 0x0,

    /* U+0025 "%" */
    0x0, 0x49, 0x95, 0x0, 0x0, 0x0, 0x0, 0x0,
    0x8f, 0xff, 0xfb, 0x0, 0x0, 0x0, 0x0, 0x3f,
    0xb2, 0x19, 0xf6, 0x0, 0x0, 0x0, 0x8, 0xf1,
    0x0, 0xd, 0xc0, 0x0, 0x0, 0x0, 0x9f, 0x0,
    0x0, 0xcd, 0x0, 0x0, 0x0, 0x6, 0xf7, 0x0,
    0x3f, 0xa0, 0x0, 0x0, 0x0, 0xd, 0xfc, 0xbf,
    0xf2, 0x0, 0x17, 0xe8, 0x0, 0x19, 0xef, 0xb2,
    0x1, 0x8f, 0xe7, 0x0, 0x0, 0x0, 0x0, 0x3a,
    0xfd, 0x50, 0x0, 0x0, 0x0, 0x4, 0xbf, 0xb4,
    0x0, 0x0, 0x0, 0x0, 0x5d, 0xfa, 0x20, 0x28,
    0x96, 0x0, 0x0, 0xcf, 0x81, 0x0, 0x5f, 0xff,
    0xfd, 0x10, 0x3, 0x0, 0x0, 0x1f, 0xd3, 0x7,
    0xfa, 0x0, 0x0, 0x0, 0x5, 0xf4, 0x0, 0xb,
    0xf0, 0x0, 0x0, 0x0, 0x6f, 0x30, 0x0, 0x9f,
    0x0, 0x0, 0x0, 0x3, 0xfa, 0x0, 0x1e, 0xd0,
    0x0, 0x0, 0x0, 0xa, 0xfd, 0xbf, 0xf4, 0x0,
    0x0, 0x0, 0x0, 0x8, 0xef, 0xc4, 0x0,

    /* U+0026 "&" */
    0x0, 0x0, 0x4c, 0xef, 0xd9, 0x10, 0x0, 0x0,
    0x0, 0x8f, 0xff, 0xef, 0xf4, 0x0, 0x0, 0x0,
    0xf, 0xf7, 0x0, 0x16, 0x20, 0x0, 0x0, 0x3,
    0xfe, 0x0, 0x0, 0x0, 0x0, 0x0, 0x0, 0x2f,
    0xe0, 0x0, 0x0, 0x0, 0x0, 0x0, 0x0, 0xdf,
    0x50, 0x0, 0x0, 0x0, 0x0, 0x0, 0x5, 0xfe,
    0x10, 0x0, 0x0, 0x0, 0x0, 0x0, 0xaf, 0xfb,
    0x0, 0x0, 0x0, 0x0, 0x0, 0xbf, 0x4b, 0xf7,
    0x0, 0x0, 0x33, 0x0, 0x7f, 0x70, 0x1e, 0xf3,
    0x0, 0xd, 0xf0, 0xe, 0xf0, 0x0, 0x4f, 0xe1,
    0x0, 0xdf, 0x3, 0xfc, 0x0, 0x0, 0x9f, 0xb0,
    0xe, 0xd0, 0x4f, 0xc0, 0x0, 0x0, 0xdf, 0x83,
    0xf9, 0x3, 0xff, 0x0, 0x0, 0x2, 0xff, 0xdf,
    0x30, 0xe, 0xf9, 0x0, 0x0, 0x7, 0xff, 0x90,
    0x0, 0x6f, 0xf9, 0x10, 0x3, 0xbf, 0xfb, 0x0,
    0x0, 0x8f, 0xff, 0xef, 0xff, 0xae, 0xf5, 0x0,
    0x0, 0x4b, 0xef, 0xea, 0x40, 0x7f, 0xe1,

    /* U+0027 "'" */
    0xdf, 0x3d, 0xf3, 0xdf, 0x3d, 0xf3, 0xdf, 0x3d,
    0xf3, 0xac, 0x20,

    /* U+0028 "(" */
    0x0, 0xc, 0xf2, 0x0, 0x4f, 0xa0, 0x0, 0xdf,
    0x20, 0x4, 0xfc, 0x0, 0xa, 0xf6, 0x0, 0x1f,
    0xf1, 0x0, 0x5f, 0xd0, 0x0, 0x8f, 0xa0, 0x0,
    0xcf, 0x70, 0x0, 0xdf, 0x60, 0x0, 0xff, 0x50,
    0x0, 0xff, 0x40, 0x0, 0xef, 0x50, 0x0, 0xdf,
    0x60, 0x0, 0xaf, 0x90, 0x0, 0x7f, 0xc0, 0x0,
    0x3f, 0xf0, 0x0, 0xd, 0xf4, 0x0, 0x7, 0xf9,
    0x0, 0x1, 0xfe, 0x0, 0x0, 0x9f, 0x60, 0x0,
    0x1f, 0xd0, 0x0, 0x5, 0x82,

    /* U+0029 ")" */
    0xaf, 0x30, 0x0, 0x3f, 0xc0, 0x0, 0xb, 0xf4,
    0x0, 0x5, 0xfb, 0x0, 0x0, 0xff, 0x10, 0x0,
    0xaf, 0x70, 0x0, 0x6f, 0xc0, 0x0, 0x3f, 0xf0,
    0x0, 0xf, 0xf3, 0x0, 0xf, 0xf5, 0x0, 0xe,
    0xf6, 0x0, 0xd, 0xf6, 0x0, 0xe, 0xf5, 0x0,
    0xf, 0xf4, 0x0, 0x1f, 0xf1, 0x0, 0x5f, 0xe0,
    0x0, 0x8f, 0xa0, 0x0, 0xdf, 0x40, 0x2, 0xfe,
    0x0, 0x8, 0xf8, 0x0, 0xe, 0xf1, 0x0, 0x7f,
    0x70, 0x0, 0x67, 0x0, 0x0,

    /* U+002A "*" */
    0x0, 0x0, 0x7, 0xe0, 0x0, 0x0, 0x0, 0x0,
    0x7, 0xe0, 0x0, 0x0, 0x8, 0x40, 0x7, 0xe0,
    0x1, 0xa1, 0x9, 0xfa, 0x17, 0xe0, 0x6e, 0xe3,
    0x0, 0x3c, 0xfc, 0xfc, 0xf7, 0x0, 0x0, 0x0,
    0x6f, 0xfb, 0x10, 0x0, 0x0, 0x5, 0xef, 0xff,
    0x91, 0x0, 0x3, 0xcf, 0x77, 0xe3, 0xcf, 0x70,
    0xc, 0xb2, 0x7, 0xe0, 0x6, 0xf4, 0x1, 0x0,
    0x7, 0xe0, 0x0, 0x10, 0x0, 0x0, 0x7, 0xe0,
    0x0, 0x0, 0x0, 0x0, 0x2, 0x50, 0x0, 0x0,

    /* U+002B "+" */
    0x0, 0x0, 0xb, 0xe2, 0x0, 0x0, 0x0, 0x0,
    0x0, 0xcf, 0x30, 0x0, 0x0, 0x0, 0x0, 0xc,
    0xf3, 0x0, 0x0, 0x0, 0x0, 0x0, 0xcf, 0x30,
    0x0, 0x0, 0x0, 0x0, 0xc, 0xf3, 0x0, 0x0,
    0x1, 0x11, 0x11, 0xcf, 0x41, 0x11, 0x10, 0xff,
    0xff, 0xff, 0xff, 0xff, 0xff, 0x6f, 0xff, 0xff,
    0xff, 0xff, 0xff, 0xf6, 0x0, 0x0, 0xc, 0xf3,
    0x0, 0x0, 0x0, 0x0, 0x0, 0xcf, 0x30, 0x0,
    0x0, 0x0, 0x0, 0xc, 0xf3, 0x0, 0x0, 0x0,
    0x0, 0x0, 0xcf, 0x30, 0x0, 0x0, 0x0, 0x0,
    0xc, 0xf3, 0x0, 0x0, 0x0,

    /* U+002C "," */
    0x0, 0x33, 0x20, 0x1f, 0xfd, 0x1, 0xff, 0xd0,
    0x2f, 0xfb, 0x6, 0xff, 0x40, 0xaf, 0xc0, 0xe,
    0xf4, 0x2, 0xfc, 0x0,

    /* U+002D "-" */
    0xdf, 0xff, 0xff, 0x4d, 0xff, 0xff, 0xf4,

    /* U+002E "." */
    0x3b, 0xb7, 0x4f, 0xfb, 0x4f, 0xfb, 0x4f, 0xfb,

    /* U+002F "/" */
    0x0, 0x0, 0x0, 0x0, 0xc, 0xf6, 0x0, 0x0,
    0x0, 0x0, 0x4f, 0xe0, 0x0, 0x0, 0x0, 0x0,
    0xbf, 0x80, 0x0, 0x0, 0x0, 0x2, 0xff, 0x10,
    0x0, 0x0, 0x0, 0x9, 0xf9, 0x0, 0x0, 0x0,
    0x0, 0x1f, 0xf2, 0x0, 0x0, 0x0, 0x0, 0x8f,
    0xb0, 0x0, 0x0, 0x0, 0x0, 0xef, 0x40, 0x0,
    0x0, 0x0, 0x6, 0xfd, 0x0, 0x0, 0x0, 0x0,
    0xd, 0xf5, 0x0, 0x0, 0x0, 0x0, 0x4f, 0xe0,
    0x0, 0x0, 0x0, 0x0, 0xcf, 0x70, 0x0, 0x0,
    0x0, 0x3, 0xff, 0x10, 0x0, 0x0, 0x0, 0xa,
    0xf9, 0x0, 0x0, 0x0, 0x0, 0x1f, 0xf2, 0x0,
    0x0, 0x0, 0x0, 0x8f, 0xa0, 0x0, 0x0, 0x0,
    0x0, 0xff, 0x30, 0x0, 0x0, 0x0, 0x7, 0xfc,
    0x0, 0x0, 0x0, 0x0, 0xe, 0xf5, 0x0, 0x0,
    0x0, 0x0, 0x5f, 0xd0, 0x0, 0x0, 0x0, 0x0,
    0x58, 0x40, 0x0, 0x0, 0x0, 0x0,

    /* U+0030 "0" */
    0x0, 0x3, 0xbe, 0xfd, 0x70, 0x0, 0x0, 0x6f,
    0xff, 0xff, 0xfc, 0x0, 0x2, 0xff, 0xa1, 0x5,
    0xff, 0x80, 0x9, 0xfd, 0x0, 0x0, 0x6f, 0xf1,
    0xe, 0xf7, 0x0, 0x0, 0xf, 0xf5, 0x2f, 0xf3,
    0x0, 0x0, 0xc, 0xf9, 0x4f, 0xf1, 0x1, 0x30,
    0xa, 0xfb, 0x6f, 0xf0, 0x1f, 0xf7, 0x8, 0xfd,
    0x6f, 0xf0, 0x4f, 0xfb, 0x8, 0xfd, 0x6f, 0xf0,
    0xc, 0xe4, 0x8, 0xfd, 0x6f, 0xf0, 0x0, 0x0,
    0x8, 0xfd, 0x4f, 0xf1, 0x0, 0x0, 0xa, 0xfb,
    0x2f, 0xf3, 0x0, 0x0, 0xc, 0xf9, 0xe, 0xf7,
    0x0, 0x0, 0xf, 0xf5, 0x9, 0xfd, 0x0, 0x0,
    0x6f, 0xf1, 0x2, 0xff, 0xa1, 0x5, 0xff, 0x80,
    0x0, 0x6f, 0xff, 0xff, 0xfc, 0x0, 0x0, 0x3,
    0xbe, 0xfd, 0x70, 0x0,

    /* U+0031 "1" */
    0x3, 0x7b, 0xef, 0xf3, 0x0, 0x1, 0xff, 0xff,
    0xff, 0x30, 0x0, 0x1f, 0xb8, 0x6f, 0xf3, 0x0,
    0x0, 0x0, 0x2, 0xff, 0x30, 0x0, 0x0, 0x0,
    0x2f, 0xf3, 0x0, 0x0, 0x0, 0x2, 0xff, 0x30,
    0x0, 0x0, 0x0, 0x2f, 0xf3, 0x0, 0x0, 0x0,
    0x2, 0xff, 0x30, 0x0, 0x0, 0x0, 0x2f, 0xf3,
    0x0, 0x0, 0x0, 0x2, 0xff, 0x30, 0x0, 0x0,
    0x0, 0x2f, 0xf3, 0x0, 0x0, 0x0, 0x2, 0xff,
    0x30, 0x0, 0x0, 0x0, 0x2f, 0xf3, 0x0, 0x0,
    0x0, 0x2, 0xff, 0x30, 0x0, 0x0, 0x0, 0x2f,
    0xf3, 0x0, 0x0, 0x11, 0x13, 0xff, 0x41, 0x11,
    0xd, 0xff, 0xff, 0xff, 0xff, 0xd0, 0xdf, 0xff,
    0xff, 0xff, 0xfd,

    /* U+0032 "2" */
    0x1, 0x7b, 0xef, 0xec, 0x60, 0x0, 0x1f, 0xff,
    0xff, 0xff, 0xfc, 0x0, 0x1f, 0xd7, 0x31, 0x39,
    0xff, 0xa0, 0x5, 0x0, 0x0, 0x0, 0x9f, 0xf1,
    0x0, 0x0, 0x0, 0x0, 0x3f, 0xf4, 0x0, 0x0,
    0x0, 0x0, 0x2f, 0xf3, 0x0, 0x0, 0x0, 0x0,
    0x5f, 0xf0, 0x0, 0x0, 0x0, 0x0, 0xdf, 0x90,
    0x0, 0x0, 0x0, 0x7, 0xfe, 0x10, 0x0, 0x0,
    0x0, 0x4f, 0xf4, 0x0, 0x0, 0x0, 0x3, 0xff,
    0x60, 0x0, 0x0, 0x0, 0x2e, 0xf7, 0x0, 0x0,
    0x0, 0x1, 0xef, 0x90, 0x0, 0x0, 0x0, 0x1d,
    0xfa, 0x0, 0x0, 0x0, 0x1, 0xdf, 0xb0, 0x0,
    0x0, 0x0, 0xc, 0xfc, 0x11, 0x11, 0x11, 0x10,
    0x3f, 0xff, 0xff, 0xff, 0xff, 0xf6, 0x3f, 0xff,
    0xff, 0xff, 0xff, 0xf6,

    /* U+0033 "3" */
    0x4, 0x8c, 0xef, 0xec, 0x60, 0x0, 0xd, 0xff,
    0xff, 0xff, 0xfc, 0x10, 0xb, 0x85, 0x31, 0x27,
    0xff, 0xa0, 0x0, 0x0, 0x0, 0x0, 0x6f, 0xf1,
    0x0, 0x0, 0x0, 0x0, 0x2f, 0xf3, 0x0, 0x0,
    0x0, 0x0, 0x6f, 0xf1, 0x0, 0x0, 0x0, 0x27,
    0xff, 0xb0, 0x0, 0x6, 0xff, 0xff, 0xfc, 0x10,
    0x0, 0x6, 0xff, 0xff, 0xa1, 0x0, 0x0, 0x0,
    0x0, 0x27, 0xfe, 0x30, 0x0, 0x0, 0x0, 0x0,
    0x4f, 0xe0, 0x0, 0x0, 0x0, 0x0, 0xd, 0xf6,
    0x0, 0x0, 0x0, 0x0, 0xb, 0xf9, 0x0, 0x0,
    0x0, 0x0, 0xd, 0xf9, 0x10, 0x0, 0x0, 0x0,
    0x5f, 0xf6, 0x6e, 0x84, 0x21, 0x39, 0xff, 0xe0,
    0x6f, 0xff, 0xff, 0xff, 0xfe, 0x30, 0x5, 0x9c,
    0xef, 0xfc, 0x71, 0x0,

    /* U+0034 "4" */
    0x0, 0x0, 0x0, 0x1f, 0xff, 0x0, 0x0, 0x0,
    0x0, 0xa, 0xff, 0xf0, 0x0, 0x0, 0x0, 0x4,
    0xfd, 0xff, 0x0, 0x0, 0x0, 0x0, 0xde, 0x6f,
    0xf0, 0x0, 0x0, 0x0, 0x7f, 0x56, 0xff, 0x0,
    0x0, 0x0, 0x1f, 0xc0, 0x6f, 0xf0, 0x0, 0x0,
    0xa, 0xf3, 0x6, 0xff, 0x0, 0x0, 0x4, 0xfa,
    0x0, 0x6f, 0xf0, 0x0, 0x0, 0xdf, 0x10, 0x6,
    0xff, 0x0, 0x0, 0x7f, 0x80, 0x0, 0x6f, 0xf0,
    0x0, 0x2f, 0xe0, 0x0, 0x6, 0xff, 0x0, 0xa,
    0xf6, 0x0, 0x0, 0x6f, 0xf0, 0x0, 0xcf, 0xff,
    0xff, 0xff, 0xff, 0xff, 0x4c, 0xff, 0xff, 0xff,
    0xff, 0xff, 0xf4, 0x0, 0x0, 0x0, 0x6, 0xff,
    0x0, 0x0, 0x0, 0x0, 0x0, 0x6f, 0xf0, 0x0,
    0x0, 0x0, 0x0, 0x6, 0xff, 0x0, 0x0, 0x0,
    0x0, 0x0, 0x6f, 0xf0, 0x0,

    /* U+0035 "5" */
    0x9, 0xff, 0xff, 0xff, 0xff, 0x40, 0x9, 0xff,
    0xff, 0xff, 0xff, 0x40, 0x9, 0xf9, 0x11, 0x11,
    0x11, 0x0, 0x9, 0xf9, 0x0, 0x0, 0x0, 0x0,
    0x9, 0xf9, 0x0, 0x0, 0x0, 0x0, 0x9, 0xf9,
    0x0, 0x0, 0x0, 0x0, 0x9, 0xfe, 0xff, 0xfd,
    0x70, 0x0, 0x9, 0xff, 0xff, 0xff, 0xfc, 0x0,
    0x6, 0x72, 0x0, 0x3a, 0xff, 0xa0, 0x0, 0x0,
    0x0, 0x0, 0x9f, 0xf2, 0x0, 0x0, 0x0, 0x0,
    0x1f, 0xf6, 0x0, 0x0, 0x0, 0x0, 0xe, 0xf7,
    0x0, 0x0, 0x0, 0x0, 0xe, 0xf7, 0x0, 0x0,
    0x0, 0x0, 0x1f, 0xf5, 0x0, 0x0, 0x0, 0x0,
    0x9f, 0xf1, 0x5d, 0x73, 0x11, 0x4b, 0xff, 0x80,
    0x5f, 0xff, 0xff, 0xff, 0xfa, 0x0, 0x17, 0xbd,
    0xff, 0xeb, 0x40, 0x0,

    /* U+0036 "6" */
    0x0, 0x0, 0x7c, 0xef, 0xda, 0x30, 0x0, 0x1d,
    0xff, 0xff, 0xff, 0x90, 0x0, 0xcf, 0xe7, 0x21,
    0x37, 0x70, 0x6, 0xfe, 0x20, 0x0, 0x0, 0x0,
    0xc, 0xf7, 0x0, 0x0, 0x0, 0x0, 0x1f, 0xf1,
    0x0, 0x0, 0x0, 0x0, 0x4f, 0xe0, 0x6d, 0xfe,
    0xb3, 0x0, 0x5f, 0xc9, 0xff, 0xff, 0xff, 0x60,
    0x6f, 0xef, 0x91, 0x1, 0xbf, 0xf2, 0x6f, 0xfc,
    0x0, 0x0, 0xe, 0xf8, 0x6f, 0xf5, 0x0, 0x0,
    0x9, 0xfc, 0x4f, 0xf3, 0x0, 0x0, 0x7, 0xfd,
    0x2f, 0xf3, 0x0, 0x0, 0x7, 0xfd, 0xf, 0xf5,
    0x0, 0x0, 0x9, 0xfc, 0xa, 0xfc, 0x0, 0x0,
    0xe, 0xf8, 0x3, 0xff, 0x91, 0x1, 0xbf, 0xf1,
    0x0, 0x7f, 0xff, 0xff, 0xff, 0x50, 0x0, 0x4,
    0xbe, 0xfe, 0xa3, 0x0,

    /* U+0037 "7" */
    0x6f, 0xff, 0xff, 0xff, 0xff, 0xfa, 0x6f, 0xff,
    0xff, 0xff, 0xff, 0xf7, 0x1, 0x11, 0x11, 0x11,
    0x3f, 0xf1, 0x0, 0x0, 0x0, 0x0, 0x8f, 0xb0,
    0x0, 0x0, 0x0, 0x0, 0xef, 0x50, 0x0, 0x0,
    0x0, 0x4, 0xff, 0x0, 0x0, 0x0, 0x0, 0xa,
    0xfa, 0x0, 0x0, 0x0, 0x0, 0x1f, 0xf4, 0x0,
    0x0, 0x0, 0x0, 0x7f, 0xe0, 0x0, 0x0, 0x0,
    0x0, 0xdf, 0x80, 0x0, 0x0, 0x0, 0x3, 0xff,
    0x20, 0x0, 0x0, 0x0, 0x9, 0xfc, 0x0, 0x0,
    0x0, 0x0, 0xf, 0xf6, 0x0, 0x0, 0x0, 0x0,
    0x5f, 0xf1, 0x0, 0x0, 0x0, 0x0, 0xbf, 0xa0,
    0x0, 0x0, 0x0, 0x2, 0xff, 0x40, 0x0, 0x0,
    0x0, 0x8, 0xfe, 0x0, 0x0, 0x0, 0x0, 0xe,
    0xf9, 0x0, 0x0, 0x0,

    /* U+0038 "8" */
    0x0, 0x7, 0xcf, 0xfe, 0xa3, 0x0, 0x1, 0xdf,
    0xff, 0xff, 0xff, 0x60, 0x9, 0xff, 0x50, 0x2,
    0xbf, 0xf2, 0xe, 0xf8, 0x0, 0x0, 0x1f, 0xf6,
    0xf, 0xf5, 0x0, 0x0, 0xe, 0xf7, 0xe, 0xf8,
    0x0, 0x0, 0x1f, 0xf4, 0x7, 0xff, 0x50, 0x2,
    0xbf, 0xb0, 0x0, 0xaf, 0xff, 0xff, 0xe7, 0x0,
    0x0, 0x7, 0xff, 0xff, 0xe8, 0x0, 0x1, 0xdf,
    0x71, 0x4, 0xdf, 0xc0, 0xc, 0xf7, 0x0, 0x0,
    0x1e, 0xf7, 0x3f, 0xf1, 0x0, 0x0, 0x9, 0xfc,
    0x6f, 0xf0, 0x0, 0x0, 0x8, 0xfe, 0x6f, 0xf0,
    0x0, 0x0, 0x9, 0xfd, 0x4f, 0xf6, 0x0, 0x0,
    0xe, 0xfa, 0xd, 0xff, 0x60, 0x2, 0xbf, 0xf3,
    0x3, 0xef, 0xff, 0xff, 0xff, 0x70, 0x0, 0x18,
    0xdf, 0xfe, 0xa3, 0x0,

    /* U+0039 "9" */
    0x0, 0x18, 0xdf, 0xfc, 0x70, 0x0, 0x1, 0xdf,
    0xff, 0xff, 0xfc, 0x0, 0xb, 0xfe, 0x40, 0x5,
    0xff, 0x80, 0x2f, 0xf5, 0x0, 0x0, 0x6f, 0xf1,
    0x6f, 0xf0, 0x0, 0x0, 0xf, 0xf5, 0x7f, 0xe0,
    0x0, 0x0, 0xd, 0xf8, 0x7f, 0xe0, 0x0, 0x0,
    0xd, 0xfb, 0x6f, 0xf0, 0x0, 0x0, 0xf, 0xfc,
    0x2f, 0xf6, 0x0, 0x0, 0x6f, 0xfc, 0xb, 0xfe,
    0x50, 0x6, 0xfe, 0xfc, 0x1, 0xdf, 0xff, 0xff,
    0xd7, 0xfb, 0x0, 0x7, 0xce, 0xd8, 0x18, 0xfa,
    0x0, 0x0, 0x0, 0x0, 0xc, 0xf7, 0x0, 0x0,
    0x0, 0x0, 0x2f, 0xf2, 0x0, 0x0, 0x0, 0x0,
    0xbf, 0xc0, 0x3, 0xa4, 0x21, 0x4c, 0xff, 0x30,
    0x3, 0xff, 0xff, 0xff, 0xf5, 0x0, 0x1, 0x8c,
    0xef, 0xd9, 0x20, 0x0,

    /* U+003A ":" */
    0x4f, 0xfb, 0x4f, 0xfb, 0x4f, 0xfb, 0x2b, 0xb7,
    0x0, 0x0, 0x0, 0x0, 0x0, 0x0, 0x0, 0x0,
    0x0, 0x0, 0x3b, 0xb7, 0x4f, 0xfb, 0x4f, 0xfb,
    0x4f, 0xfb,

    /* U+003B ";" */
    0x2, 0xbb, 0x70, 0x4f, 0xfb, 0x4, 0xff, 0xb0,
    0x4f, 0xfb, 0x0, 0x0, 0x0, 0x0, 0x0, 0x0,
    0x0, 0x0, 0x0, 0x0, 0x0, 0x0, 0x0, 0x3,
    0x32, 0x1, 0xff, 0xd0, 0x1f, 0xfd, 0x2, 0xff,
    0xb0, 0x6f, 0xf4, 0xa, 0xfc, 0x0, 0xef, 0x40,
    0x2f, 0xc0, 0x0,

    /* U+003C "<" */
    0x0, 0x0, 0x0, 0x0, 0x0, 0x29, 0x50, 0x0,
    0x0, 0x0, 0x5, 0xcf, 0xf6, 0x0, 0x0, 0x1,
    0x8e, 0xff, 0xfa, 0x20, 0x0, 0x4b, 0xff, 0xfc,
    0x60, 0x0, 0x17, 0xdf, 0xff, 0x93, 0x0, 0x0,
    0xf, 0xff, 0xc5, 0x0, 0x0, 0x0, 0x0, 0xff,
    0xe6, 0x10, 0x0, 0x0, 0x0, 0x5, 0xcf, 0xff,
    0xa4, 0x0, 0x0, 0x0, 0x0, 0x39, 0xff, 0xfd,
    0x71, 0x0, 0x0, 0x0, 0x0, 0x6d, 0xff, 0xfb,
    0x40, 0x0, 0x0, 0x0, 0x4, 0xaf, 0xff, 0x60,
    0x0, 0x0, 0x0, 0x0, 0x17, 0xe6, 0x0, 0x0,
    0x0, 0x0, 0x0, 0x0, 0x10,

    /* U+003D "=" */
    0x11, 0x11, 0x11, 0x11, 0x11, 0x11, 0xf, 0xff,
    0xff, 0xff, 0xff, 0xff, 0xf6, 0xff, 0xff, 0xff,
    0xff, 0xff, 0xff, 0x60, 0x0, 0x0, 0x0, 0x0,
    0x0, 0x0, 0x0, 0x0, 0x0, 0x0, 0x0, 0x0,
    0x1, 0x11, 0x11, 0x11, 0x11, 0x11, 0x10, 0xff,
    0xff, 0xff, 0xff, 0xff, 0xff, 0x6f, 0xff, 0xff,
    0xff, 0xff, 0xff, 0xf6,

    /* U+003E ">" */
    0xb5, 0x0, 0x0, 0x0, 0x0, 0x0, 0xf, 0xfe,
    0x82, 0x0, 0x0, 0x0, 0x0, 0x7d, 0xff, 0xfb,
    0x40, 0x0, 0x0, 0x0, 0x3, 0xaf, 0xff, 0xd7,
    0x10, 0x0, 0x0, 0x0, 0x6, 0xcf, 0xff, 0xa3,
    0x0, 0x0, 0x0, 0x0, 0x39, 0xff, 0xf6, 0x0,
    0x0, 0x0, 0x0, 0x3a, 0xff, 0x60, 0x0, 0x0,
    0x17, 0xdf, 0xfe, 0x81, 0x0, 0x4, 0xbf, 0xff,
    0xc6, 0x0, 0x2, 0x8e, 0xff, 0xf9, 0x30, 0x0,
    0x0, 0xff, 0xfd, 0x71, 0x0, 0x0, 0x0, 0xf,
    0xa4, 0x0, 0x0, 0x0, 0x0, 0x0, 0x10, 0x0,
    0x0, 0x0, 0x0, 0x0, 0x0,

    /* U+003F "?" */
    0x0, 0x6b, 0xef, 0xea, 0x20, 0x1, 0xef, 0xff,
    0xff, 0xff, 0x30, 0x2f, 0xa4, 0x1, 0x5e, 0xfd,
    0x1, 0x30, 0x0, 0x0, 0x6f, 0xf1, 0x0, 0x0,
    0x0, 0x3, 0xff, 0x20, 0x0, 0x0, 0x0, 0x8f,
    0xe0, 0x0, 0x0, 0x0, 0x5f, 0xf5, 0x0, 0x0,
    0x0, 0x5f, 0xf7, 0x0, 0x0, 0x0, 0x4f, 0xf7,
    0x0, 0x0, 0x0, 0xd, 0xf9, 0x0, 0x0, 0x0,
    0x1, 0xff, 0x20, 0x0, 0x0, 0x0, 0x3f, 0xf0,
    0x0, 0x0, 0x0, 0x3, 0xff, 0x0, 0x0, 0x0,
    0x0, 0x3, 0x30, 0x0, 0x0, 0x0, 0x0, 0x11,
    0x0, 0x0, 0x0, 0x0, 0x4f, 0xf1, 0x0, 0x0,
    0x0, 0x4, 0xff, 0x10, 0x0, 0x0, 0x0, 0x4f,
    0xf1, 0x0, 0x0,

    /* U+0040 "@" */
    0x0, 0x0, 0x6, 0xce, 0xfe, 0x92, 0x0, 0x0,
    0x3, 0xdf, 0xfd, 0xce, 0xff, 0x30, 0x0, 0x3f,
    0xf8, 0x10, 0x0, 0x6f, 0xe0, 0x0, 0xdf, 0x40,
    0x0, 0x0, 0x8, 0xf6, 0x7, 0xf8, 0x0, 0x0,
    0x0, 0x1, 0xfa, 0xe, 0xe0, 0x0, 0x6, 0xbb,
    0x80, 0xec, 0x3f, 0x90, 0x0, 0xbf, 0xff, 0xfd,
    0xec, 0x6f, 0x50, 0x7, 0xfd, 0x30, 0x4e, 0xfd,
    0x9f, 0x30, 0xd, 0xf2, 0x0, 0x4, 0xfd, 0xaf,
    0x10, 0x1f, 0xc0, 0x0, 0x0, 0xfd, 0xaf, 0x10,
    0x2f, 0xa0, 0x0, 0x0, 0xdd, 0x9f, 0x20, 0x1f,
    0xc0, 0x0, 0x0, 0xfd, 0x8f, 0x30, 0xd, 0xf2,
    0x0, 0x4, 0xfd, 0x5f, 0x60, 0x7, 0xfd, 0x30,
    0x4e, 0xfd, 0x2f, 0xb0, 0x0, 0xbf, 0xff, 0xfd,
    0xed, 0xc, 0xf2, 0x0, 0x6, 0xbb, 0x80, 0x76,
    0x5, 0xfb, 0x0, 0x0, 0x0, 0x0, 0x0, 0x0,
    0xbf, 0x90, 0x0, 0x0, 0x0, 0x0, 0x0, 0x1c,
    0xfc, 0x40, 0x0, 0x1, 0x0, 0x0, 0x0, 0xaf,
    0xfe, 0xcc, 0xee, 0x0, 0x0, 0x0, 0x3, 0x8c,
    0xef, 0xea, 0x10,

    /* U+0041 "A" */
    0x0, 0x0, 0x5, 0xff, 0xc0, 0x0, 0x0, 0x0,
    0x0, 0x0, 0xaf, 0xff, 0x10, 0x0, 0x0, 0x0,
    0x0, 0xe, 0xf9, 0xf6, 0x0, 0x0, 0x0, 0x0,
    0x3, 0xfb, 0x4f, 0xb0, 0x0, 0x0, 0x0, 0x0,
    0x8f, 0x70, 0xff, 0x0, 0x0, 0x0, 0x0, 0xd,
    0xf3, 0xc, 0xf4, 0x0, 0x0, 0x0, 0x2, 0xfe,
    0x0, 0x7f, 0x90, 0x0, 0x0, 0x0, 0x7f, 0xa0,
    0x3, 0xfe, 0x0, 0x0, 0x0, 0xb, 0xf6, 0x0,
    0xf, 0xf2, 0x0, 0x0, 0x0, 0xff, 0x10, 0x0,
    0xbf, 0x70, 0x0, 0x0, 0x5f, 0xd0, 0x0, 0x6,
    0xfc, 0x0, 0x0, 0xa, 0xff, 0xff, 0xff, 0xff,
    0xf1, 0x0, 0x0, 0xef, 0xff, 0xff, 0xff, 0xff,
    0x60, 0x0, 0x3f, 0xf0, 0x0, 0x0, 0x9, 0xfa,
    0x0, 0x8, 0xfc, 0x0, 0x0, 0x0, 0x5f, 0xf0,
    0x0, 0xdf, 0x80, 0x0, 0x0, 0x1, 0xff, 0x40,
    0x1f, 0xf4, 0x0, 0x0, 0x0, 0xd, 0xf9, 0x6,
    0xff, 0x0, 0x0, 0x0, 0x0, 0x9f, 0xd0,

    /* U+0042 "B" */
    0xf, 0xff, 0xff, 0xfe, 0xb4, 0x0, 0x0, 0xff,
    0xff, 0xff, 0xff, 0xf9, 0x0, 0xf, 0xf5, 0x0,
    0x13, 0xaf, 0xf5, 0x0, 0xff, 0x50, 0x0, 0x0,
    0xdf, 0x90, 0xf, 0xf5, 0x0, 0x0, 0xb, 0xfa,
    0x0, 0xff, 0x50, 0x0, 0x0, 0xef, 0x80, 0xf,
    0xf5, 0x0, 0x2, 0xaf, 0xf2, 0x0, 0xff, 0xff,
    0xff, 0xff, 0xb3, 0x0, 0xf, 0xff, 0xff, 0xff,
    0xfc, 0x40, 0x0, 0xff, 0x50, 0x0, 0x28, 0xff,
    0x40, 0xf, 0xf5, 0x0, 0x0, 0x9, 0xfd, 0x0,
    0xff, 0x50, 0x0, 0x0, 0x3f, 0xf2, 0xf, 0xf5,
    0x0, 0x0, 0x1, 0xff, 0x40, 0xff, 0x50, 0x0,
    0x0, 0x2f, 0xf4, 0xf, 0xf5, 0x0, 0x0, 0x7,
    0xff, 0x10, 0xff, 0x50, 0x0, 0x27, 0xff, 0xb0,
    0xf, 0xff, 0xff, 0xff, 0xff, 0xd1, 0x0, 0xff,
    0xff, 0xff, 0xeb, 0x60, 0x0,

    /* U+0043 "C" */
    0x0, 0x0, 0x4a, 0xef, 0xec, 0x61, 0x0, 0x9,
    0xff, 0xff, 0xff, 0xf9, 0x0, 0x8f, 0xf9, 0x20,
    0x15, 0xc9, 0x3, 0xff, 0x70, 0x0, 0x0, 0x2,
    0xa, 0xfd, 0x0, 0x0, 0x0, 0x0, 0xf, 0xf8,
    0x0, 0x0, 0x0, 0x0, 0x2f, 0xf4, 0x0, 0x0,
    0x0, 0x0, 0x4f, 0xf2, 0x0, 0x0, 0x0, 0x0,
    0x5f, 0xf2, 0x0, 0x0, 0x0, 0x0, 0x5f, 0xf2,
    0x0, 0x0, 0x0, 0x0, 0x4f, 0xf2, 0x0, 0x0,
    0x0, 0x0, 0x2f, 0xf4, 0x0, 0x0, 0x0, 0x0,
    0xf, 0xf8, 0x0, 0x0, 0x0, 0x0, 0xa, 0xfd,
    0x0, 0x0, 0x0, 0x0, 0x3, 0xff, 0x70, 0x0,
    0x0, 0x2, 0x0, 0x9f, 0xf9, 0x20, 0x14, 0xb9,
    0x0, 0x9, 0xff, 0xff, 0xff, 0xf9, 0x0, 0x0,
    0x4a, 0xef, 0xec, 0x61,

    /* U+0044 "D" */
    0x6f, 0xff, 0xfe, 0xb7, 0x10, 0x0, 0x6f, 0xff,
    0xff, 0xff, 0xf4, 0x0, 0x6f, 0xf0, 0x2, 0x6d,
    0xff, 0x40, 0x6f, 0xf0, 0x0, 0x0, 0xcf, 0xd0,
    0x6f, 0xf0, 0x0, 0x0, 0x3f, 0xf4, 0x6f, 0xf0,
    0x0, 0x0, 0xe, 0xf9, 0x6f, 0xf0, 0x0, 0x0,
    0xb, 0xfc, 0x6f, 0xf0, 0x0, 0x0, 0x9, 0xfe,
    0x6f, 0xf0, 0x0, 0x0, 0x8, 0xff, 0x6f, 0xf0,
    0x0, 0x0, 0x8, 0xff, 0x6f, 0xf0, 0x0, 0x0,
    0x9, 0xfe, 0x6f, 0xf0, 0x0, 0x0, 0xb, 0xfc,
    0x6f, 0xf0, 0x0, 0x0, 0xe, 0xf9, 0x6f, 0xf0,
    0x0, 0x0, 0x3f, 0xf4, 0x6f, 0xf0, 0x0, 0x0,
    0xcf, 0xe0, 0x6f, 0xf0, 0x2, 0x6d, 0xff, 0x40,
    0x6f, 0xff, 0xff, 0xff, 0xf5, 0x0, 0x6f, 0xff,
    0xfe, 0xb7, 0x10, 0x0,

    /* U+0045 "E" */
    0xbf, 0xff, 0xff, 0xff, 0xff, 0xbb, 0xff, 0xff,
    0xff, 0xff, 0xfb, 0xbf, 0xb1, 0x11, 0x11, 0x11,
    0xb, 0xfa, 0x0, 0x0, 0x0, 0x0, 0xbf, 0xa0,
    0x0, 0x0, 0x0, 0xb, 0xfa, 0x0, 0x0, 0x0,
    0x0, 0xbf, 0xa0, 0x0, 0x0, 0x0, 0xb, 0xff,
    0xff, 0xff, 0xff, 0xf5, 0xbf, 0xff, 0xff, 0xff,
    0xff, 0x5b, 0xfb, 0x11, 0x11, 0x11, 0x10, 0xbf,
    0xa0, 0x0, 0x0, 0x0, 0xb, 0xfa, 0x0, 0x0,
    0x0, 0x0, 0xbf, 0xa0, 0x0, 0x0, 0x0, 0xb,
    0xfa, 0x0, 0x0, 0x0, 0x0, 0xbf, 0xa0, 0x0,
    0x0, 0x0, 0xb, 0xfb, 0x11, 0x11, 0x11, 0x11,
    0xbf, 0xff, 0xff, 0xff, 0xff, 0xeb, 0xff, 0xff,
    0xff, 0xff, 0xfe,

    /* U+0046 "F" */
    0x4f, 0xff, 0xff, 0xff, 0xff, 0xf0, 0x4f, 0xff,
    0xff, 0xff, 0xff, 0xf0, 0x4f, 0xf2, 0x11, 0x11,
    0x11, 0x10, 0x4f, 0xf1, 0x0, 0x0, 0x0, 0x0,
    0x4f, 0xf1, 0x0, 0x0, 0x0, 0x0, 0x4f, 0xf1,
    0x0, 0x0, 0x0, 0x0, 0x4f, 0xf1, 0x0, 0x0,
    0x0, 0x0, 0x4f, 0xff, 0xff, 0xff, 0xff, 0x40,
    0x4f, 0xff, 0xff, 0xff, 0xff, 0x40, 0x4f, 0xf2,
    0x11, 0x11, 0x11, 0x0, 0x4f, 0xf1, 0x0, 0x0,
    0x0, 0x0, 0x4f, 0xf1, 0x0, 0x0, 0x0, 0x0,
    0x4f, 0xf1, 0x0, 0x0, 0x0, 0x0, 0x4f, 0xf1,
    0x0, 0x0, 0x0, 0x0, 0x4f, 0xf1, 0x0, 0x0,
    0x0, 0x0, 0x4f, 0xf1, 0x0, 0x0, 0x0, 0x0,
    0x4f, 0xf1, 0x0, 0x0, 0x0, 0x0, 0x4f, 0xf1,
    0x0, 0x0, 0x0, 0x0,

    /* U+0047 "G" */
    0x0, 0x0, 0x7c, 0xef, 0xd9, 0x30, 0x0, 0x2d,
    0xff, 0xff, 0xff, 0xf4, 0x1, 0xef, 0xe5, 0x10,
    0x27, 0xe5, 0x9, 0xfe, 0x20, 0x0, 0x0, 0x2,
    0x1f, 0xf7, 0x0, 0x0, 0x0, 0x0, 0x6f, 0xf1,
    0x0, 0x0, 0x0, 0x0, 0x9f, 0xd0, 0x0, 0x0,
    0x0, 0x0, 0xbf, 0xb0, 0x0, 0x0, 0x0, 0x0,
    0xcf, 0xb0, 0x0, 0xd, 0xff, 0xff, 0xcf, 0xb0,
    0x0, 0xd, 0xff, 0xff, 0xbf, 0xb0, 0x0, 0x0,
    0x5, 0xff, 0x9f, 0xd0, 0x0, 0x0, 0x5, 0xff,
    0x6f, 0xf1, 0x0, 0x0, 0x5, 0xff, 0x1f, 0xf6,
    0x0, 0x0, 0x5, 0xff, 0xa, 0xfe, 0x10, 0x0,
    0x5, 0xff, 0x1, 0xef, 0xd5, 0x10, 0x3c, 0xff,
    0x0, 0x2e, 0xff, 0xff, 0xff, 0xf7, 0x0, 0x0,
    0x7c, 0xef, 0xd9, 0x20,

    /* U+0048 "H" */
    0x6f, 0xf0, 0x0, 0x0, 0x8, 0xfd, 0x6f, 0xf0,
    0x0, 0x0, 0x8, 0xfd, 0x6f, 0xf0, 0x0, 0x0,
    0x8, 0xfd, 0x6f, 0xf0, 0x0, 0x0, 0x8, 0xfd,
    0x6f, 0xf0, 0x0, 0x0, 0x8, 0xfd, 0x6f, 0xf0,
    0x0, 0x0, 0x8, 0xfd, 0x6f, 0xf0, 0x0, 0x0,
    0x8, 0xfd, 0x6f, 0xff, 0xff, 0xff, 0xff, 0xfd,
    0x6f, 0xff, 0xff, 0xff, 0xff, 0xfd, 0x6f, 0xf1,
    0x11, 0x11, 0x18, 0xfd, 0x6f, 0xf0, 0x0, 0x0,
    0x8, 0xfd, 0x6f, 0xf0, 0x0, 0x0, 0x8, 0xfd,
    0x6f, 0xf0, 0x0, 0x0, 0x8, 0xfd, 0x6f, 0xf0,
    0x0, 0x0, 0x8, 0xfd, 0x6f, 0xf0, 0x0, 0x0,
    0x8, 0xfd, 0x6f, 0xf0, 0x0, 0x0, 0x8, 0xfd,
    0x6f, 0xf0, 0x0, 0x0, 0x8, 0xfd, 0x6f, 0xf0,
    0x0, 0x0, 0x8, 0xfd,

    /* U+0049 "I" */
    0xaf, 0xff, 0xff, 0xff, 0xff, 0x1a, 0xff, 0xff,
    0xff, 0xff, 0xf1, 0x1, 0x11, 0xff, 0x71, 0x11,
    0x0, 0x0, 0xf, 0xf6, 0x0, 0x0, 0x0, 0x0,
    0xff, 0x60, 0x0, 0x0, 0x0, 0xf, 0xf6, 0x0,
    0x0, 0x0, 0x0, 0xff, 0x60, 0x0, 0x0, 0x0,
    0xf, 0xf6, 0x0, 0x0, 0x0, 0x0, 0xff, 0x60,
    0x0, 0x0, 0x0, 0xf, 0xf6, 0x0, 0x0, 0x0,
    0x0, 0xff, 0x60, 0x0, 0x0, 0x0, 0xf, 0xf6,
    0x0, 0x0, 0x0, 0x0, 0xff, 0x60, 0x0, 0x0,
    0x0, 0xf, 0xf6, 0x0, 0x0, 0x0, 0x0, 0xff,
    0x60, 0x0, 0x0, 0x11, 0x1f, 0xf7, 0x11, 0x10,
    0xaf, 0xff, 0xff, 0xff, 0xff, 0x1a, 0xff, 0xff,
    0xff, 0xff, 0xf1,

    /* U+004A "J" */
    0x0, 0xa, 0xff, 0xff, 0xff, 0x30, 0x0, 0xaf,
    0xff, 0xff, 0xf3, 0x0, 0x0, 0x11, 0x13, 0xff,
    0x30, 0x0, 0x0, 0x0, 0x2f, 0xf3, 0x0, 0x0,
    0x0, 0x2, 0xff, 0x30, 0x0, 0x0, 0x0, 0x2f,
    0xf3, 0x0, 0x0, 0x0, 0x2, 0xff, 0x30, 0x0,
    0x0, 0x0, 0x2f, 0xf3, 0x0, 0x0, 0x0, 0x2,
    0xff, 0x30, 0x0, 0x0, 0x0, 0x2f, 0xf3, 0x0,
    0x0, 0x0, 0x2, 0xff, 0x30, 0x0, 0x0, 0x0,
    0x2f, 0xf3, 0x0, 0x0, 0x0, 0x2, 0xff, 0x20,
    0x0, 0x0, 0x0, 0x4f, 0xf1, 0x71, 0x0, 0x0,
    0x8, 0xfe, 0xb, 0xe7, 0x20, 0x5, 0xff, 0x90,
    0xbf, 0xff, 0xff, 0xff, 0xe1, 0x0, 0x6b, 0xef,
    0xfd, 0x81, 0x0,

    /* U+004B "K" */
    0x6f, 0xf0, 0x0, 0x0, 0x2, 0xef, 0xa0, 0x6f,
    0xf0, 0x0, 0x0, 0x1e, 0xfb, 0x0, 0x6f, 0xf0,
    0x0, 0x1, 0xdf, 0xc0, 0x0, 0x6f, 0xf0, 0x0,
    0xc, 0xfd, 0x10, 0x0, 0x6f, 0xf0, 0x0, 0xcf,
    0xe1, 0x0, 0x0, 0x6f, 0xf0, 0xb, 0xfe, 0x20,
    0x0, 0x0, 0x6f, 0xf0, 0xaf, 0xf3, 0x0, 0x0,
    0x0, 0x6f, 0xf8, 0xff, 0x80, 0x0, 0x0, 0x0,
    0x6f, 0xff, 0xff, 0xf2, 0x0, 0x0, 0x0, 0x6f,
    0xff, 0x5d, 0xfb, 0x0, 0x0, 0x0, 0x6f, 0xf6,
    0x3, 0xff, 0x60, 0x0, 0x0, 0x6f, 0xf0, 0x0,
    0x9f, 0xf1, 0x0, 0x0, 0x6f, 0xf0, 0x0, 0x1e,
    0xfb, 0x0, 0x0, 0x6f, 0xf0, 0x0, 0x5, 0xff,
    0x60, 0x0, 0x6f, 0xf0, 0x0, 0x0, 0xbf, 0xf1,
    0x0, 0x6f, 0xf0, 0x0, 0x0, 0x2f, 0xfb, 0x0,
    0x6f, 0xf0, 0x0, 0x0, 0x7, 0xff, 0x50, 0x6f,
    0xf0, 0x0, 0x0, 0x0, 0xcf, 0xe1,

    /* U+004C "L" */
    0x7f, 0xe0, 0x0, 0x0, 0x0, 0x0, 0x7f, 0xe0,
    0x0, 0x0, 0x0, 0x0, 0x7f, 0xe0, 0x0, 0x0,
    0x0, 0x0, 0x7f, 0xe0, 0x0, 0x0, 0x0, 0x0,
    0x7f, 0xe0, 0x0, 0x0, 0x0, 0x0, 0x7f, 0xe0,
    0x0, 0x0, 0x0, 0x0, 0x7f, 0xe0, 0x0, 0x0,
    0x0, 0x0, 0x7f, 0xe0, 0x0, 0x0, 0x0, 0x0,
    0x7f, 0xe0, 0x0, 0x0, 0x0, 0x0, 0x7f, 0xe0,
    0x0, 0x0, 0x0, 0x0, 0x7f, 0xe0, 0x0, 0x0,
    0x0, 0x0, 0x7f, 0xe0, 0x0, 0x0, 0x0, 0x0,
    0x7f, 0xe0, 0x0, 0x0, 0x0, 0x0, 0x7f, 0xe0,
    0x0, 0x0, 0x0, 0x0, 0x7f, 0xe0, 0x0, 0x0,
    0x0, 0x0, 0x7f, 0xe1, 0x11, 0x11, 0x11, 0x10,
    0x7f, 0xff, 0xff, 0xff, 0xff, 0xf5, 0x7f, 0xff,
    0xff, 0xff, 0xff, 0xf5,

    /* U+004D "M" */
    0xff, 0xf5, 0x0, 0x0, 0xe, 0xff, 0x6f, 0xff,
    0xa0, 0x0, 0x4, 0xff, 0xf6, 0xff, 0xdf, 0x0,
    0x0, 0x9f, 0xdf, 0x6f, 0xf8, 0xf5, 0x0, 0xe,
    0xcc, 0xf6, 0xff, 0x3f, 0xa0, 0x3, 0xf7, 0xcf,
    0x6f, 0xf3, 0xbf, 0x0, 0x9f, 0x1c, 0xf6, 0xff,
    0x35, 0xf5, 0xe, 0xc0, 0xcf, 0x6f, 0xf3, 0xf,
    0xa3, 0xf7, 0xc, 0xf6, 0xff, 0x30, 0xbf, 0x9f,
    0x20, 0xcf, 0x6f, 0xf3, 0x6, 0xff, 0xc0, 0xc,
    0xf6, 0xff, 0x30, 0x1f, 0xf7, 0x0, 0xcf, 0x6f,
    0xf3, 0x0, 0x79, 0x10, 0xc, 0xf6, 0xff, 0x30,
    0x0, 0x0, 0x0, 0xcf, 0x6f, 0xf3, 0x0, 0x0,
    0x0, 0xc, 0xf6, 0xff, 0x30, 0x0, 0x0, 0x0,
    0xcf, 0x6f, 0xf3, 0x0, 0x0, 0x0, 0xc, 0xf6,
    0xff, 0x30, 0x0, 0x0, 0x0, 0xcf, 0x6f, 0xf3,
    0x0, 0x0, 0x0, 0xc, 0xf6,

    /* U+004E "N" */
    0x6f, 0xfd, 0x0, 0x0, 0x7, 0xfd, 0x6f, 0xff,
    0x30, 0x0, 0x7, 0xfd, 0x6f, 0xff, 0x90, 0x0,
    0x7, 0xfd, 0x6f, 0xfe, 0xf0, 0x0, 0x7, 0xfd,
    0x6f, 0xe8, 0xf6, 0x0, 0x7, 0xfd, 0x6f, 0xe2,
    0xfd, 0x0, 0x7, 0xfd, 0x6f, 0xe0, 0xcf, 0x30,
    0x7, 0xfd, 0x6f, 0xe0, 0x5f, 0x90, 0x7, 0xfd,
    0x6f, 0xe0, 0xe, 0xf0, 0x7, 0xfd, 0x6f, 0xe0,
    0x9, 0xf6, 0x7, 0xfd, 0x6f, 0xe0, 0x2, 0xfc,
    0x7, 0xfd, 0x6f, 0xe0, 0x0, 0xcf, 0x37, 0xfd,
    0x6f, 0xe0, 0x0, 0x5f, 0x97, 0xfd, 0x6f, 0xe0,
    0x0, 0xe, 0xf8, 0xfd, 0x6f, 0xe0, 0x0, 0x9,
    0xfd, 0xfd, 0x6f, 0xe0, 0x0, 0x2, 0xff, 0xfd,
    0x6f, 0xe0, 0x0, 0x0, 0xcf, 0xfd, 0x6f, 0xe0,
    0x0, 0x0, 0x5f, 0xfd,

    /* U+004F "O" */
    0x0, 0x5, 0xbe, 0xfd, 0x81, 0x0, 0x0, 0x8,
    0xff, 0xff, 0xff, 0xe1, 0x0, 0x4, 0xff, 0x91,
    0x4, 0xef, 0xb0, 0x0, 0xcf, 0xb0, 0x0, 0x4,
    0xff, 0x30, 0x1f, 0xf5, 0x0, 0x0, 0xe, 0xf8,
    0x5, 0xff, 0x10, 0x0, 0x0, 0xaf, 0xc0, 0x7f,
    0xf0, 0x0, 0x0, 0x8, 0xfe, 0x9, 0xfe, 0x0,
    0x0, 0x0, 0x7f, 0xf0, 0x9f, 0xd0, 0x0, 0x0,
    0x6, 0xff, 0x9, 0xfd, 0x0, 0x0, 0x0, 0x6f,
    0xf0, 0x9f, 0xe0, 0x0, 0x0, 0x6, 0xff, 0x7,
    0xff, 0x0, 0x0, 0x0, 0x8f, 0xe0, 0x5f, 0xf1,
    0x0, 0x0, 0xa, 0xfc, 0x1, 0xff, 0x50, 0x0,
    0x0, 0xdf, 0x80, 0xc, 0xfb, 0x0, 0x0, 0x4f,
    0xf3, 0x0, 0x5f, 0xf9, 0x10, 0x4e, 0xfc, 0x0,
    0x0, 0x9f, 0xff, 0xff, 0xfe, 0x10, 0x0, 0x0,
    0x5b, 0xef, 0xd8, 0x10, 0x0,

    /* U+0050 "P" */
    0xbf, 0xff, 0xff, 0xec, 0x60, 0x0, 0xbf, 0xff,
    0xff, 0xff, 0xfd, 0x10, 0xbf, 0xa0, 0x0, 0x3a,
    0xff, 0xa0, 0xbf, 0xa0, 0x0, 0x0, 0xaf, 0xf1,
    0xbf, 0xa0, 0x0, 0x0, 0x4f, 0xf4, 0xbf, 0xa0,
    0x0, 0x0, 0x2f, 0xf5, 0xbf, 0xa0, 0x0, 0x0,
    0x4f, 0xf4, 0xbf, 0xa0, 0x0, 0x0, 0xaf, 0xf1,
    0xbf, 0xa0, 0x0, 0x3a, 0xff, 0xa0, 0xbf, 0xff,
    0xff, 0xff, 0xfd, 0x10, 0xbf, 0xff, 0xff, 0xec,
    0x70, 0x0, 0xbf, 0xa0, 0x0, 0x0, 0x0, 0x0,
    0xbf, 0xa0, 0x0, 0x0, 0x0, 0x0, 0xbf, 0xa0,
    0x0, 0x0, 0x0, 0x0, 0xbf, 0xa0, 0x0, 0x0,
    0x0, 0x0, 0xbf, 0xa0, 0x0, 0x0, 0x0, 0x0,
    0xbf, 0xa0, 0x0, 0x0, 0x0, 0x0, 0xbf, 0xa0,
    0x0, 0x0, 0x0, 0x0,

    /* U+0051 "Q" */
    0x0, 0x5, 0xbe, 0xfd, 0x81, 0x0, 0x0, 0x8,
    0xff, 0xff, 0xff, 0xe1, 0x0, 0x4, 0xff, 0x91,
    0x4, 0xef, 0xb0, 0x0, 0xcf, 0xb0, 0x0, 0x4,
    0xff, 0x30, 0x1f, 0xf5, 0x0, 0x0, 0xe, 0xf8,
    0x5, 0xff, 0x10, 0x0, 0x0, 0xaf, 0xc0, 0x7f,
    0xf0, 0x0, 0x0, 0x8, 0xfe, 0x9, 0xfe, 0x0,
    0x0, 0x0, 0x7f, 0xf0, 0x9f, 0xd0, 0x0, 0x0,
    0x6, 0xff, 0x9, 0xfd, 0x0, 0x0, 0x0, 0x6f,
    0xf1, 0x9f, 0xe0, 0x0, 0x0, 0x6, 0xff, 0x7,
    0xff, 0x0, 0x0, 0x0, 0x8f, 0xe0, 0x5f, 0xf1,
    0x0, 0x0, 0xa, 0xfc, 0x1, 0xff, 0x50, 0x0,
    0x0, 0xdf, 0x90, 0xc, 0xfb, 0x0, 0x0, 0x4f,
    0xf4, 0x0, 0x5f, 0xf9, 0x10, 0x4e, 0xfc, 0x0,
    0x0, 0x9f, 0xff, 0xff, 0xfe, 0x20, 0x0, 0x0,
    0x5b, 0xef, 0xff, 0x20, 0x0, 0x0, 0x0, 0x0,
    0xc, 0xfd, 0x10, 0x0, 0x0, 0x0, 0x0, 0x1d,
    0xfd, 0x0, 0x0, 0x0, 0x0, 0x0, 0x1b, 0x30,
    0x0,

    /* U+0052 "R" */
    0x5f, 0xff, 0xff, 0xfc, 0x71, 0x0, 0x0, 0x5f,
    0xff, 0xff, 0xff, 0xfe, 0x20, 0x0, 0x5f, 0xf1,
    0x0, 0x27, 0xff, 0xd0, 0x0, 0x5f, 0xf1, 0x0,
    0x0, 0x6f, 0xf4, 0x0, 0x5f, 0xf1, 0x0, 0x0,
    0x1f, 0xf7, 0x0, 0x5f, 0xf1, 0x0, 0x0, 0xf,
    0xf7, 0x0, 0x5f, 0xf1, 0x0, 0x0, 0x5f, 0xf4,
    0x0, 0x5f, 0xf1, 0x0, 0x16, 0xef, 0xd0, 0x0,
    0x5f, 0xff, 0xff, 0xff, 0xfe, 0x30, 0x0, 0x5f,
    0xff, 0xff, 0xff, 0x80, 0x0, 0x0, 0x5f, 0xf1,
    0x1, 0x4d, 0xf7, 0x0, 0x0, 0x5f, 0xf1, 0x0,
    0x2, 0xff, 0x30, 0x0, 0x5f, 0xf1, 0x0, 0x0,
    0x8f, 0xc0, 0x0, 0x5f, 0xf1, 0x0, 0x0, 0x1f,
    0xf4, 0x0, 0x5f, 0xf1, 0x0, 0x0, 0x9, 0xfc,
    0x0, 0x5f, 0xf1, 0x0, 0x0, 0x2, 0xff, 0x30,
    0x5f, 0xf1, 0x0, 0x0, 0x0, 0xcf, 0xb0, 0x5f,
    0xf1, 0x0, 0x0, 0x0, 0x5f, 0xf3,

    /* U+0053 "S" */
    0x0, 0x6, 0xce, 0xfd, 0xb7, 0x20, 0x1, 0xcf,
    0xff, 0xff, 0xff, 0xd0, 0xa, 0xff, 0x72, 0x1,
    0x4a, 0xd0, 0x2f, 0xf4, 0x0, 0x0, 0x0, 0x10,
    0x5f, 0xf0, 0x0, 0x0, 0x0, 0x0, 0x5f, 0xf0,
    0x0, 0x0, 0x0, 0x0, 0x2f, 0xf8, 0x0, 0x0,
    0x0, 0x0, 0xa, 0xff, 0xd8, 0x40, 0x0, 0x0,
    0x0, 0x9f, 0xff, 0xff, 0xb4, 0x0, 0x0, 0x2,
    0x7b, 0xff, 0xff, 0x80, 0x0, 0x0, 0x0, 0x3,
    0xbf, 0xf4, 0x0, 0x0, 0x0, 0x0, 0xc, 0xfb,
    0x0, 0x0, 0x0, 0x0, 0x7, 0xfd, 0x0, 0x0,
    0x0, 0x0, 0x7, 0xfd, 0x14, 0x0, 0x0, 0x0,
    0xd, 0xfa, 0x2f, 0xc6, 0x20, 0x14, 0xcf, 0xf4,
    0x2f, 0xff, 0xff, 0xff, 0xff, 0x80, 0x2, 0x7c,
    0xef, 0xfd, 0xa3, 0x0,

    /* U+0054 "T" */
    0x7f, 0xff, 0xff, 0xff, 0xff, 0xff, 0xfe, 0x7f,
    0xff, 0xff, 0xff, 0xff, 0xff, 0xfe, 0x1, 0x11,
    0x11, 0xff, 0x71, 0x11, 0x11, 0x0, 0x0, 0x0,
    0xff, 0x60, 0x0, 0x0, 0x0, 0x0, 0x0, 0xff,
    0x60, 0x0, 0x0, 0x0, 0x0, 0x0, 0xff, 0x60,
    0x0, 0x0, 0x0, 0x0, 0x0, 0xff, 0x60, 0x0,
    0x0, 0x0, 0x0, 0x0, 0xff, 0x60, 0x0, 0x0,
    0x0, 0x0, 0x0, 0xff, 0x60, 0x0, 0x0, 0x0,
    0x0, 0x0, 0xff, 0x60, 0x0, 0x0, 0x0, 0x0,
    0x0, 0xff, 0x60, 0x0, 0x0, 0x0, 0x0, 0x0,
    0xff, 0x60, 0x0, 0x0, 0x0, 0x0, 0x0, 0xff,
    0x60, 0x0, 0x0, 0x0, 0x0, 0x0, 0xff, 0x60,
    0x0, 0x0, 0x0, 0x0, 0x0, 0xff, 0x60, 0x0,
    0x0, 0x0, 0x0, 0x0, 0xff, 0x60, 0x0, 0x0,
    0x0, 0x0, 0x0, 0xff, 0x60, 0x0, 0x0, 0x0,
    0x0, 0x0, 0xff, 0x60, 0x0, 0x0,

    /* U+0055 "U" */
    0x4f, 0xf1, 0x0, 0x0, 0xa, 0xfb, 0x4f, 0xf1,
    0x0, 0x0, 0xa, 0xfb, 0x4f, 0xf1, 0x0, 0x0,
    0xa, 0xfb, 0x4f, 0xf1, 0x0, 0x0, 0xa, 0xfb,
    0x4f, 0xf1, 0x0, 0x0, 0xa, 0xfb, 0x4f, 0xf1,
    0x0, 0x0, 0xa, 0xfb, 0x4f, 0xf1, 0x0, 0x0,
    0xa, 0xfb, 0x4f, 0xf1, 0x0, 0x0, 0xa, 0xfb,
    0x4f, 0xf1, 0x0, 0x0, 0xa, 0xfb, 0x4f, 0xf1,
    0x0, 0x0, 0xa, 0xfb, 0x4f, 0xf1, 0x0, 0x0,
    0xa, 0xfb, 0x4f, 0xf1, 0x0, 0x0, 0xa, 0xfb,
    0x3f, 0xf1, 0x0, 0x0, 0xa, 0xfa, 0x2f, 0xf2,
    0x0, 0x0, 0xb, 0xf9, 0xf, 0xf6, 0x0, 0x0,
    0xe, 0xf6, 0x9, 0xff, 0x61, 0x3, 0xcf, 0xf1,
    0x0, 0xcf, 0xff, 0xff, 0xff, 0x50, 0x0, 0x6,
    0xcf, 0xfe, 0x92, 0x0,

    /* U+0056 "V" */
    0x3f, 0xf3, 0x0, 0x0, 0x0, 0xc, 0xfa, 0xe,
    0xf8, 0x0, 0x0, 0x0, 0x1f, 0xf5, 0x9, 0xfc,
    0x0, 0x0, 0x0, 0x4f, 0xf1, 0x5, 0xff, 0x0,
    0x0, 0x0, 0x9f, 0xc0, 0x1, 0xff, 0x40, 0x0,
    0x0, 0xdf, 0x70, 0x0, 0xcf, 0x80, 0x0, 0x1,
    0xff, 0x30, 0x0, 0x7f, 0xc0, 0x0, 0x5, 0xfe,
    0x0, 0x0, 0x3f, 0xf0, 0x0, 0x9, 0xfa, 0x0,
    0x0, 0xe, 0xf4, 0x0, 0xd, 0xf5, 0x0, 0x0,
    0xa, 0xf8, 0x0, 0x1f, 0xf1, 0x0, 0x0, 0x5,
    0xfc, 0x0, 0x5f, 0xc0, 0x0, 0x0, 0x1, 0xff,
    0x0, 0x9f, 0x80, 0x0, 0x0, 0x0, 0xcf, 0x40,
    0xdf, 0x30, 0x0, 0x0, 0x0, 0x7f, 0x81, 0xfe,
    0x0, 0x0, 0x0, 0x0, 0x3f, 0xc5, 0xfa, 0x0,
    0x0, 0x0, 0x0, 0xe, 0xfa, 0xf5, 0x0, 0x0,
    0x0, 0x0, 0xa, 0xff, 0xf1, 0x0, 0x0, 0x0,
    0x0, 0x5, 0xff, 0xc0, 0x0, 0x0,

    /* U+0057 "W" */
    0xef, 0x50, 0x0, 0x0, 0x0, 0x0, 0xef, 0x6c,
    0xf7, 0x0, 0x0, 0x0, 0x0, 0xf, 0xf3, 0xaf,
    0x90, 0x0, 0x0, 0x0, 0x2, 0xff, 0x17, 0xfb,
    0x0, 0x0, 0x0, 0x0, 0x4f, 0xf0, 0x5f, 0xd0,
    0x1, 0xff, 0x80, 0x6, 0xfc, 0x3, 0xff, 0x0,
    0x4f, 0xfb, 0x0, 0x8f, 0xa0, 0xf, 0xf1, 0x8,
    0xff, 0xe0, 0x9, 0xf8, 0x0, 0xef, 0x20, 0xbf,
    0x9f, 0x20, 0xbf, 0x50, 0xc, 0xf4, 0xe, 0xc6,
    0xf5, 0xd, 0xf3, 0x0, 0xaf, 0x61, 0xf9, 0x2f,
    0x80, 0xff, 0x10, 0x7, 0xf8, 0x4f, 0x60, 0xfb,
    0x1f, 0xe0, 0x0, 0x5f, 0xa7, 0xf3, 0xc, 0xe3,
    0xfc, 0x0, 0x3, 0xfc, 0xaf, 0x0, 0x8f, 0x6f,
    0xa0, 0x0, 0xf, 0xed, 0xc0, 0x5, 0xfb, 0xf7,
    0x0, 0x0, 0xef, 0xf9, 0x0, 0x2f, 0xff, 0x50,
    0x0, 0xc, 0xff, 0x50, 0x0, 0xef, 0xf3, 0x0,
    0x0, 0x9f, 0xf2, 0x0, 0xb, 0xff, 0x0, 0x0,
    0x7, 0xff, 0x0, 0x0, 0x8f, 0xe0, 0x0,

    /* U+0058 "X" */
    0xb, 0xfd, 0x0, 0x0, 0x0, 0xe, 0xf8, 0x0,
    0x2f, 0xf6, 0x0, 0x0, 0x8, 0xfe, 0x0, 0x0,
    0x7f, 0xe0, 0x0, 0x2, 0xff, 0x40, 0x0, 0x0,
    0xdf, 0x80, 0x0, 0xbf, 0xb0, 0x0, 0x0, 0x4,
    0xff, 0x20, 0x4f, 0xf1, 0x0, 0x0, 0x0, 0xb,
    0xfa, 0xd, 0xf7, 0x0, 0x0, 0x0, 0x0, 0x2f,
    0xfa, 0xfd, 0x0, 0x0, 0x0, 0x0, 0x0, 0x8f,
    0xff, 0x30, 0x0, 0x0, 0x0, 0x0, 0x1, 0xff,
    0xc0, 0x0, 0x0, 0x0, 0x0, 0x0, 0x8f, 0xff,
    0x30, 0x0, 0x0, 0x0, 0x0, 0x2f, 0xfa, 0xfc,
    0x0, 0x0, 0x0, 0x0, 0xc, 0xfa, 0xe, 0xf6,
    0x0, 0x0, 0x0, 0x6, 0xff, 0x10, 0x5f, 0xe1,
    0x0, 0x0, 0x1, 0xef, 0x70, 0x0, 0xcf, 0x90,
    0x0, 0x0, 0xaf, 0xd0, 0x0, 0x4, 0xff, 0x20,
    0x0, 0x3f, 0xf4, 0x0, 0x0, 0xb, 0xfc, 0x0,
    0xd, 0xfa, 0x0, 0x0, 0x0, 0x2f, 0xf5, 0x7,
    0xff, 0x10, 0x0, 0x0, 0x0, 0x9f, 0xe0,

    /* U+0059 "Y" */
    0x4f, 0xf3, 0x0, 0x0, 0x0, 0xc, 0xfb, 0x0,
    0xbf, 0xc0, 0x0, 0x0, 0x5, 0xff, 0x20, 0x2,
    0xff, 0x40, 0x0, 0x0, 0xdf, 0x90, 0x0, 0x9,
    0xfd, 0x0, 0x0, 0x6f, 0xf1, 0x0, 0x0, 0x1f,
    0xf5, 0x0, 0xe, 0xf7, 0x0, 0x0, 0x0, 0x7f,
    0xe0, 0x7, 0xfd, 0x0, 0x0, 0x0, 0x0, 0xdf,
    0x71, 0xff, 0x50, 0x0, 0x0, 0x0, 0x5, 0xfe,
    0x9f, 0xc0, 0x0, 0x0, 0x0, 0x0, 0xc, 0xff,
    0xf3, 0x0, 0x0, 0x0, 0x0, 0x0, 0x3f, 0xfa,
    0x0, 0x0, 0x0, 0x0, 0x0, 0x0, 0xff, 0x60,
    0x0, 0x0, 0x0, 0x0, 0x0, 0xf, 0xf6, 0x0,
    0x0, 0x0, 0x0, 0x0, 0x0, 0xff, 0x60, 0x0,
    0x0, 0x0, 0x0, 0x0, 0xf, 0xf6, 0x0, 0x0,
    0x0, 0x0, 0x0, 0x0, 0xff, 0x60, 0x0, 0x0,
    0x0, 0x0, 0x0, 0xf, 0xf6, 0x0, 0x0, 0x0,
    0x0, 0x0, 0x0, 0xff, 0x60, 0x0, 0x0, 0x0,
    0x0, 0x0, 0xf, 0xf6, 0x0, 0x0, 0x0,

    /* U+005A "Z" */
    0xe, 0xff, 0xff, 0xff, 0xff, 0xff, 0x70, 0xef,
    0xff, 0xff, 0xff, 0xff, 0xf6, 0x1, 0x11, 0x11,
    0x11, 0x19, 0xfe, 0x10, 0x0, 0x0, 0x0, 0x3,
    0xff, 0x60, 0x0, 0x0, 0x0, 0x0, 0xcf, 0xb0,
    0x0, 0x0, 0x0, 0x0, 0x7f, 0xf1, 0x0, 0x0,
    0x0, 0x0, 0x1f, 0xf6, 0x0, 0x0, 0x0, 0x0,
    0xb, 0xfc, 0x0, 0x0, 0x0, 0x0, 0x5, 0xff,
    0x20, 0x0, 0x0, 0x0, 0x1, 0xef, 0x70, 0x0,
    0x0, 0x0, 0x0, 0x9f, 0xc0, 0x0, 0x0, 0x0,
    0x0, 0x3f, 0xf3, 0x0, 0x0, 0x0, 0x0, 0xd,
    0xf8, 0x0, 0x0, 0x0, 0x0, 0x8, 0xfd, 0x0,
    0x0, 0x0, 0x0, 0x2, 0xff, 0x30, 0x0, 0x0,
    0x0, 0x0, 0xcf, 0xa1, 0x11, 0x11, 0x11, 0x10,
    0x2f, 0xff, 0xff, 0xff, 0xff, 0xff, 0xb2, 0xff,
    0xff, 0xff, 0xff, 0xff, 0xfb,

    /* U+005B "[" */
    0x9f, 0xff, 0xf6, 0x9f, 0xec, 0xc4, 0x9f, 0x90,
    0x0, 0x9f, 0x90, 0x0, 0x9f, 0x90, 0x0, 0x9f,
    0x90, 0x0, 0x9f, 0x90, 0x0, 0x9f, 0x90, 0x0,
    0x9f, 0x90, 0x0, 0x9f, 0x90, 0x0, 0x9f, 0x90,
    0x0, 0x9f, 0x90, 0x0, 0x9f, 0x90, 0x0, 0x9f,
    0x90, 0x0, 0x9f, 0x90, 0x0, 0x9f, 0x90, 0x0,
    0x9f, 0x90, 0x0, 0x9f, 0x90, 0x0, 0x9f, 0x90,
    0x0, 0x9f, 0x90, 0x0, 0x9f, 0xec, 0xc4, 0x9f,
    0xff, 0xf6,

    /* U+005C "\\" */
    0x9f, 0xa0, 0x0, 0x0, 0x0, 0x0, 0x2f, 0xf1,
    0x0, 0x0, 0x0, 0x0, 0xa, 0xf8, 0x0, 0x0,
    0x0, 0x0, 0x3, 0xff, 0x0, 0x0, 0x0, 0x0,
    0x0, 0xcf, 0x70, 0x0, 0x0, 0x0, 0x0, 0x5f,
    0xe0, 0x0, 0x0, 0x0, 0x0, 0xd, 0xf5, 0x0,
    0x0, 0x0, 0x0, 0x6, 0xfc, 0x0, 0x0, 0x0,
    0x0, 0x0, 0xef, 0x40, 0x0, 0x0, 0x0, 0x0,
    0x8f, 0xb0, 0x0, 0x0, 0x0, 0x0, 0x1f, 0xf2,
    0x0, 0x0, 0x0, 0x0, 0xa, 0xf9, 0x0, 0x0,
    0x0, 0x0, 0x2, 0xff, 0x10, 0x0, 0x0, 0x0,
    0x0, 0xbf, 0x70, 0x0, 0x0, 0x0, 0x0, 0x4f,
    0xe0, 0x0, 0x0, 0x0, 0x0, 0xd, 0xf6, 0x0,
    0x0, 0x0, 0x0, 0x6, 0xfd, 0x0, 0x0, 0x0,
    0x0, 0x0, 0xef, 0x40, 0x0, 0x0, 0x0, 0x0,
    0x7f, 0xb0, 0x0, 0x0, 0x0, 0x0, 0x1f, 0xf3,
    0x0, 0x0, 0x0, 0x0, 0x5, 0x84,

    /* U+005D "]" */
    0xff, 0xff, 0xf0, 0xbc, 0xcf, 0xf0, 0x0, 0x2f,
    0xf0, 0x0, 0x2f, 0xf0, 0x0, 0x2f, 0xf0, 0x0,
    0x2f, 0xf0, 0x0, 0x2f, 0xf0, 0x0, 0x2f, 0xf0,
    0x0, 0x2f, 0xf0, 0x0, 0x2f, 0xf0, 0x0, 0x2f,
    0xf0, 0x0, 0x2f, 0xf0, 0x0, 0x2f, 0xf0, 0x0,
    0x2f, 0xf0, 0x0, 0x2f, 0xf0, 0x0, 0x2f, 0xf0,
    0x0, 0x2f, 0xf0, 0x0, 0x2f, 0xf0, 0x0, 0x2f,
    0xf0, 0x0, 0x2f, 0xf0, 0xbc, 0xcf, 0xf0, 0xff,
    0xff, 0xf0,

    /* U+005E "^" */
    0x0, 0x0, 0x3, 0xff, 0xa0, 0x0, 0x0, 0x0,
    0x0, 0x1e, 0xff, 0xf6, 0x0, 0x0, 0x0, 0x0,
    0xbf, 0xc6, 0xff, 0x30, 0x0, 0x0, 0x7, 0xfd,
    0x10, 0x8f, 0xd1, 0x0, 0x0, 0x4f, 0xe2, 0x0,
    0xa, 0xfb, 0x0, 0x1, 0xef, 0x40, 0x0, 0x0,
    0xcf, 0x70, 0xc, 0xf5, 0x0, 0x0, 0x0, 0x1d,
    0xf3,

    /* U+005F "_" */
    0xff, 0xff, 0xff, 0xff, 0xff, 0xff, 0xff, 0x70,

    /* U+0060 "`" */
    0x48, 0x60, 0x0, 0xd, 0xf5, 0x0, 0x2, 0xee,
    0x10, 0x0, 0x3f, 0xc0, 0x0, 0x5, 0xf8,

    /* U+0061 "a" */
    0x0, 0x5a, 0xdf, 0xfd, 0x81, 0x0, 0x7, 0xff,
    0xff, 0xff, 0xfe, 0x20, 0x7, 0xa4, 0x0, 0x2,
    0xbf, 0xd0, 0x0, 0x0, 0x0, 0x0, 0xf, 0xf3,
    0x0, 0x0, 0x0, 0x0, 0xc, 0xf5, 0x0, 0x29,
    0xdf, 0xff, 0xff, 0xf6, 0x4, 0xff, 0xfd, 0xcc,
    0xcf, 0xf6, 0xe, 0xfa, 0x10, 0x0, 0xc, 0xf6,
    0x4f, 0xe0, 0x0, 0x0, 0xd, 0xf6, 0x6f, 0xc0,
    0x0, 0x0, 0x1f, 0xf6, 0x5f, 0xe0, 0x0, 0x0,
    0x9f, 0xf6, 0x1f, 0xf9, 0x0, 0x18, 0xff, 0xf6,
    0x8, 0xff, 0xfe, 0xff, 0x8c, 0xf6, 0x0, 0x5c,
    0xff, 0xc5, 0xc, 0xf6,

    /* U+0062 "b" */
    0xbf, 0x60, 0x0, 0x0, 0x0, 0x0, 0xbf, 0x60,
    0x0, 0x0, 0x0, 0x0, 0xbf, 0x60, 0x0, 0x0,
    0x0, 0x0, 0xbf, 0x60, 0x0, 0x0, 0x0, 0x0,
    0xbf, 0x60, 0x0, 0x0, 0x0, 0x0, 0xbf, 0x63,
    0xbf, 0xfb, 0x30, 0x0, 0xbf, 0x9f, 0xfe, 0xff,
    0xf5, 0x0, 0xbf, 0xfc, 0x20, 0x1a, 0xff, 0x10,
    0xbf, 0xf1, 0x0, 0x0, 0xdf, 0x70, 0xbf, 0xb0,
    0x0, 0x0, 0x8f, 0xc0, 0xbf, 0x80, 0x0, 0x0,
    0x5f, 0xf0, 0xbf, 0x70, 0x0, 0x0, 0x4f, 0xf0,
    0xbf, 0x70, 0x0, 0x0, 0x4f, 0xf0, 0xbf, 0x80,
    0x0, 0x0, 0x5f, 0xe0, 0xbf, 0xb0, 0x0, 0x0,
    0x8f, 0xc0, 0xbf, 0xf1, 0x0, 0x0, 0xdf, 0x70,
    0xbf, 0xfc, 0x20, 0x1a, 0xff, 0x10, 0xbf, 0x9f,
    0xfe, 0xff, 0xf5, 0x0, 0xbf, 0x63, 0xbf, 0xfb,
    0x30, 0x0,

    /* U+0063 "c" */
    0x0, 0x3, 0xae, 0xff, 0xb6, 0x0, 0x9, 0xff,
    0xfe, 0xff, 0xf6, 0x7, 0xff, 0x81, 0x0, 0x3a,
    0x71, 0xff, 0x70, 0x0, 0x0, 0x1, 0x6f, 0xe0,
    0x0, 0x0, 0x0, 0x9, 0xfb, 0x0, 0x0, 0x0,
    0x0, 0xaf, 0x90, 0x0, 0x0, 0x0, 0xb, 0xf9,
    0x0, 0x0, 0x0, 0x0, 0x9f, 0xb0, 0x0, 0x0,
    0x0, 0x6, 0xfe, 0x0, 0x0, 0x0, 0x0, 0x1f,
    0xf7, 0x0, 0x0, 0x0, 0x10, 0x7f, 0xf8, 0x10,
    0x2, 0xa6, 0x0, 0x9f, 0xff, 0xef, 0xff, 0x60,
    0x0, 0x3a, 0xef, 0xec, 0x60,

    /* U+0064 "d" */
    0x0, 0x0, 0x0, 0x0, 0xf, 0xf3, 0x0, 0x0,
    0x0, 0x0, 0xf, 0xf3, 0x0, 0x0, 0x0, 0x0,
    0xf, 0xf3, 0x0, 0x0, 0x0, 0x0, 0xf, 0xf3,
    0x0, 0x0, 0x0, 0x0, 0xf, 0xf3, 0x0, 0x8,
    0xdf, 0xd7, 0xf, 0xf3, 0x0, 0xcf, 0xff, 0xff,
    0xaf, 0xf3, 0x9, 0xfe, 0x40, 0x7, 0xff, 0xf3,
    0xf, 0xf5, 0x0, 0x0, 0x9f, 0xf3, 0x4f, 0xf0,
    0x0, 0x0, 0x3f, 0xf3, 0x7f, 0xd0, 0x0, 0x0,
    0xf, 0xf3, 0x8f, 0xb0, 0x0, 0x0, 0xf, 0xf3,
    0x8f, 0xb0, 0x0, 0x0, 0xf, 0xf3, 0x7f, 0xd0,
    0x0, 0x0, 0xf, 0xf3, 0x4f, 0xf0, 0x0, 0x0,
    0x3f, 0xf3, 0xf, 0xf5, 0x0, 0x0, 0xaf, 0xf3,
    0x9, 0xfe, 0x40, 0x7, 0xff, 0xf3, 0x0, 0xcf,
    0xff, 0xff, 0xaf, 0xf3, 0x0, 0x8, 0xdf, 0xd7,
    0xf, 0xf3,

    /* U+0065 "e" */
    0x0, 0x3, 0xae, 0xfe, 0xb3, 0x0, 0x0, 0x6,
    0xff, 0xff, 0xff, 0xf6, 0x0, 0x4, 0xff, 0x71,
    0x0, 0x7f, 0xf3, 0x0, 0xdf, 0x70, 0x0, 0x0,
    0x9f, 0xa0, 0x3f, 0xf0, 0x0, 0x0, 0x4, 0xfe,
    0x7, 0xff, 0xcc, 0xcc, 0xcc, 0xcf, 0xf0, 0x8f,
    0xff, 0xff, 0xff, 0xff, 0xff, 0x8, 0xfb, 0x0,
    0x0, 0x0, 0x0, 0x0, 0x7f, 0xd0, 0x0, 0x0,
    0x0, 0x0, 0x3, 0xff, 0x10, 0x0, 0x0, 0x0,
    0x0, 0xd, 0xfa, 0x0, 0x0, 0x0, 0x2, 0x0,
    0x5f, 0xfa, 0x20, 0x1, 0x6d, 0x80, 0x0, 0x6f,
    0xff, 0xff, 0xff, 0xf8, 0x0, 0x0, 0x29, 0xdf,
    0xfd, 0xa5, 0x0,

    /* U+0066 "f" */
    0x0, 0x0, 0x7, 0xdf, 0xff, 0x70, 0x0, 0x9,
    0xff, 0xee, 0xe6, 0x0, 0x0, 0xff, 0x50, 0x0,
    0x0, 0x0, 0x2f, 0xf0, 0x0, 0x0, 0x0, 0x3,
    0xff, 0x0, 0x0, 0xb, 0xff, 0xff, 0xff, 0xff,
    0xf7, 0x8c, 0xcc, 0xff, 0xcc, 0xcc, 0x50, 0x0,
    0x3f, 0xf0, 0x0, 0x0, 0x0, 0x3, 0xff, 0x0,
    0x0, 0x0, 0x0, 0x3f, 0xf0, 0x0, 0x0, 0x0,
    0x3, 0xff, 0x0, 0x0, 0x0, 0x0, 0x3f, 0xf0,
    0x0, 0x0, 0x0, 0x3, 0xff, 0x0, 0x0, 0x0,
    0x0, 0x3f, 0xf0, 0x0, 0x0, 0x0, 0x3, 0xff,
    0x0, 0x0, 0x0, 0x0, 0x3f, 0xf0, 0x0, 0x0,
    0x0, 0x3, 0xff, 0x0, 0x0, 0x0, 0x0, 0x3f,
    0xf0, 0x0, 0x0, 0x0, 0x3, 0xff, 0x0, 0x0,
    0x0,

    /* U+0067 "g" */
    0x0, 0x8, 0xdf, 0xd7, 0xf, 0xf3, 0x0, 0xcf,
    0xff, 0xff, 0x9f, 0xf3, 0x8, 0xff, 0x40, 0x6,
    0xff, 0xf3, 0xf, 0xf6, 0x0, 0x0, 0x9f, 0xf3,
    0x4f, 0xf0, 0x0, 0x0, 0x3f, 0xf3, 0x7f, 0xd0,
    0x0, 0x0, 0xf, 0xf3, 0x8f, 0xb0, 0x0, 0x0,
    0xf, 0xf3, 0x8f, 0xb0, 0x0, 0x0, 0xf, 0xf3,
    0x7f, 0xd0, 0x0, 0x0, 0xf, 0xf3, 0x4f, 0xf0,
    0x0, 0x0, 0x3f, 0xf3, 0xf, 0xf6, 0x0, 0x0,
    0x9f, 0xf3, 0x8, 0xff, 0x40, 0x5, 0xff, 0xf3,
    0x0, 0xcf, 0xfe, 0xef, 0x9f, 0xf3, 0x0, 0x8,
    0xef, 0xd7, 0xf, 0xf2, 0x0, 0x0, 0x0, 0x0,
    0xf, 0xf1, 0x0, 0x0, 0x0, 0x0, 0x5f, 0xd0,
    0x1, 0x93, 0x0, 0x3, 0xef, 0x60, 0x1, 0xff,
    0xfd, 0xef, 0xfa, 0x0, 0x0, 0x7b, 0xef, 0xfc,
    0x60, 0x0,

    /* U+0068 "h" */
    0xbf, 0x70, 0x0, 0x0, 0x0, 0xb, 0xf7, 0x0,
    0x0, 0x0, 0x0, 0xbf, 0x70, 0x0, 0x0, 0x0,
    0xb, 0xf7, 0x0, 0x0, 0x0, 0x0, 0xbf, 0x70,
    0x0, 0x0, 0x0, 0xb, 0xf7, 0x19, 0xef, 0xd6,
    0x0, 0xbf, 0x8e, 0xff, 0xff, 0xf5, 0xb, 0xff,
    0xc2, 0x2, 0xcf, 0xd0, 0xbf, 0xf1, 0x0, 0x2,
    0xff, 0x2b, 0xfa, 0x0, 0x0, 0xf, 0xf4, 0xbf,
    0x80, 0x0, 0x0, 0xdf, 0x4b, 0xf7, 0x0, 0x0,
    0xd, 0xf5, 0xbf, 0x70, 0x0, 0x0, 0xdf, 0x5b,
    0xf7, 0x0, 0x0, 0xd, 0xf5, 0xbf, 0x70, 0x0,
    0x0, 0xdf, 0x5b, 0xf7, 0x0, 0x0, 0xd, 0xf5,
    0xbf, 0x70, 0x0, 0x0, 0xdf, 0x5b, 0xf7, 0x0,
    0x0, 0xd, 0xf5, 0xbf, 0x70, 0x0, 0x0, 0xdf,
    0x50,

    /* U+0069 "i" */
    0x0, 0x0, 0xaf, 0x80, 0x0, 0x0, 0x0, 0xa,
    0xf8, 0x0, 0x0, 0x0, 0x0, 0x8d, 0x60, 0x0,
    0x0, 0x0, 0x0, 0x0, 0x0, 0x0, 0x0, 0x0,
    0x0, 0x0, 0x0, 0x0, 0xff, 0xff, 0xf8, 0x0,
    0x0, 0xc, 0xcc, 0xef, 0x80, 0x0, 0x0, 0x0,
    0xa, 0xf8, 0x0, 0x0, 0x0, 0x0, 0xaf, 0x80,
    0x0, 0x0, 0x0, 0xa, 0xf8, 0x0, 0x0, 0x0,
    0x0, 0xaf, 0x80, 0x0, 0x0, 0x0, 0xa, 0xf8,
    0x0, 0x0, 0x0, 0x0, 0xaf, 0x80, 0x0, 0x0,
    0x0, 0xa, 0xf8, 0x0, 0x0, 0x0, 0x0, 0xaf,
    0x80, 0x0, 0x0, 0x0, 0xa, 0xf8, 0x0, 0x0,
    0x0, 0x0, 0xaf, 0x80, 0x0, 0xa, 0xcc, 0xce,
    0xfe, 0xcc, 0xc9, 0xef, 0xff, 0xff, 0xff, 0xff,
    0xc0,

    /* U+006A "j" */
    0x0, 0x0, 0xf, 0xf3, 0x0, 0x0, 0xf, 0xf3,
    0x0, 0x0, 0xd, 0xd2, 0x0, 0x0, 0x0, 0x0,
    0x0, 0x0, 0x0, 0x0, 0xb, 0xff, 0xff, 0xf3,
    0x8, 0xcc, 0xcf, 0xf3, 0x0, 0x0, 0xf, 0xf3,
    0x0, 0x0, 0xf, 0xf3, 0x0, 0x0, 0xf, 0xf3,
    0x0, 0x0, 0xf, 0xf3, 0x0, 0x0, 0xf, 0xf3,
    0x0, 0x0, 0xf, 0xf3, 0x0, 0x0, 0xf, 0xf3,
    0x0, 0x0, 0xf, 0xf3, 0x0, 0x0, 0xf, 0xf3,
    0x0, 0x0, 0xf, 0xf3, 0x0, 0x0, 0xf, 0xf3,
    0x0, 0x0, 0xf, 0xf3, 0x0, 0x0, 0xf, 0xf2,
    0x0, 0x0, 0x2f, 0xf0, 0x0, 0x0, 0xbf, 0xc0,
    0xbe, 0xef, 0xff, 0x40, 0xdf, 0xff, 0xc4, 0x0,

    /* U+006B "k" */
    0x3f, 0xf0, 0x0, 0x0, 0x0, 0x0, 0x3, 0xff,
    0x0, 0x0, 0x0, 0x0, 0x0, 0x3f, 0xf0, 0x0,
    0x0, 0x0, 0x0, 0x3, 0xff, 0x0, 0x0, 0x0,
    0x0, 0x0, 0x3f, 0xf0, 0x0, 0x0, 0x0, 0x0,
    0x3, 0xff, 0x0, 0x0, 0xc, 0xfc, 0x0, 0x3f,
    0xf0, 0x0, 0xc, 0xfc, 0x0, 0x3, 0xff, 0x0,
    0xb, 0xfc, 0x0, 0x0, 0x3f, 0xf0, 0xb, 0xfc,
    0x0, 0x0, 0x3, 0xff, 0xb, 0xfc, 0x10, 0x0,
    0x0, 0x3f, 0xfa, 0xff, 0x50, 0x0, 0x0, 0x3,
    0xff, 0xff, 0xfe, 0x0, 0x0, 0x0, 0x3f, 0xfc,
    0x1d, 0xfa, 0x0, 0x0, 0x3, 0xff, 0x10, 0x4f,
    0xf5, 0x0, 0x0, 0x3f, 0xf0, 0x0, 0x9f, 0xe1,
    0x0, 0x3, 0xff, 0x0, 0x0, 0xdf, 0xb0, 0x0,
    0x3f, 0xf0, 0x0, 0x3, 0xff, 0x60, 0x3, 0xff,
    0x0, 0x0, 0x8, 0xff, 0x10, 0x3f, 0xf0, 0x0,
    0x0, 0xd, 0xfb, 0x0,

    /* U+006C "l" */
    0x2f, 0xff, 0xff, 0x70, 0x0, 0x0, 0x1c, 0xcc,
    0xef, 0x70, 0x0, 0x0, 0x0, 0x0, 0xaf, 0x70,
    0x0, 0x0, 0x0, 0x0, 0xaf, 0x70, 0x0, 0x0,
    0x0, 0x0, 0xaf, 0x70, 0x0, 0x0, 0x0, 0x0,
    0xaf, 0x70, 0x0, 0x0, 0x0, 0x0, 0xaf, 0x70,
    0x0, 0x0, 0x0, 0x0, 0xaf, 0x70, 0x0, 0x0,
    0x0, 0x0, 0xaf, 0x70, 0x0, 0x0, 0x0, 0x0,
    0xaf, 0x70, 0x0, 0x0, 0x0, 0x0, 0xaf, 0x70,
    0x0, 0x0, 0x0, 0x0, 0xaf, 0x70, 0x0, 0x0,
    0x0, 0x0, 0xaf, 0x70, 0x0, 0x0, 0x0, 0x0,
    0xaf, 0x70, 0x0, 0x0, 0x0, 0x0, 0xaf, 0x80,
    0x0, 0x0, 0x0, 0x0, 0x8f, 0xa0, 0x0, 0x0,
    0x0, 0x0, 0x4f, 0xf4, 0x0, 0x0, 0x0, 0x0,
    0xb, 0xff, 0xfe, 0xe1, 0x0, 0x0, 0x0, 0x9e,
    0xff, 0xf2,

    /* U+006D "m" */
    0xbf, 0x5c, 0xfc, 0x23, 0xdf, 0xc2, 0xb, 0xfe,
    0xff, 0xfd, 0xef, 0xff, 0xb0, 0xbf, 0xb0, 0x2f,
    0xfb, 0x2, 0xff, 0xb, 0xf5, 0x0, 0xdf, 0x60,
    0xc, 0xf2, 0xbf, 0x40, 0xb, 0xf4, 0x0, 0xbf,
    0x3b, 0xf3, 0x0, 0xbf, 0x40, 0xa, 0xf4, 0xbf,
    0x30, 0xb, 0xf4, 0x0, 0xaf, 0x4b, 0xf3, 0x0,
    0xbf, 0x40, 0xa, 0xf4, 0xbf, 0x30, 0xb, 0xf4,
    0x0, 0xaf, 0x4b, 0xf3, 0x0, 0xbf, 0x40, 0xa,
    0xf4, 0xbf, 0x30, 0xb, 0xf4, 0x0, 0xaf, 0x4b,
    0xf3, 0x0, 0xbf, 0x40, 0xa, 0xf4, 0xbf, 0x30,
    0xb, 0xf4, 0x0, 0xaf, 0x4b, 0xf3, 0x0, 0xbf,
    0x40, 0xa, 0xf4,

    /* U+006E "n" */
    0xbf, 0x71, 0x9e, 0xfd, 0x60, 0xb, 0xf8, 0xef,
    0xff, 0xff, 0x50, 0xbf, 0xfc, 0x20, 0x2c, 0xfd,
    0xb, 0xff, 0x10, 0x0, 0x2f, 0xf2, 0xbf, 0xa0,
    0x0, 0x0, 0xff, 0x4b, 0xf8, 0x0, 0x0, 0xd,
    0xf4, 0xbf, 0x70, 0x0, 0x0, 0xdf, 0x5b, 0xf7,
    0x0, 0x0, 0xd, 0xf5, 0xbf, 0x70, 0x0, 0x0,
    0xdf, 0x5b, 0xf7, 0x0, 0x0, 0xd, 0xf5, 0xbf,
    0x70, 0x0, 0x0, 0xdf, 0x5b, 0xf7, 0x0, 0x0,
    0xd, 0xf5, 0xbf, 0x70, 0x0, 0x0, 0xdf, 0x5b,
    0xf7, 0x0, 0x0, 0xd, 0xf5,

    /* U+006F "o" */
    0x0, 0x5, 0xce, 0xfd, 0x91, 0x0, 0x0, 0xaf,
    0xff, 0xff, 0xfe, 0x20, 0x6, 0xff, 0x70, 0x2,
    0xdf, 0xd0, 0xd, 0xf9, 0x0, 0x0, 0x2f, 0xf4,
    0x2f, 0xf3, 0x0, 0x0, 0xb, 0xf9, 0x4f, 0xf0,
    0x0, 0x0, 0x8, 0xfb, 0x5f, 0xe0, 0x0, 0x0,
    0x7, 0xfd, 0x5f, 0xe0, 0x0, 0x0, 0x7, 0xfd,
    0x4f, 0xf0, 0x0, 0x0, 0x8, 0xfb, 0x2f, 0xf3,
    0x0, 0x0, 0xb, 0xf9, 0xd, 0xf9, 0x0, 0x0,
    0x2f, 0xf4, 0x6, 0xff, 0x60, 0x2, 0xdf, 0xd0,
    0x0, 0xaf, 0xff, 0xff, 0xfe, 0x20, 0x0, 0x5,
    0xcf, 0xfd, 0x91, 0x0,

    /* U+0070 "p" */
    0xcf, 0x63, 0xbf, 0xeb, 0x30, 0xc, 0xf9, 0xff,
    0xef, 0xff, 0x40, 0xcf, 0xfc, 0x20, 0x1a, 0xfe,
    0x1c, 0xff, 0x10, 0x0, 0xe, 0xf6, 0xcf, 0xa0,
    0x0, 0x0, 0x9f, 0xbc, 0xf7, 0x0, 0x0, 0x6,
    0xfe, 0xcf, 0x60, 0x0, 0x0, 0x4f, 0xfc, 0xf6,
    0x0, 0x0, 0x4, 0xff, 0xcf, 0x70, 0x0, 0x0,
    0x6f, 0xec, 0xfa, 0x0, 0x0, 0x9, 0xfb, 0xcf,
    0xf1, 0x0, 0x0, 0xef, 0x7c, 0xff, 0xc2, 0x1,
    0xaf, 0xe1, 0xcf, 0x9f, 0xfe, 0xff, 0xf5, 0xc,
    0xf6, 0x3b, 0xff, 0xb3, 0x0, 0xcf, 0x60, 0x0,
    0x0, 0x0, 0xc, 0xf6, 0x0, 0x0, 0x0, 0x0,
    0xcf, 0x60, 0x0, 0x0, 0x0, 0xc, 0xf6, 0x0,
    0x0, 0x0, 0x0, 0xcf, 0x60, 0x0, 0x0, 0x0,
    0x0,

    /* U+0071 "q" */
    0x0, 0x7, 0xdf, 0xe8, 0xc, 0xf5, 0x0, 0xaf,
    0xff, 0xff, 0xcc, 0xf5, 0x6, 0xff, 0x50, 0x5,
    0xff, 0xf5, 0xd, 0xf8, 0x0, 0x0, 0x7f, 0xf5,
    0x2f, 0xf2, 0x0, 0x0, 0x1f, 0xf5, 0x4f, 0xf0,
    0x0, 0x0, 0xe, 0xf5, 0x5f, 0xe0, 0x0, 0x0,
    0xd, 0xf5, 0x5f, 0xe0, 0x0, 0x0, 0xd, 0xf5,
    0x4f, 0xf0, 0x0, 0x0, 0xe, 0xf5, 0x2f, 0xf2,
    0x0, 0x0, 0x1f, 0xf5, 0xd, 0xf8, 0x0, 0x0,
    0x7f, 0xf5, 0x6, 0xff, 0x50, 0x5, 0xff, 0xf5,
    0x0, 0xbf, 0xff, 0xff, 0xcc, 0xf5, 0x0, 0x7,
    0xdf, 0xe9, 0xc, 0xf5, 0x0, 0x0, 0x0, 0x0,
    0xc, 0xf5, 0x0, 0x0, 0x0, 0x0, 0xc, 0xf5,
    0x0, 0x0, 0x0, 0x0, 0xc, 0xf5, 0x0, 0x0,
    0x0, 0x0, 0xc, 0xf5, 0x0, 0x0, 0x0, 0x0,
    0xc, 0xf5,

    /* U+0072 "r" */
    0xcf, 0x60, 0x6d, 0xfe, 0xb3, 0xcf, 0x6a, 0xff,
    0xff, 0xf8, 0xcf, 0xbf, 0x93, 0x13, 0x87, 0xcf,
    0xf6, 0x0, 0x0, 0x0, 0xcf, 0xd0, 0x0, 0x0,
    0x0, 0xcf, 0x90, 0x0, 0x0, 0x0, 0xcf, 0x70,
    0x0, 0x0, 0x0, 0xcf, 0x60, 0x0, 0x0, 0x0,
    0xcf, 0x60, 0x0, 0x0, 0x0, 0xcf, 0x60, 0x0,
    0x0, 0x0, 0xcf, 0x60, 0x0, 0x0, 0x0, 0xcf,
    0x60, 0x0, 0x0, 0x0, 0xcf, 0x60, 0x0, 0x0,
    0x0, 0xcf, 0x60, 0x0, 0x0, 0x0,

    /* U+0073 "s" */
    0x0, 0x6c, 0xef, 0xec, 0x71, 0x0, 0x9f, 0xff,
    0xef, 0xff, 0x60, 0x3f, 0xf6, 0x0, 0x2, 0x85,
    0x6, 0xfc, 0x0, 0x0, 0x0, 0x0, 0x5f, 0xd0,
    0x0, 0x0, 0x0, 0x2, 0xff, 0xb5, 0x10, 0x0,
    0x0, 0x6, 0xff, 0xff, 0xe9, 0x20, 0x0, 0x1,
    0x7a, 0xef, 0xff, 0x40, 0x0, 0x0, 0x0, 0x4d,
    0xfd, 0x0, 0x0, 0x0, 0x0, 0x3f, 0xf0, 0x0,
    0x0, 0x0, 0x3, 0xff, 0x7, 0xa4, 0x0, 0x3,
    0xdf, 0xb0, 0x8f, 0xff, 0xef, 0xff, 0xe2, 0x1,
    0x6b, 0xdf, 0xfd, 0x81, 0x0,

    /* U+0074 "t" */
    0x0, 0x0, 0x78, 0x10, 0x0, 0x0, 0x0, 0x0,
    0xff, 0x30, 0x0, 0x0, 0x0, 0x0, 0xff, 0x30,
    0x0, 0x0, 0x0, 0x0, 0xff, 0x30, 0x0, 0x0,
    0x7f, 0xff, 0xff, 0xff, 0xff, 0xf1, 0x5c, 0xcc,
    0xff, 0xcc, 0xcc, 0xc1, 0x0, 0x0, 0xff, 0x30,
    0x0, 0x0, 0x0, 0x0, 0xff, 0x30, 0x0, 0x0,
    0x0, 0x0, 0xff, 0x30, 0x0, 0x0, 0x0, 0x0,
    0xff, 0x30, 0x0, 0x0, 0x0, 0x0, 0xff, 0x30,
    0x0, 0x0, 0x0, 0x0, 0xff, 0x30, 0x0, 0x0,
    0x0, 0x0, 0xff, 0x30, 0x0, 0x0, 0x0, 0x0,
    0xff, 0x30, 0x0, 0x0, 0x0, 0x0, 0xef, 0x50,
    0x0, 0x0, 0x0, 0x0, 0xbf, 0xb0, 0x0, 0x0,
    0x0, 0x0, 0x4f, 0xff, 0xdc, 0xc1, 0x0, 0x0,
    0x4, 0xbf, 0xff, 0xf1,

    /* U+0075 "u" */
    0xbf, 0x70, 0x0, 0x0, 0xdf, 0x5b, 0xf7, 0x0,
    0x0, 0xd, 0xf5, 0xbf, 0x70, 0x0, 0x0, 0xdf,
    0x5b, 0xf7, 0x0, 0x0, 0xd, 0xf5, 0xbf, 0x70,
    0x0, 0x0, 0xdf, 0x5b, 0xf7, 0x0, 0x0, 0xd,
    0xf5, 0xbf, 0x70, 0x0, 0x0, 0xdf, 0x5b, 0xf7,
    0x0, 0x0, 0xd, 0xf5, 0xbf, 0x70, 0x0, 0x0,
    0xef, 0x5a, 0xf8, 0x0, 0x0, 0x1f, 0xf5, 0x8f,
    0xc0, 0x0, 0x7, 0xff, 0x54, 0xff, 0x70, 0x5,
    0xff, 0xf5, 0xc, 0xff, 0xff, 0xf8, 0xdf, 0x50,
    0x19, 0xef, 0xd6, 0xd, 0xf5,

    /* U+0076 "v" */
    0xaf, 0x90, 0x0, 0x0, 0x1, 0xff, 0x15, 0xfe,
    0x0, 0x0, 0x0, 0x7f, 0xc0, 0xf, 0xf3, 0x0,
    0x0, 0xc, 0xf7, 0x0, 0xaf, 0x80, 0x0, 0x1,
    0xff, 0x10, 0x5, 0xfd, 0x0, 0x0, 0x6f, 0xc0,
    0x0, 0xf, 0xf3, 0x0, 0xb, 0xf7, 0x0, 0x0,
    0xaf, 0x80, 0x1, 0xff, 0x10, 0x0, 0x5, 0xfd,
    0x0, 0x6f, 0xc0, 0x0, 0x0, 0xf, 0xf2, 0xb,
    0xf7, 0x0, 0x0, 0x0, 0xaf, 0x71, 0xff, 0x10,
    0x0, 0x0, 0x5, 0xfc, 0x6f, 0xc0, 0x0, 0x0,
    0x0, 0xf, 0xfd, 0xf7, 0x0, 0x0, 0x0, 0x0,
    0xaf, 0xff, 0x10, 0x0, 0x0, 0x0, 0x5, 0xff,
    0xc0, 0x0, 0x0,

    /* U+0077 "w" */
    0xef, 0x30, 0x0, 0x0, 0x0, 0x0, 0xcf, 0x5a,
    0xf7, 0x0, 0x0, 0x0, 0x0, 0xf, 0xf1, 0x7f,
    0xa0, 0x0, 0x0, 0x0, 0x3, 0xfe, 0x3, 0xfd,
    0x0, 0x0, 0x0, 0x0, 0x6f, 0xa0, 0xf, 0xf0,
    0x0, 0xce, 0x30, 0x9, 0xf7, 0x0, 0xcf, 0x30,
    0x1f, 0xf8, 0x0, 0xcf, 0x30, 0x9, 0xf7, 0x5,
    0xfd, 0xc0, 0xf, 0xf0, 0x0, 0x5f, 0xa0, 0x9e,
    0x7f, 0x3, 0xfc, 0x0, 0x2, 0xfd, 0xd, 0xa3,
    0xf4, 0x6f, 0x90, 0x0, 0xe, 0xf2, 0xf5, 0xe,
    0x89, 0xf5, 0x0, 0x0, 0xbf, 0xaf, 0x10, 0xad,
    0xcf, 0x20, 0x0, 0x7, 0xff, 0xd0, 0x5, 0xff,
    0xe0, 0x0, 0x0, 0x4f, 0xf8, 0x0, 0x1f, 0xfb,
    0x0, 0x0, 0x0, 0xff, 0x40, 0x0, 0xdf, 0x70,
    0x0,

    /* U+0078 "x" */
    0x4, 0xff, 0x20, 0x0, 0x0, 0xaf, 0xb0, 0x0,
    0x9f, 0xc0, 0x0, 0x5, 0xff, 0x10, 0x0, 0xd,
    0xf7, 0x0, 0x1e, 0xf5, 0x0, 0x0, 0x3, 0xff,
    0x20, 0xbf, 0xa0, 0x0, 0x0, 0x0, 0x8f, 0xc6,
    0xfe, 0x10, 0x0, 0x0, 0x0, 0xc, 0xff, 0xf4,
    0x0, 0x0, 0x0, 0x0, 0x2, 0xff, 0x90, 0x0,
    0x0, 0x0, 0x0, 0x8, 0xff, 0xe1, 0x0, 0x0,
    0x0, 0x0, 0x3f, 0xfc, 0xfa, 0x0, 0x0, 0x0,
    0x0, 0xdf, 0x71, 0xef, 0x60, 0x0, 0x0, 0xa,
    0xfc, 0x0, 0x5f, 0xf2, 0x0, 0x0, 0x5f, 0xf2,
    0x0, 0xa, 0xfc, 0x0, 0x1, 0xef, 0x60, 0x0,
    0x1, 0xef, 0x80, 0xb, 0xfb, 0x0, 0x0, 0x0,
    0x4f, 0xf3,

    /* U+0079 "y" */
    0x9f, 0xa0, 0x0, 0x0, 0x0, 0xef, 0x53, 0xff,
    0x10, 0x0, 0x0, 0x4f, 0xe0, 0xd, 0xf6, 0x0,
    0x0, 0xa, 0xf9, 0x0, 0x7f, 0xc0, 0x0, 0x0,
    0xff, 0x30, 0x1, 0xff, 0x20, 0x0, 0x5f, 0xd0,
    0x0, 0xb, 0xf7, 0x0, 0xb, 0xf7, 0x0, 0x0,
    0x5f, 0xd0, 0x1, 0xff, 0x10, 0x0, 0x0, 0xff,
    0x30, 0x7f, 0xb0, 0x0, 0x0, 0x9, 0xf9, 0xc,
    0xf5, 0x0, 0x0, 0x0, 0x3f, 0xe2, 0xff, 0x0,
    0x0, 0x0, 0x0, 0xdf, 0xcf, 0xa0, 0x0, 0x0,
    0x0, 0x7, 0xff, 0xf4, 0x0, 0x0, 0x0, 0x0,
    0x1f, 0xfe, 0x0, 0x0, 0x0, 0x0, 0x0, 0xcf,
    0x80, 0x0, 0x0, 0x0, 0x0, 0x1f, 0xf2, 0x0,
    0x0, 0x0, 0x0, 0x7, 0xfc, 0x0, 0x0, 0x0,
    0x0, 0x3, 0xef, 0x60, 0x0, 0x0, 0x0, 0xbe,
    0xff, 0xc0, 0x0, 0x0, 0x0, 0xd, 0xfe, 0xa1,
    0x0, 0x0, 0x0, 0x0,

    /* U+007A "z" */
    0x5f, 0xff, 0xff, 0xff, 0xff, 0x34, 0xcc, 0xcc,
    0xcc, 0xdf, 0xf3, 0x0, 0x0, 0x0, 0x9, 0xfd,
    0x0, 0x0, 0x0, 0x5, 0xff, 0x20, 0x0, 0x0,
    0x2, 0xff, 0x50, 0x0, 0x0, 0x0, 0xcf, 0xa0,
    0x0, 0x0, 0x0, 0x9f, 0xd0, 0x0, 0x0, 0x0,
    0x5f, 0xf2, 0x0, 0x0, 0x0, 0x2f, 0xf6, 0x0,
    0x0, 0x0, 0xc, 0xfa, 0x0, 0x0, 0x0, 0x9,
    0xfd, 0x0, 0x0, 0x0, 0x4, 0xff, 0x20, 0x0,
    0x0, 0x0, 0xaf, 0xfd, 0xdd, 0xdd, 0xdd, 0x2a,
    0xff, 0xff, 0xff, 0xff, 0xf3,

    /* U+007B "{" */
    0x0, 0x0, 0x4, 0xbe, 0xfd, 0x0, 0x0, 0x3f,
    0xff, 0xca, 0x0, 0x0, 0x8f, 0xc0, 0x0, 0x0,
    0x0, 0xbf, 0x70, 0x0, 0x0, 0x0, 0xcf, 0x60,
    0x0, 0x0, 0x0, 0xcf, 0x60, 0x0, 0x0, 0x0,
    0xcf, 0x60, 0x0, 0x0, 0x0, 0xcf, 0x60, 0x0,
    0x0, 0x0, 0xdf, 0x50, 0x0, 0x0, 0x0, 0xff,
    0x40, 0x0, 0x0, 0x2a, 0xfe, 0x0, 0x0, 0x6f,
    0xff, 0xb2, 0x0, 0x0, 0x4b, 0xef, 0xe5, 0x0,
    0x0, 0x0, 0x6, 0xff, 0x10, 0x0, 0x0, 0x0,
    0xef, 0x40, 0x0, 0x0, 0x0, 0xcf, 0x60, 0x0,
    0x0, 0x0, 0xcf, 0x60, 0x0, 0x0, 0x0, 0xcf,
    0x60, 0x0, 0x0, 0x0, 0xcf, 0x60, 0x0, 0x0,
    0x0, 0xbf, 0x70, 0x0, 0x0, 0x0, 0x9f, 0xc0,
    0x0, 0x0, 0x0, 0x3f, 0xff, 0xca, 0x0, 0x0,
    0x4, 0xbe, 0xfd,

    /* U+007C "|" */
    0xcf, 0x3c, 0xf3, 0xcf, 0x3c, 0xf3, 0xcf, 0x3c,
    0xf3, 0xcf, 0x3c, 0xf3, 0xcf, 0x3c, 0xf3, 0xcf,
    0x3c, 0xf3, 0xcf, 0x3c, 0xf3, 0xcf, 0x3c, 0xf3,
    0xcf, 0x3c, 0xf3, 0xcf, 0x3c, 0xf3, 0xcf, 0x3c,
    0xf3, 0xcf, 0x3c, 0xf3, 0xcf, 0x30,

    /* U+007D "}" */
    0x6f, 0xfc, 0x70, 0x0, 0x0, 0x4c, 0xdf, 0xf9,
    0x0, 0x0, 0x0, 0x6, 0xff, 0x0, 0x0, 0x0,
    0x0, 0xff, 0x20, 0x0, 0x0, 0x0, 0xff, 0x30,
    0x0, 0x0, 0x0, 0xff, 0x30, 0x0, 0x0, 0x0,
    0xff, 0x30, 0x0, 0x0, 0x0, 0xff, 0x30, 0x0,
    0x0, 0x0, 0xef, 0x40, 0x0, 0x0, 0x0, 0xcf,
    0x70, 0x0, 0x0, 0x0, 0x7f, 0xe4, 0x0, 0x0,
    0x0, 0x7, 0xef, 0xfd, 0x0, 0x0, 0x1b, 0xff,
    0xca, 0x0, 0x0, 0x9f, 0xc0, 0x0, 0x0, 0x0,
    0xdf, 0x50, 0x0, 0x0, 0x0, 0xef, 0x30, 0x0,
    0x0, 0x0, 0xff, 0x30, 0x0, 0x0, 0x0, 0xff,
    0x30, 0x0, 0x0, 0x0, 0xff, 0x30, 0x0, 0x0,
    0x0, 0xff, 0x20, 0x0, 0x0, 0x5, 0xff, 0x0,
    0x0, 0x4c, 0xdf, 0xfa, 0x0, 0x0, 0x6f, 0xfd,
    0x80, 0x0, 0x0,

    /* U+007E "~" */
    0x5, 0xcf, 0xd8, 0x10, 0x0, 0x2, 0x59, 0xff,
    0xff, 0xfe, 0x72, 0x16, 0xf6, 0xfa, 0x30, 0x39,
    0xff, 0xff, 0xfe, 0x27, 0x0, 0x0, 0x2, 0xae,
    0xea, 0x10,

    /* U+00B0 "°" */
    0x0, 0x27, 0x85, 0x0, 0x5, 0xff, 0xff, 0xb0,
    0x1f, 0xc2, 0x17, 0xf7, 0x6f, 0x20, 0x0, 0xbd,
    0x7f, 0x0, 0x0, 0x9e, 0x4f, 0x60, 0x1, 0xeb,
    0xc, 0xfb, 0x9e, 0xf3, 0x0, 0x9e, 0xfc, 0x30,

    /* U+2022 "•" */
    0x0, 0x2, 0x30, 0x0, 0x1, 0xcf, 0xfe, 0x50,
    0xb, 0xff, 0xff, 0xf3, 0x1f, 0xff, 0xff, 0xf9,
    0x3f, 0xff, 0xff, 0xfa, 0x1f, 0xff, 0xff, 0xf8,
    0x8, 0xff, 0xff, 0xe1, 0x0, 0x8e, 0xfb, 0x20,

    /* U+F001 "" */
    0x0, 0x0, 0x0, 0x0, 0x0, 0x0, 0x0, 0x0,
    0x0, 0x0, 0x0, 0x0, 0x0, 0x0, 0x0, 0x0,
    0x0, 0x0, 0x0, 0x0, 0x0, 0x2, 0x7b, 0xe8,
    0x0, 0x0, 0x0, 0x0, 0x0, 0x0, 0x0, 0x0,
    0x49, 0xdf, 0xff, 0xff, 0x0, 0x0, 0x0, 0x0,
    0x0, 0x0, 0x16, 0xbf, 0xff, 0xff, 0xff, 0xff,
    0x0, 0x0, 0x0, 0x0, 0x3, 0x8c, 0xff, 0xff,
    0xff, 0xff, 0xff, 0xff, 0x0, 0x0, 0x0, 0x3a,
    0xef, 0xff, 0xff, 0xff, 0xff, 0xff, 0xff, 0xff,
    0x0, 0x0, 0x0, 0xef, 0xff, 0xff, 0xff, 0xff,
    0xff, 0xff, 0xff, 0xff, 0x0, 0x0, 0x0, 0xff,
    0xff, 0xff, 0xff, 0xff, 0xff, 0xff, 0xaf, 0xff,
    0x0, 0x0, 0x0, 0xff, 0xff, 0xff, 0xff, 0xff,
    0xd8, 0x40, 0xf, 0xff, 0x0, 0x0, 0x0, 0xff,
    0xff, 0xff, 0xfb, 0x62, 0x0, 0x0, 0xf, 0xff,
    0x0, 0x0, 0x0, 0xff, 0xfe, 0x94, 0x0, 0x0,
    0x0, 0x0, 0xf, 0xff, 0x0, 0x0, 0x0, 0xff,
    0xf0, 0x0, 0x0, 0x0, 0x0, 0x0, 0xf, 0xff,
    0x0, 0x0, 0x0, 0xff, 0xf0, 0x0, 0x0, 0x0,
    0x0, 0x0, 0xf, 0xff, 0x0, 0x0, 0x0, 0xff,
    0xf0, 0x0, 0x0, 0x0, 0x0, 0x0, 0xf, 0xff,
    0x0, 0x0, 0x0, 0xff, 0xf0, 0x0, 0x0, 0x0,
    0x0, 0x0, 0xf, 0xff, 0x0, 0x0, 0x0, 0xff,
    0xf0, 0x0, 0x0, 0x0, 0x0, 0x0, 0xf, 0xff,
    0x0, 0x0, 0x0, 0xff, 0xf0, 0x0, 0x0, 0x0,
    0x3a, 0xdf, 0xdf, 0xff, 0x0, 0x0, 0x0, 0xff,
    0xf0, 0x0, 0x0, 0x6, 0xff, 0xff, 0xff, 0xff,
    0x0, 0x0, 0x0, 0xff, 0xf0, 0x0, 0x0, 0xe,
    0xff, 0xff, 0xff, 0xff, 0x3, 0xad, 0xfd, 0xff,
    0xf0, 0x0, 0x0, 0xe, 0xff, 0xff, 0xff, 0xfe,
    0x6f, 0xff, 0xff, 0xff, 0xf0, 0x0, 0x0, 0x6,
    0xff, 0xff, 0xff, 0xf6, 0xef, 0xff, 0xff, 0xff,
    0xf0, 0x0, 0x0, 0x0, 0x3a, 0xef, 0xea, 0x30,
    0xef, 0xff, 0xff, 0xff, 0xe0, 0x0, 0x0, 0x0,
    0x0, 0x0, 0x0, 0x0, 0x6f, 0xff, 0xff, 0xff,
    0x60, 0x0, 0x0, 0x0, 0x0, 0x0, 0x0, 0x0,
    0x3, 0xae, 0xfe, 0xa3, 0x0, 0x0, 0x0, 0x0,
    0x0, 0x0, 0x0, 0x0,

    /* U+F008 "" */
    0xb7, 0x0, 0xbf, 0xff, 0xff, 0xff, 0xff, 0xff,
    0xff, 0xf4, 0x0, 0x7b, 0xfd, 0x88, 0xef, 0xff,
    0xff, 0xff, 0xff, 0xff, 0xff, 0xfb, 0x88, 0xdf,
    0xff, 0xff, 0xff, 0xb4, 0x44, 0x44, 0x44, 0x44,
    0x5f, 0xff, 0xff, 0xff, 0xf9, 0x0, 0xcf, 0x80,
    0x0, 0x0, 0x0, 0x0, 0xf, 0xf5, 0x0, 0x9f,
    0xf8, 0x0, 0xbf, 0x80, 0x0, 0x0, 0x0, 0x0,
    0xf, 0xf4, 0x0, 0x8f, 0xf9, 0x0, 0xcf, 0x80,
    0x0, 0x0, 0x0, 0x0, 0xf, 0xf5, 0x0, 0x9f,
    0xff, 0xff, 0xff, 0x80, 0x0, 0x0, 0x0, 0x0,
    0xf, 0xff, 0xff, 0xff, 0xfd, 0x88, 0xef, 0xa2,
    0x22, 0x22, 0x22, 0x22, 0x3f, 0xfb, 0x88, 0xdf,
    0xf8, 0x0, 0xbf, 0xff, 0xff, 0xff, 0xff, 0xff,
    0xff, 0xf4, 0x0, 0x8f, 0xf8, 0x0, 0xbf, 0xff,
    0xff, 0xff, 0xff, 0xff, 0xff, 0xf4, 0x0, 0x8f,
    0xfd, 0x88, 0xef, 0xa2, 0x22, 0x22, 0x22, 0x22,
    0x3f, 0xfb, 0x88, 0xdf, 0xff, 0xff, 0xff, 0x80,
    0x0, 0x0, 0x0, 0x0, 0xf, 0xff, 0xff, 0xff,
    0xf9, 0x0, 0xcf, 0x80, 0x0, 0x0, 0x0, 0x0,
    0xf, 0xf5, 0x0, 0x9f, 0xf8, 0x0, 0xbf, 0x80,
    0x0, 0x0, 0x0, 0x0, 0xf, 0xf4, 0x0, 0x8f,
    0xf9, 0x0, 0xcf, 0x80, 0x0, 0x0, 0x0, 0x0,
    0xf, 0xf5, 0x0, 0x9f, 0xff, 0xff, 0xff, 0xb4,
    0x44, 0x44, 0x44, 0x44, 0x5f, 0xff, 0xff, 0xff,
    0xfd, 0x88, 0xef, 0xff, 0xff, 0xff, 0xff, 0xff,
    0xff, 0xfb, 0x88, 0xdf, 0xb7, 0x0, 0xbf, 0xff,
    0xff, 0xff, 0xff, 0xff, 0xff, 0xf4, 0x0, 0x7b,

    /* U+F00B "" */
    0x14, 0x44, 0x44, 0x10, 0x3, 0x44, 0x44, 0x44,
    0x44, 0x44, 0x44, 0x41, 0xef, 0xff, 0xff, 0xe0,
    0x6f, 0xff, 0xff, 0xff, 0xff, 0xff, 0xff, 0xfe,
    0xff, 0xff, 0xff, 0xf0, 0x8f, 0xff, 0xff, 0xff,
    0xff, 0xff, 0xff, 0xff, 0xff, 0xff, 0xff, 0xf0,
    0x8f, 0xff, 0xff, 0xff, 0xff, 0xff, 0xff, 0xff,
    0xff, 0xff, 0xff, 0xf0, 0x8f, 0xff, 0xff, 0xff,
    0xff, 0xff, 0xff, 0xff, 0xff, 0xff, 0xff, 0xf0,
    0x8f, 0xff, 0xff, 0xff, 0xff, 0xff, 0xff, 0xff,
    0x7b, 0xbb, 0xbb, 0x60, 0x2a, 0xbb, 0xbb, 0xbb,
    0xbb, 0xbb, 0xbb, 0xb7, 0x0, 0x0, 0x0, 0x0,
    0x0, 0x0, 0x0, 0x0, 0x0, 0x0, 0x0, 0x0,
    0xbf, 0xff, 0xff, 0xb0, 0x4f, 0xff, 0xff, 0xff,
    0xff, 0xff, 0xff, 0xfb, 0xff, 0xff, 0xff, 0xf0,
    0x8f, 0xff, 0xff, 0xff, 0xff, 0xff, 0xff, 0xff,
    0xff, 0xff, 0xff, 0xf0, 0x8f, 0xff, 0xff, 0xff,
    0xff, 0xff, 0xff, 0xff, 0xff, 0xff, 0xff, 0xf0,
    0x8f, 0xff, 0xff, 0xff, 0xff, 0xff, 0xff, 0xff,
    0xff, 0xff, 0xff, 0xf0, 0x8f, 0xff, 0xff, 0xff,
    0xff, 0xff, 0xff, 0xff, 0xbf, 0xff, 0xff, 0xb0,
    0x4f, 0xff, 0xff, 0xff, 0xff, 0xff, 0xff, 0xfb,
    0x0, 0x0, 0x0, 0x0, 0x0, 0x0, 0x0, 0x0,
    0x0, 0x0, 0x0, 0x0, 0x14, 0x44, 0x44, 0x10,
    0x3, 0x44, 0x44, 0x44, 0x44, 0x44, 0x44, 0x41,
    0xef, 0xff, 0xff, 0xe0, 0x6f, 0xff, 0xff, 0xff,
    0xff, 0xff, 0xff, 0xfe, 0xff, 0xff, 0xff, 0xf0,
    0x8f, 0xff, 0xff, 0xff, 0xff, 0xff, 0xff, 0xff,
    0xff, 0xff, 0xff, 0xf0, 0x8f, 0xff, 0xff, 0xff,
    0xff, 0xff, 0xff, 0xff, 0xff, 0xff, 0xff, 0xf0,
    0x8f, 0xff, 0xff, 0xff, 0xff, 0xff, 0xff, 0xff,
    0xff, 0xff, 0xff, 0xf0, 0x8f, 0xff, 0xff, 0xff,
    0xff, 0xff, 0xff, 0xff, 0x7b, 0xbb, 0xbb, 0x60,
    0x2a, 0xbb, 0xbb, 0xbb, 0xbb, 0xbb, 0xbb, 0xb7,

    /* U+F00C "" */
    0x0, 0x0, 0x0, 0x0, 0x0, 0x0, 0x0, 0x0,
    0x0, 0x0, 0xbd, 0x20, 0x0, 0x0, 0x0, 0x0,
    0x0, 0x0, 0x0, 0x0, 0x0, 0xc, 0xff, 0xe2,
    0x0, 0x0, 0x0, 0x0, 0x0, 0x0, 0x0, 0x0,
    0x0, 0xcf, 0xff, 0xfd, 0x0, 0x0, 0x0, 0x0,
    0x0, 0x0, 0x0, 0x0, 0xc, 0xff, 0xff, 0xfd,
    0x0, 0x0, 0x0, 0x0, 0x0, 0x0, 0x0, 0x0,
    0xcf, 0xff, 0xff, 0xd1, 0x0, 0x0, 0x0, 0x0,
    0x0, 0x0, 0x0, 0xc, 0xff, 0xff, 0xfd, 0x10,
    0x2, 0xdb, 0x0, 0x0, 0x0, 0x0, 0x0, 0xcf,
    0xff, 0xff, 0xd1, 0x0, 0x2e, 0xff, 0xc0, 0x0,
    0x0, 0x0, 0xc, 0xff, 0xff, 0xfd, 0x10, 0x0,
    0xdf, 0xff, 0xfc, 0x0, 0x0, 0x0, 0xcf, 0xff,
    0xff, 0xd1, 0x0, 0x0, 0xdf, 0xff, 0xff, 0xc0,
    0x0, 0xc, 0xff, 0xff, 0xfd, 0x10, 0x0, 0x0,
    0x1d, 0xff, 0xff, 0xfc, 0x0, 0xcf, 0xff, 0xff,
    0xd1, 0x0, 0x0, 0x0, 0x1, 0xdf, 0xff, 0xff,
    0xcc, 0xff, 0xff, 0xfd, 0x10, 0x0, 0x0, 0x0,
    0x0, 0x1d, 0xff, 0xff, 0xff, 0xff, 0xff, 0xd1,
    0x0, 0x0, 0x0, 0x0, 0x0, 0x1, 0xdf, 0xff,
    0xff, 0xff, 0xfd, 0x10, 0x0, 0x0, 0x0, 0x0,
    0x0, 0x0, 0x1d, 0xff, 0xff, 0xff, 0xd1, 0x0,
    0x0, 0x0, 0x0, 0x0, 0x0, 0x0, 0x1, 0xdf,
    0xff, 0xfd, 0x10, 0x0, 0x0, 0x0, 0x0, 0x0,
    0x0, 0x0, 0x0, 0x1d, 0xff, 0xd1, 0x0, 0x0,
    0x0, 0x0, 0x0, 0x0, 0x0, 0x0, 0x0, 0x1,
    0xcc, 0x10, 0x0, 0x0, 0x0, 0x0, 0x0, 0x0,

    /* U+F00D "" */
    0x1, 0x41, 0x0, 0x0, 0x0, 0x0, 0x3, 0x30,
    0x1, 0xdf, 0xd1, 0x0, 0x0, 0x0, 0x7, 0xff,
    0x70, 0xcf, 0xff, 0xd1, 0x0, 0x0, 0x7, 0xff,
    0xff, 0x4e, 0xff, 0xff, 0xd1, 0x0, 0x7, 0xff,
    0xff, 0xf6, 0x4f, 0xff, 0xff, 0xd1, 0x7, 0xff,
    0xff, 0xfb, 0x0, 0x4f, 0xff, 0xff, 0xd8, 0xff,
    0xff, 0xfb, 0x0, 0x0, 0x4f, 0xff, 0xff, 0xff,
    0xff, 0xfb, 0x0, 0x0, 0x0, 0x4f, 0xff, 0xff,
    0xff, 0xfb, 0x0, 0x0, 0x0, 0x0, 0x4f, 0xff,
    0xff, 0xfc, 0x0, 0x0, 0x0, 0x0, 0x7, 0xff,
    0xff, 0xff, 0xd1, 0x0, 0x0, 0x0, 0x7, 0xff,
    0xff, 0xff, 0xff, 0xd1, 0x0, 0x0, 0x7, 0xff,
    0xff, 0xff, 0xff, 0xff, 0xd1, 0x0, 0x7, 0xff,
    0xff, 0xfb, 0x5f, 0xff, 0xff, 0xd1, 0x7, 0xff,
    0xff, 0xfb, 0x0, 0x4f, 0xff, 0xff, 0xd1, 0xff,
    0xff, 0xfb, 0x0, 0x0, 0x4f, 0xff, 0xff, 0x7a,
    0xff, 0xfb, 0x0, 0x0, 0x0, 0x4f, 0xff, 0xf3,
    0xb, 0xfb, 0x0, 0x0, 0x0, 0x0, 0x4f, 0xf4,
    0x0, 0x1, 0x0, 0x0, 0x0, 0x0, 0x0, 0x0,
    0x0,

    /* U+F011 "" */
    0x0, 0x0, 0x0, 0x0, 0x0, 0xaf, 0xf8, 0x0,
    0x0, 0x0, 0x0, 0x0, 0x0, 0x0, 0x0, 0x0,
    0x0, 0xef, 0xfd, 0x0, 0x0, 0x0, 0x0, 0x0,
    0x0, 0x0, 0x8, 0x60, 0x0, 0xef, 0xfd, 0x0,
    0x7, 0x70, 0x0, 0x0, 0x0, 0x1, 0xcf, 0xf3,
    0x0, 0xef, 0xfd, 0x0, 0x5f, 0xfb, 0x0, 0x0,
    0x0, 0xc, 0xff, 0xfb, 0x0, 0xef, 0xfd, 0x0,
    0xcf, 0xff, 0xb0, 0x0, 0x0, 0x9f, 0xff, 0xf6,
    0x0, 0xef, 0xfd, 0x0, 0x7f, 0xff, 0xf7, 0x0,
    0x3, 0xff, 0xff, 0x60, 0x0, 0xef, 0xfd, 0x0,
    0x8, 0xff, 0xff, 0x20, 0xa, 0xff, 0xf9, 0x0,
    0x0, 0xef, 0xfd, 0x0, 0x0, 0xbf, 0xff, 0x90,
    0x1f, 0xff, 0xe0, 0x0, 0x0, 0xef, 0xfd, 0x0,
    0x0, 0x1f, 0xff, 0xf0, 0x5f, 0xff, 0x90, 0x0,
    0x0, 0xef, 0xfd, 0x0, 0x0, 0xa, 0xff, 0xf3,
    0x8f, 0xff, 0x40, 0x0, 0x0, 0xef, 0xfd, 0x0,
    0x0, 0x6, 0xff, 0xf6, 0x9f, 0xff, 0x20, 0x0,
    0x0, 0xef, 0xfd, 0x0, 0x0, 0x4, 0xff, 0xf8,
    0x9f, 0xff, 0x20, 0x0, 0x0, 0xef, 0xfc, 0x0,
    0x0, 0x4, 0xff, 0xf7, 0x8f, 0xff, 0x40, 0x0,
    0x0, 0x37, 0x72, 0x0, 0x0, 0x6, 0xff, 0xf6,
    0x5f, 0xff, 0x80, 0x0, 0x0, 0x0, 0x0, 0x0,
    0x0, 0xa, 0xff, 0xf4, 0x1f, 0xff, 0xe0, 0x0,
    0x0, 0x0, 0x0, 0x0, 0x0, 0x1f, 0xff, 0xf0,
    0xb, 0xff, 0xf8, 0x0, 0x0, 0x0, 0x0, 0x0,
    0x0, 0xaf, 0xff, 0xa0, 0x3, 0xff, 0xff, 0x60,
    0x0, 0x0, 0x0, 0x0, 0x7, 0xff, 0xff, 0x20,
    0x0, 0xaf, 0xff, 0xf8, 0x0, 0x0, 0x0, 0x1,
    0x9f, 0xff, 0xf8, 0x0, 0x0, 0xd, 0xff, 0xff,
    0xe8, 0x42, 0x24, 0x9e, 0xff, 0xff, 0xb0, 0x0,
    0x0, 0x1, 0xdf, 0xff, 0xff, 0xff, 0xff, 0xff,
    0xff, 0xfb, 0x10, 0x0, 0x0, 0x0, 0xa, 0xff,
    0xff, 0xff, 0xff, 0xff, 0xff, 0x90, 0x0, 0x0,
    0x0, 0x0, 0x0, 0x3b, 0xff, 0xff, 0xff, 0xff,
    0xb3, 0x0, 0x0, 0x0, 0x0, 0x0, 0x0, 0x0,
    0x15, 0x89, 0x97, 0x51, 0x0, 0x0, 0x0, 0x0,

    /* U+F013 "" */
    0x0, 0x0, 0x0, 0x0, 0x4, 0x89, 0x98, 0x40,
    0x0, 0x0, 0x0, 0x0, 0x0, 0x0, 0x0, 0x0,
    0xf, 0xff, 0xff, 0xf0, 0x0, 0x0, 0x0, 0x0,
    0x0, 0x0, 0x0, 0x0, 0xf, 0xff, 0xff, 0xf0,
    0x0, 0x0, 0x0, 0x0, 0x0, 0x0, 0x0, 0x0,
    0x4f, 0xff, 0xff, 0xf4, 0x0, 0x0, 0x0, 0x0,
    0x0, 0xc, 0xc3, 0x2c, 0xff, 0xff, 0xff, 0xff,
    0xc2, 0x3c, 0xc0, 0x0, 0x0, 0x8f, 0xff, 0xff,
    0xff, 0xff, 0xff, 0xff, 0xff, 0xff, 0xf8, 0x0,
    0x3, 0xff, 0xff, 0xff, 0xff, 0xff, 0xff, 0xff,
    0xff, 0xff, 0xff, 0x30, 0xa, 0xff, 0xff, 0xff,
    0xff, 0xff, 0xff, 0xff, 0xff, 0xff, 0xff, 0xa0,
    0xf, 0xff, 0xff, 0xff, 0xff, 0x94, 0x49, 0xff,
    0xff, 0xff, 0xff, 0xf0, 0x6, 0xef, 0xff, 0xff,
    0xf4, 0x0, 0x0, 0x4f, 0xff, 0xff, 0xfe, 0x60,
    0x0, 0x1e, 0xff, 0xff, 0x90, 0x0, 0x0, 0x9,
    0xff, 0xff, 0xe1, 0x0, 0x0, 0xf, 0xff, 0xff,
    0x40, 0x0, 0x0, 0x4, 0xff, 0xff, 0xf0, 0x0,
    0x0, 0xf, 0xff, 0xff, 0x40, 0x0, 0x0, 0x4,
    0xff, 0xff, 0xf0, 0x0, 0x0, 0x1e, 0xff, 0xff,
    0x90, 0x0, 0x0, 0x9, 0xff, 0xff, 0xe1, 0x0,
    0x6, 0xef, 0xff, 0xff, 0xf4, 0x0, 0x0, 0x4f,
    0xff, 0xff, 0xfe, 0x60, 0xf, 0xff, 0xff, 0xff,
    0xff, 0x94, 0x49, 0xff, 0xff, 0xff, 0xff, 0xf0,
    0xa, 0xff, 0xff, 0xff, 0xff, 0xff, 0xff, 0xff,
    0xff, 0xff, 0xff, 0xa0, 0x3, 0xff, 0xff, 0xff,
    0xff, 0xff, 0xff, 0xff, 0xff, 0xff, 0xff, 0x30,
    0x0, 0x8f, 0xff, 0xff, 0xff, 0xff, 0xff, 0xff,
    0xff, 0xff, 0xf8, 0x0, 0x0, 0xc, 0xc3, 0x2c,
    0xff, 0xff, 0xff, 0xff, 0xc2, 0x3c, 0xc0, 0x0,
    0x0, 0x0, 0x0, 0x0, 0x4f, 0xff, 0xff, 0xf4,
    0x0, 0x0, 0x0, 0x0, 0x0, 0x0, 0x0, 0x0,
    0xf, 0xff, 0xff, 0xf0, 0x0, 0x0, 0x0, 0x0,
    0x0, 0x0, 0x0, 0x0, 0xf, 0xff, 0xff, 0xf0,
    0x0, 0x0, 0x0, 0x0, 0x0, 0x0, 0x0, 0x0,
    0x4, 0x89, 0x98, 0x40, 0x0, 0x0, 0x0, 0x0,

    /* U+F015 "" */
    0x0, 0x0, 0x0, 0x0, 0x0, 0x0, 0x13, 0x10,
    0x0, 0x2, 0x44, 0x20, 0x0, 0x0, 0x0, 0x0,
    0x0, 0x0, 0x0, 0x5f, 0xfe, 0x40, 0x0, 0xdf,
    0xfd, 0x0, 0x0, 0x0, 0x0, 0x0, 0x0, 0x0,
    0x7f, 0xff, 0xff, 0x70, 0xe, 0xff, 0xe0, 0x0,
    0x0, 0x0, 0x0, 0x0, 0x0, 0xaf, 0xff, 0xff,
    0xff, 0xa0, 0xef, 0xfe, 0x0, 0x0, 0x0, 0x0,
    0x0, 0x1, 0xcf, 0xff, 0xb3, 0xbf, 0xff, 0xce,
    0xff, 0xe0, 0x0, 0x0, 0x0, 0x0, 0x3, 0xef,
    0xff, 0x90, 0x0, 0x9f, 0xff, 0xff, 0xfe, 0x0,
    0x0, 0x0, 0x0, 0x6, 0xff, 0xff, 0x60, 0x5d,
    0x50, 0x6f, 0xff, 0xff, 0xe0, 0x0, 0x0, 0x0,
    0x8, 0xff, 0xfe, 0x30, 0x8f, 0xff, 0x80, 0x3e,
    0xff, 0xfe, 0x0, 0x0, 0x0, 0x1b, 0xff, 0xfd,
    0x20, 0xaf, 0xff, 0xff, 0xa0, 0x2d, 0xff, 0xfb,
    0x0, 0x0, 0x2d, 0xff, 0xfb, 0x1, 0xcf, 0xff,
    0xff, 0xff, 0xc1, 0xb, 0xff, 0xfd, 0x20, 0x4f,
    0xff, 0xf8, 0x3, 0xef, 0xff, 0xff, 0xff, 0xff,
    0xe3, 0x8, 0xff, 0xfe, 0x4e, 0xff, 0xf5, 0x5,
    0xff, 0xff, 0xff, 0xff, 0xff, 0xff, 0xf5, 0x5,
    0xff, 0xfe, 0x4f, 0xe3, 0x8, 0xff, 0xff, 0xff,
    0xff, 0xff, 0xff, 0xff, 0xf8, 0x3, 0xef, 0x40,
    0x41, 0x7, 0xff, 0xff, 0xff, 0xff, 0xff, 0xff,
    0xff, 0xff, 0xf7, 0x1, 0x40, 0x0, 0x0, 0x8f,
    0xff, 0xff, 0xff, 0xff, 0xff, 0xff, 0xff, 0xff,
    0x80, 0x0, 0x0, 0x0, 0x8, 0xff, 0xff, 0xff,
    0xeb, 0xbb, 0xef, 0xff, 0xff, 0xf8, 0x0, 0x0,
    0x0, 0x0, 0x8f, 0xff, 0xff, 0xf4, 0x0, 0x4,
    0xff, 0xff, 0xff, 0x80, 0x0, 0x0, 0x0, 0x8,
    0xff, 0xff, 0xff, 0x40, 0x0, 0x4f, 0xff, 0xff,
    0xf8, 0x0, 0x0, 0x0, 0x0, 0x8f, 0xff, 0xff,
    0xf4, 0x0, 0x4, 0xff, 0xff, 0xff, 0x80, 0x0,
    0x0, 0x0, 0x8, 0xff, 0xff, 0xff, 0x40, 0x0,
    0x4f, 0xff, 0xff, 0xf8, 0x0, 0x0, 0x0, 0x0,
    0x7f, 0xff, 0xff, 0xf3, 0x0, 0x3, 0xff, 0xff,
    0xff, 0x70, 0x0, 0x0, 0x0, 0x3, 0xbb, 0xbb,
    0xba, 0x10, 0x0, 0x1a, 0xbb, 0xbb, 0xb3, 0x0,
    0x0,

    /* U+F019 "" */
    0x0, 0x0, 0x0, 0x0, 0x9, 0xdd, 0xdd, 0x90,
    0x0, 0x0, 0x0, 0x0, 0x0, 0x0, 0x0, 0x0,
    0xf, 0xff, 0xff, 0xf0, 0x0, 0x0, 0x0, 0x0,
    0x0, 0x0, 0x0, 0x0, 0xf, 0xff, 0xff, 0xf0,
    0x0, 0x0, 0x0, 0x0, 0x0, 0x0, 0x0, 0x0,
    0xf, 0xff, 0xff, 0xf0, 0x0, 0x0, 0x0, 0x0,
    0x0, 0x0, 0x0, 0x0, 0xf, 0xff, 0xff, 0xf0,
    0x0, 0x0, 0x0, 0x0, 0x0, 0x0, 0x0, 0x0,
    0xf, 0xff, 0xff, 0xf0, 0x0, 0x0, 0x0, 0x0,
    0x0, 0x0, 0x0, 0x0, 0xf, 0xff, 0xff, 0xf0,
    0x0, 0x0, 0x0, 0x0, 0x0, 0x0, 0x0, 0x0,
    0xf, 0xff, 0xff, 0xf0, 0x0, 0x0, 0x0, 0x0,
    0x0, 0x0, 0x0, 0x0, 0xf, 0xff, 0xff, 0xf0,
    0x0, 0x0, 0x0, 0x0, 0x0, 0x0, 0xad, 0xdd,
    0xdf, 0xff, 0xff, 0xfd, 0xdd, 0xda, 0x0, 0x0,
    0x0, 0x0, 0xdf, 0xff, 0xff, 0xff, 0xff, 0xff,
    0xff, 0xfd, 0x0, 0x0, 0x0, 0x0, 0x1d, 0xff,
    0xff, 0xff, 0xff, 0xff, 0xff, 0xd1, 0x0, 0x0,
    0x0, 0x0, 0x1, 0xdf, 0xff, 0xff, 0xff, 0xff,
    0xfd, 0x10, 0x0, 0x0, 0x0, 0x0, 0x0, 0x1d,
    0xff, 0xff, 0xff, 0xff, 0xd1, 0x0, 0x0, 0x0,
    0x0, 0x0, 0x0, 0x1, 0xdf, 0xff, 0xff, 0xfd,
    0x10, 0x0, 0x0, 0x0, 0x0, 0x0, 0x0, 0x0,
    0x1d, 0xff, 0xff, 0xd1, 0x0, 0x0, 0x0, 0x0,
    0x25, 0x55, 0x55, 0x55, 0x11, 0xdf, 0xfd, 0x11,
    0x55, 0x55, 0x55, 0x52, 0xef, 0xff, 0xff, 0xff,
    0xd1, 0x1d, 0xd1, 0x1d, 0xff, 0xff, 0xff, 0xfe,
    0xff, 0xff, 0xff, 0xff, 0xfd, 0x10, 0x1, 0xdf,
    0xff, 0xff, 0xff, 0xff, 0xff, 0xff, 0xff, 0xff,
    0xff, 0xf9, 0x9f, 0xff, 0xff, 0xff, 0xff, 0xff,
    0xff, 0xff, 0xff, 0xff, 0xff, 0xff, 0xff, 0xff,
    0xff, 0xff, 0xff, 0xff, 0xff, 0xff, 0xff, 0xff,
    0xff, 0xff, 0xff, 0xff, 0x71, 0xe7, 0x1e, 0xff,
    0xff, 0xff, 0xff, 0xff, 0xff, 0xff, 0xff, 0xff,
    0xb6, 0xfb, 0x6f, 0xff, 0xbf, 0xff, 0xff, 0xff,
    0xff, 0xff, 0xff, 0xff, 0xff, 0xff, 0xff, 0xfb,

    /* U+F01C "" */
    0x0, 0x0, 0x3, 0xcf, 0xff, 0xff, 0xff, 0xff,
    0xff, 0xff, 0xd3, 0x0, 0x0, 0x0, 0x0, 0x1,
    0xef, 0xff, 0xff, 0xff, 0xff, 0xff, 0xff, 0xff,
    0xe1, 0x0, 0x0, 0x0, 0x0, 0xaf, 0xff, 0xff,
    0xff, 0xff, 0xff, 0xff, 0xff, 0xff, 0xa0, 0x0,
    0x0, 0x0, 0x5f, 0xff, 0x40, 0x0, 0x0, 0x0,
    0x0, 0x0, 0x4f, 0xff, 0x50, 0x0, 0x0, 0x1e,
    0xff, 0x90, 0x0, 0x0, 0x0, 0x0, 0x0, 0x0,
    0x9f, 0xfe, 0x10, 0x0, 0xa, 0xff, 0xe0, 0x0,
    0x0, 0x0, 0x0, 0x0, 0x0, 0x0, 0xef, 0xfa,
    0x0, 0x5, 0xff, 0xf4, 0x0, 0x0, 0x0, 0x0,
    0x0, 0x0, 0x0, 0x4, 0xff, 0xf5, 0x1, 0xef,
    0xf9, 0x0, 0x0, 0x0, 0x0, 0x0, 0x0, 0x0,
    0x0, 0x9, 0xff, 0xe1, 0xaf, 0xfe, 0x0, 0x0,
    0x0, 0x0, 0x0, 0x0, 0x0, 0x0, 0x0, 0xe,
    0xff, 0xaf, 0xff, 0xff, 0xff, 0xff, 0x90, 0x0,
    0x0, 0x0, 0xaf, 0xff, 0xff, 0xff, 0xff, 0xff,
    0xff, 0xff, 0xff, 0xff, 0x20, 0x0, 0x0, 0x2f,
    0xff, 0xff, 0xff, 0xff, 0xff, 0xff, 0xff, 0xff,
    0xff, 0xf9, 0x0, 0x0, 0xa, 0xff, 0xff, 0xff,
    0xff, 0xff, 0xff, 0xff, 0xff, 0xff, 0xff, 0xff,
    0xff, 0xff, 0xff, 0xff, 0xff, 0xff, 0xff, 0xff,
    0xff, 0xff, 0xff, 0xff, 0xff, 0xff, 0xff, 0xff,
    0xff, 0xff, 0xff, 0xff, 0xff, 0xff, 0xff, 0xff,
    0xff, 0xff, 0xff, 0xff, 0xff, 0xff, 0xff, 0xff,
    0xff, 0xff, 0xff, 0xff, 0xff, 0xff, 0xff, 0xff,
    0xff, 0xff, 0xff, 0xff, 0xff, 0xff, 0xff, 0xff,
    0xdf, 0xff, 0xff, 0xff, 0xff, 0xff, 0xff, 0xff,
    0xff, 0xff, 0xff, 0xff, 0xff, 0xd3, 0xdf, 0xff,
    0xff, 0xff, 0xff, 0xff, 0xff, 0xff, 0xff, 0xff,
    0xff, 0xff, 0xd3,

    /* U+F021 "" */
    0x0, 0x0, 0x0, 0x0, 0x0, 0x0, 0x0, 0x0,
    0x0, 0x0, 0x3, 0x32, 0x0, 0x0, 0x0, 0x0,
    0x3, 0x67, 0x75, 0x20, 0x0, 0x0, 0x4f, 0xff,
    0x0, 0x0, 0x0, 0x29, 0xff, 0xff, 0xff, 0xfd,
    0x70, 0x0, 0x4f, 0xff, 0x0, 0x0, 0x8, 0xff,
    0xff, 0xff, 0xff, 0xff, 0xfe, 0x60, 0x3f, 0xff,
    0x0, 0x1, 0xcf, 0xff, 0xff, 0xfe, 0xef, 0xff,
    0xff, 0xfb, 0x3f, 0xff, 0x0, 0xd, 0xff, 0xff,
    0xb4, 0x0, 0x0, 0x5b, 0xff, 0xff, 0xdf, 0xff,
    0x0, 0xaf, 0xff, 0xe4, 0x0, 0x0, 0x0, 0x0,
    0x4d, 0xff, 0xff, 0xff, 0x4, 0xff, 0xfd, 0x10,
    0x0, 0x0, 0x0, 0x0, 0x0, 0xcf, 0xff, 0xff,
    0xc, 0xff, 0xf2, 0x0, 0x0, 0x0, 0x6, 0xff,
    0xee, 0xef, 0xff, 0xff, 0x1f, 0xff, 0x80, 0x0,
    0x0, 0x0, 0x8, 0xff, 0xff, 0xff, 0xff, 0xff,
    0x5f, 0xff, 0x10, 0x0, 0x0, 0x0, 0x7, 0xff,
    0xff, 0xff, 0xff, 0xff, 0x4, 0x43, 0x0, 0x0,
    0x0, 0x0, 0x1, 0x44, 0x44, 0x44, 0x44, 0x43,
    0x0, 0x0, 0x0, 0x0, 0x0, 0x0, 0x0, 0x0,
    0x0, 0x0, 0x0, 0x0, 0x0, 0x0, 0x0, 0x0,
    0x0, 0x0, 0x0, 0x0, 0x0, 0x0, 0x0, 0x0,
    0x34, 0x44, 0x44, 0x44, 0x44, 0x0, 0x0, 0x0,
    0x0, 0x0, 0x34, 0x40, 0xff, 0xff, 0xff, 0xff,
    0xff, 0x70, 0x0, 0x0, 0x0, 0x1, 0xff, 0xf5,
    0xff, 0xff, 0xff, 0xff, 0xff, 0x80, 0x0, 0x0,
    0x0, 0x8, 0xff, 0xf1, 0xff, 0xff, 0xfd, 0xee,
    0xff, 0x60, 0x0, 0x0, 0x0, 0x2f, 0xff, 0xb0,
    0xff, 0xff, 0xfb, 0x0, 0x0, 0x0, 0x0, 0x0,
    0x1, 0xdf, 0xff, 0x40, 0xff, 0xff, 0xff, 0xd3,
    0x0, 0x0, 0x0, 0x0, 0x4e, 0xff, 0xfa, 0x0,
    0xff, 0xfe, 0xff, 0xff, 0xb5, 0x0, 0x0, 0x4b,
    0xff, 0xff, 0xd0, 0x0, 0xff, 0xf3, 0xbf, 0xff,
    0xff, 0xfe, 0xef, 0xff, 0xff, 0xfc, 0x10, 0x0,
    0xff, 0xf3, 0x6, 0xff, 0xff, 0xff, 0xff, 0xff,
    0xff, 0x80, 0x0, 0x0, 0xff, 0xf4, 0x0, 0x17,
    0xdf, 0xff, 0xff, 0xff, 0xa2, 0x0, 0x0, 0x0,
    0xff, 0xf4, 0x0, 0x0, 0x2, 0x67, 0x76, 0x30,
    0x0, 0x0, 0x0, 0x0, 0x23, 0x30, 0x0, 0x0,
    0x0, 0x0, 0x0, 0x0, 0x0, 0x0, 0x0, 0x0,

    /* U+F026 "" */
    0x0, 0x0, 0x0, 0x0, 0x1, 0xa7, 0x0, 0x0,
    0x0, 0x0, 0x1c, 0xff, 0x0, 0x0, 0x0, 0x1,
    0xcf, 0xff, 0x0, 0x0, 0x0, 0x1c, 0xff, 0xff,
    0x14, 0x44, 0x44, 0xcf, 0xff, 0xff, 0xef, 0xff,
    0xff, 0xff, 0xff, 0xff, 0xff, 0xff, 0xff, 0xff,
    0xff, 0xff, 0xff, 0xff, 0xff, 0xff, 0xff, 0xff,
    0xff, 0xff, 0xff, 0xff, 0xff, 0xff, 0xff, 0xff,
    0xff, 0xff, 0xff, 0xff, 0xff, 0xff, 0xff, 0xff,
    0xff, 0xff, 0xff, 0xff, 0xff, 0xff, 0xff, 0xff,
    0xff, 0xff, 0xff, 0xff, 0xff, 0xff, 0x7b, 0xbb,
    0xbb, 0xff, 0xff, 0xff, 0x0, 0x0, 0x0, 0x5f,
    0xff, 0xff, 0x0, 0x0, 0x0, 0x5, 0xff, 0xff,
    0x0, 0x0, 0x0, 0x0, 0x5f, 0xff, 0x0, 0x0,
    0x0, 0x0, 0x5, 0xfd, 0x0, 0x0, 0x0, 0x0,
    0x0, 0x10,

    /* U+F027 "" */
    0x0, 0x0, 0x0, 0x0, 0x0, 0x96, 0x0, 0x0,
    0x0, 0x0, 0x0, 0x0, 0x0, 0xc, 0xff, 0x0,
    0x0, 0x0, 0x0, 0x0, 0x0, 0x0, 0xcf, 0xff,
    0x0, 0x0, 0x0, 0x0, 0x0, 0x0, 0xc, 0xff,
    0xff, 0x0, 0x0, 0x0, 0x13, 0x33, 0x33, 0xcf,
    0xff, 0xff, 0x0, 0x0, 0x0, 0xdf, 0xff, 0xff,
    0xff, 0xff, 0xff, 0x0, 0x4a, 0x20, 0xff, 0xff,
    0xff, 0xff, 0xff, 0xff, 0x0, 0xcf, 0xe1, 0xff,
    0xff, 0xff, 0xff, 0xff, 0xff, 0x0, 0x3e, 0xfa,
    0xff, 0xff, 0xff, 0xff, 0xff, 0xff, 0x0, 0x6,
    0xfe, 0xff, 0xff, 0xff, 0xff, 0xff, 0xff, 0x0,
    0x5, 0xfe, 0xff, 0xff, 0xff, 0xff, 0xff, 0xff,
    0x0, 0x2e, 0xfa, 0xff, 0xff, 0xff, 0xff, 0xff,
    0xff, 0x0, 0xcf, 0xf2, 0xff, 0xff, 0xff, 0xff,
    0xff, 0xff, 0x0, 0x5b, 0x30, 0x7c, 0xcc, 0xcc,
    0xff, 0xff, 0xff, 0x0, 0x0, 0x0, 0x0, 0x0,
    0x0, 0x5f, 0xff, 0xff, 0x0, 0x0, 0x0, 0x0,
    0x0, 0x0, 0x5, 0xff, 0xff, 0x0, 0x0, 0x0,
    0x0, 0x0, 0x0, 0x0, 0x5f, 0xff, 0x0, 0x0,
    0x0, 0x0, 0x0, 0x0, 0x0, 0x5, 0xfd, 0x0,
    0x0, 0x0, 0x0, 0x0, 0x0, 0x0, 0x0, 0x21,
    0x0, 0x0, 0x0,

    /* U+F028 "" */
    0x0, 0x0, 0x0, 0x0, 0x0, 0x0, 0x0, 0x0,
    0x0, 0x0, 0x30, 0x0, 0x0, 0x0, 0x0, 0x0,
    0x0, 0x0, 0x0, 0x0, 0x0, 0x0, 0x0, 0xaf,
    0xb1, 0x0, 0x0, 0x0, 0x0, 0x0, 0x0, 0x0,
    0x0, 0x0, 0x0, 0x0, 0x7, 0xff, 0xd1, 0x0,
    0x0, 0x0, 0x0, 0x0, 0x0, 0x1a, 0x70, 0x0,
    0x0, 0x0, 0x6, 0xff, 0xd0, 0x0, 0x0, 0x0,
    0x0, 0x0, 0x1c, 0xff, 0x0, 0x0, 0x6, 0x30,
    0x5, 0xff, 0xa0, 0x0, 0x0, 0x0, 0x0, 0x1c,
    0xff, 0xf0, 0x0, 0x3, 0xff, 0x70, 0x8, 0xff,
    0x40, 0x0, 0x0, 0x0, 0x1c, 0xff, 0xff, 0x0,
    0x0, 0xc, 0xff, 0x70, 0xc, 0xfc, 0x1, 0x44,
    0x44, 0x4c, 0xff, 0xff, 0xf0, 0x0, 0x0, 0xa,
    0xff, 0x30, 0x4f, 0xf3, 0xef, 0xff, 0xff, 0xff,
    0xff, 0xff, 0x0, 0x5a, 0x20, 0xc, 0xfb, 0x0,
    0xdf, 0x8f, 0xff, 0xff, 0xff, 0xff, 0xff, 0xf0,
    0xc, 0xfe, 0x20, 0x4f, 0xf1, 0x8, 0xfb, 0xff,
    0xff, 0xff, 0xff, 0xff, 0xff, 0x0, 0x2e, 0xfa,
    0x0, 0xff, 0x50, 0x5f, 0xef, 0xff, 0xff, 0xff,
    0xff, 0xff, 0xf0, 0x0, 0x6f, 0xe0, 0xc, 0xf7,
    0x4, 0xff, 0xff, 0xff, 0xff, 0xff, 0xff, 0xff,
    0x0, 0x6, 0xfe, 0x0, 0xcf, 0x70, 0x4f, 0xff,
    0xff, 0xff, 0xff, 0xff, 0xff, 0xf0, 0x2, 0xef,
    0xa0, 0xf, 0xf5, 0x6, 0xfe, 0xff, 0xff, 0xff,
    0xff, 0xff, 0xff, 0x0, 0xcf, 0xe2, 0x4, 0xff,
    0x10, 0x9f, 0xbf, 0xff, 0xff, 0xff, 0xff, 0xff,
    0xf0, 0x4, 0xa2, 0x0, 0xcf, 0xb0, 0xd, 0xf8,
    0x7b, 0xbb, 0xbb, 0xff, 0xff, 0xff, 0x0, 0x0,
    0x0, 0xaf, 0xf3, 0x4, 0xff, 0x30, 0x0, 0x0,
    0x5, 0xff, 0xff, 0xf0, 0x0, 0x0, 0xcf, 0xf7,
    0x0, 0xcf, 0xc0, 0x0, 0x0, 0x0, 0x5, 0xff,
    0xff, 0x0, 0x0, 0x3f, 0xf7, 0x0, 0x6f, 0xf4,
    0x0, 0x0, 0x0, 0x0, 0x5, 0xff, 0xf0, 0x0,
    0x0, 0x53, 0x0, 0x4f, 0xfa, 0x0, 0x0, 0x0,
    0x0, 0x0, 0x5, 0xfd, 0x0, 0x0, 0x0, 0x0,
    0x6f, 0xfd, 0x0, 0x0, 0x0, 0x0, 0x0, 0x0,
    0x1, 0x0, 0x0, 0x0, 0x0, 0x7f, 0xfd, 0x10,
    0x0, 0x0, 0x0, 0x0, 0x0, 0x0, 0x0, 0x0,
    0x0, 0x0, 0x9, 0xfb, 0x10, 0x0, 0x0, 0x0,
    0x0, 0x0, 0x0, 0x0, 0x0, 0x0, 0x0, 0x0,
    0x3, 0x0, 0x0, 0x0,

    /* U+F03E "" */
    0x3d, 0xff, 0xff, 0xff, 0xff, 0xff, 0xff, 0xff,
    0xff, 0xff, 0xff, 0xd3, 0xdf, 0xff, 0xff, 0xff,
    0xff, 0xff, 0xff, 0xff, 0xff, 0xff, 0xff, 0xfd,
    0xff, 0xff, 0xca, 0xef, 0xff, 0xff, 0xff, 0xff,
    0xff, 0xff, 0xff, 0xff, 0xff, 0xf6, 0x0, 0x1d,
    0xff, 0xff, 0xff, 0xff, 0xff, 0xff, 0xff, 0xff,
    0xff, 0xc0, 0x0, 0x4, 0xff, 0xff, 0xff, 0xff,
    0xff, 0xff, 0xff, 0xff, 0xff, 0xa0, 0x0, 0x2,
    0xff, 0xff, 0xff, 0xff, 0x9f, 0xff, 0xff, 0xff,
    0xff, 0xe1, 0x0, 0x8, 0xff, 0xff, 0xff, 0xf4,
    0x4, 0xff, 0xff, 0xff, 0xff, 0xfc, 0x42, 0x8f,
    0xff, 0xff, 0xff, 0x40, 0x0, 0x4f, 0xff, 0xff,
    0xff, 0xff, 0xff, 0xff, 0xff, 0xff, 0xf4, 0x0,
    0x0, 0x4, 0xff, 0xff, 0xff, 0xff, 0xff, 0x6b,
    0xff, 0xff, 0x40, 0x0, 0x0, 0x0, 0x4f, 0xff,
    0xff, 0xff, 0xf4, 0x0, 0xbf, 0xf4, 0x0, 0x0,
    0x0, 0x0, 0xf, 0xff, 0xff, 0xff, 0x40, 0x0,
    0xb, 0x40, 0x0, 0x0, 0x0, 0x0, 0xf, 0xff,
    0xff, 0xf4, 0x0, 0x0, 0x0, 0x0, 0x0, 0x0,
    0x0, 0x0, 0xf, 0xff, 0xff, 0xf0, 0x0, 0x0,
    0x0, 0x0, 0x0, 0x0, 0x0, 0x0, 0xf, 0xff,
    0xff, 0xf0, 0x0, 0x0, 0x0, 0x0, 0x0, 0x0,
    0x0, 0x0, 0xf, 0xff, 0xff, 0xff, 0xff, 0xff,
    0xff, 0xff, 0xff, 0xff, 0xff, 0xff, 0xff, 0xff,
    0xdf, 0xff, 0xff, 0xff, 0xff, 0xff, 0xff, 0xff,
    0xff, 0xff, 0xff, 0xfd, 0x3d, 0xff, 0xff, 0xff,
    0xff, 0xff, 0xff, 0xff, 0xff, 0xff, 0xff, 0xd3,

    /* U+F043 "" */
    0x0, 0x0, 0x0, 0xc, 0xe3, 0x0, 0x0, 0x0,
    0x0, 0x0, 0x0, 0x5, 0xff, 0xa0, 0x0, 0x0,
    0x0, 0x0, 0x0, 0x0, 0xbf, 0xff, 0x0, 0x0,
    0x0, 0x0, 0x0, 0x0, 0x2f, 0xff, 0xf6, 0x0,
    0x0, 0x0, 0x0, 0x0, 0x9, 0xff, 0xff, 0xd0,
    0x0, 0x0, 0x0, 0x0, 0x1, 0xff, 0xff, 0xff,
    0x50, 0x0, 0x0, 0x0, 0x0, 0xaf, 0xff, 0xff,
    0xfe, 0x0, 0x0, 0x0, 0x0, 0x4f, 0xff, 0xff,
    0xff, 0xf8, 0x0, 0x0, 0x0, 0x1e, 0xff, 0xff,
    0xff, 0xff, 0xf4, 0x0, 0x0, 0xa, 0xff, 0xff,
    0xff, 0xff, 0xff, 0xe0, 0x0, 0x5, 0xff, 0xff,
    0xff, 0xff, 0xff, 0xff, 0x90, 0x0, 0xdf, 0xff,
    0xff, 0xff, 0xff, 0xff, 0xff, 0x20, 0x5f, 0xff,
    0xff, 0xff, 0xff, 0xff, 0xff, 0xf9, 0xa, 0xff,
    0xff, 0xff, 0xff, 0xff, 0xff, 0xff, 0xe0, 0xef,
    0xff, 0xff, 0xff, 0xff, 0xff, 0xff, 0xff, 0x2f,
    0xff, 0x2d, 0xff, 0xff, 0xff, 0xff, 0xff, 0xf4,
    0xef, 0xf1, 0xaf, 0xff, 0xff, 0xff, 0xff, 0xff,
    0x3c, 0xff, 0x44, 0xff, 0xff, 0xff, 0xff, 0xff,
    0xf1, 0x8f, 0xfc, 0x7, 0xff, 0xff, 0xff, 0xff,
    0xfc, 0x1, 0xff, 0xf9, 0x2, 0x7c, 0xff, 0xff,
    0xff, 0x50, 0x7, 0xff, 0xfb, 0x40, 0x6f, 0xff,
    0xff, 0xb0, 0x0, 0xa, 0xff, 0xff, 0xff, 0xff,
    0xff, 0xd1, 0x0, 0x0, 0x8, 0xff, 0xff, 0xff,
    0xff, 0xb0, 0x0, 0x0, 0x0, 0x2, 0x8d, 0xff,
    0xda, 0x40, 0x0, 0x0,

    /* U+F048 "" */
    0x34, 0x40, 0x0, 0x0, 0x0, 0x0, 0x4, 0xf,
    0xff, 0x50, 0x0, 0x0, 0x0, 0x1d, 0xfb, 0xff,
    0xf6, 0x0, 0x0, 0x0, 0x2d, 0xff, 0xff, 0xff,
    0x60, 0x0, 0x0, 0x2e, 0xff, 0xff, 0xff, 0xf6,
    0x0, 0x0, 0x3f, 0xff, 0xff, 0xff, 0xff, 0x60,
    0x0, 0x4f, 0xff, 0xff, 0xff, 0xff, 0xf6, 0x0,
    0x5f, 0xff, 0xff, 0xff, 0xff, 0xff, 0x60, 0x6f,
    0xff, 0xff, 0xff, 0xff, 0xff, 0xf6, 0x8f, 0xff,
    0xff, 0xff, 0xff, 0xff, 0xff, 0xdf, 0xff, 0xff,
    0xff, 0xff, 0xff, 0xff, 0xff, 0xff, 0xff, 0xff,
    0xff, 0xff, 0xff, 0xff, 0xff, 0xff, 0xff, 0xff,
    0xff, 0xff, 0xff, 0xff, 0xff, 0xff, 0xff, 0xff,
    0xff, 0xff, 0xff, 0x8e, 0xff, 0xff, 0xff, 0xff,
    0xff, 0xff, 0xf6, 0x1d, 0xff, 0xff, 0xff, 0xff,
    0xff, 0xff, 0x60, 0x1c, 0xff, 0xff, 0xff, 0xff,
    0xff, 0xf6, 0x0, 0xb, 0xff, 0xff, 0xff, 0xff,
    0xff, 0x60, 0x0, 0xa, 0xff, 0xff, 0xff, 0xff,
    0xf6, 0x0, 0x0, 0x9, 0xff, 0xff, 0xff, 0xff,
    0x60, 0x0, 0x0, 0x7, 0xff, 0xff, 0xff, 0xf6,
    0x0, 0x0, 0x0, 0x6, 0xff, 0xea, 0xbb, 0x30,
    0x0, 0x0, 0x0, 0x5, 0xb4,

    /* U+F04B "" */
    0x0, 0x0, 0x0, 0x0, 0x0, 0x0, 0x0, 0x0,
    0x0, 0x0, 0x3, 0xdf, 0x91, 0x0, 0x0, 0x0,
    0x0, 0x0, 0x0, 0x0, 0x0, 0xdf, 0xff, 0xe6,
    0x0, 0x0, 0x0, 0x0, 0x0, 0x0, 0x0, 0xf,
    0xff, 0xff, 0xfc, 0x30, 0x0, 0x0, 0x0, 0x0,
    0x0, 0x0, 0xff, 0xff, 0xff, 0xff, 0xa1, 0x0,
    0x0, 0x0, 0x0, 0x0, 0xf, 0xff, 0xff, 0xff,
    0xff, 0xf7, 0x0, 0x0, 0x0, 0x0, 0x0, 0xff,
    0xff, 0xff, 0xff, 0xff, 0xfd, 0x40, 0x0, 0x0,
    0x0, 0xf, 0xff, 0xff, 0xff, 0xff, 0xff, 0xff,
    0xa2, 0x0, 0x0, 0x0, 0xff, 0xff, 0xff, 0xff,
    0xff, 0xff, 0xff, 0xf8, 0x0, 0x0, 0xf, 0xff,
    0xff, 0xff, 0xff, 0xff, 0xff, 0xff, 0xfe, 0x50,
    0x0, 0xff, 0xff, 0xff, 0xff, 0xff, 0xff, 0xff,
    0xff, 0xff, 0xb2, 0xf, 0xff, 0xff, 0xff, 0xff,
    0xff, 0xff, 0xff, 0xff, 0xff, 0xf5, 0xff, 0xff,
    0xff, 0xff, 0xff, 0xff, 0xff, 0xff, 0xff, 0xff,
    0xef, 0xff, 0xff, 0xff, 0xff, 0xff, 0xff, 0xff,
    0xff, 0xff, 0xfe, 0xff, 0xff, 0xff, 0xff, 0xff,
    0xff, 0xff, 0xff, 0xff, 0xff, 0x6f, 0xff, 0xff,
    0xff, 0xff, 0xff, 0xff, 0xff, 0xff, 0xfb, 0x20,
    0xff, 0xff, 0xff, 0xff, 0xff, 0xff, 0xff, 0xff,
    0xe5, 0x0, 0xf, 0xff, 0xff, 0xff, 0xff, 0xff,
    0xff, 0xff, 0x80, 0x0, 0x0, 0xff, 0xff, 0xff,
    0xff, 0xff, 0xff, 0xfb, 0x20, 0x0, 0x0, 0xf,
    0xff, 0xff, 0xff, 0xff, 0xff, 0xd4, 0x0, 0x0,
    0x0, 0x0, 0xff, 0xff, 0xff, 0xff, 0xff, 0x70,
    0x0, 0x0, 0x0, 0x0, 0xf, 0xff, 0xff, 0xff,
    0xfa, 0x10, 0x0, 0x0, 0x0, 0x0, 0x0, 0xff,
    0xff, 0xff, 0xd3, 0x0, 0x0, 0x0, 0x0, 0x0,
    0x0, 0xd, 0xff, 0xfe, 0x60, 0x0, 0x0, 0x0,
    0x0, 0x0, 0x0, 0x0, 0x3d, 0xf9, 0x10, 0x0,
    0x0, 0x0, 0x0, 0x0, 0x0, 0x0, 0x0, 0x0,
    0x0, 0x0, 0x0, 0x0, 0x0, 0x0, 0x0, 0x0,
    0x0,

    /* U+F04C "" */
    0x19, 0xcc, 0xcc, 0xc9, 0x10, 0x0, 0x19, 0xcc,
    0xcc, 0xc9, 0x1b, 0xff, 0xff, 0xff, 0xfb, 0x0,
    0xb, 0xff, 0xff, 0xff, 0xfb, 0xff, 0xff, 0xff,
    0xff, 0xf0, 0x0, 0xff, 0xff, 0xff, 0xff, 0xff,
    0xff, 0xff, 0xff, 0xff, 0x0, 0xf, 0xff, 0xff,
    0xff, 0xff, 0xff, 0xff, 0xff, 0xff, 0xf0, 0x0,
    0xff, 0xff, 0xff, 0xff, 0xff, 0xff, 0xff, 0xff,
    0xff, 0x0, 0xf, 0xff, 0xff, 0xff, 0xff, 0xff,
    0xff, 0xff, 0xff, 0xf0, 0x0, 0xff, 0xff, 0xff,
    0xff, 0xff, 0xff, 0xff, 0xff, 0xff, 0x0, 0xf,
    0xff, 0xff, 0xff, 0xff, 0xff, 0xff, 0xff, 0xff,
    0xf0, 0x0, 0xff, 0xff, 0xff, 0xff, 0xff, 0xff,
    0xff, 0xff, 0xff, 0x0, 0xf, 0xff, 0xff, 0xff,
    0xff, 0xff, 0xff, 0xff, 0xff, 0xf0, 0x0, 0xff,
    0xff, 0xff, 0xff, 0xff, 0xff, 0xff, 0xff, 0xff,
    0x0, 0xf, 0xff, 0xff, 0xff, 0xff, 0xff, 0xff,
    0xff, 0xff, 0xf0, 0x0, 0xff, 0xff, 0xff, 0xff,
    0xff, 0xff, 0xff, 0xff, 0xff, 0x0, 0xf, 0xff,
    0xff, 0xff, 0xff, 0xff, 0xff, 0xff, 0xff, 0xf0,
    0x0, 0xff, 0xff, 0xff, 0xff, 0xff, 0xff, 0xff,
    0xff, 0xff, 0x0, 0xf, 0xff, 0xff, 0xff, 0xff,
    0xff, 0xff, 0xff, 0xff, 0xf0, 0x0, 0xff, 0xff,
    0xff, 0xff, 0xff, 0xff, 0xff, 0xff, 0xff, 0x0,
    0xf, 0xff, 0xff, 0xff, 0xff, 0xff, 0xff, 0xff,
    0xff, 0xf0, 0x0, 0xff, 0xff, 0xff, 0xff, 0xfe,
    0xff, 0xff, 0xff, 0xfe, 0x0, 0xe, 0xff, 0xff,
    0xff, 0xfe, 0x5f, 0xff, 0xff, 0xff, 0x50, 0x0,
    0x5f, 0xff, 0xff, 0xff, 0x50, 0x13, 0x33, 0x33,
    0x10, 0x0, 0x0, 0x13, 0x33, 0x33, 0x10,

    /* U+F04D "" */
    0x1, 0x44, 0x44, 0x44, 0x44, 0x44, 0x44, 0x44,
    0x44, 0x41, 0x6, 0xff, 0xff, 0xff, 0xff, 0xff,
    0xff, 0xff, 0xff, 0xff, 0xf6, 0xef, 0xff, 0xff,
    0xff, 0xff, 0xff, 0xff, 0xff, 0xff, 0xff, 0xef,
    0xff, 0xff, 0xff, 0xff, 0xff, 0xff, 0xff, 0xff,
    0xff, 0xff, 0xff, 0xff, 0xff, 0xff, 0xff, 0xff,
    0xff, 0xff, 0xff, 0xff, 0xff, 0xff, 0xff, 0xff,
    0xff, 0xff, 0xff, 0xff, 0xff, 0xff, 0xff, 0xff,
    0xff, 0xff, 0xff, 0xff, 0xff, 0xff, 0xff, 0xff,
    0xff, 0xff, 0xff, 0xff, 0xff, 0xff, 0xff, 0xff,
    0xff, 0xff, 0xff, 0xff, 0xff, 0xff, 0xff, 0xff,
    0xff, 0xff, 0xff, 0xff, 0xff, 0xff, 0xff, 0xff,
    0xff, 0xff, 0xff, 0xff, 0xff, 0xff, 0xff, 0xff,
    0xff, 0xff, 0xff, 0xff, 0xff, 0xff, 0xff, 0xff,
    0xff, 0xff, 0xff, 0xff, 0xff, 0xff, 0xff, 0xff,
    0xff, 0xff, 0xff, 0xff, 0xff, 0xff, 0xff, 0xff,
    0xff, 0xff, 0xff, 0xff, 0xff, 0xff, 0xff, 0xff,
    0xff, 0xff, 0xff, 0xff, 0xff, 0xff, 0xff, 0xff,
    0xff, 0xff, 0xff, 0xff, 0xff, 0xff, 0xff, 0xff,
    0xff, 0xff, 0xff, 0xff, 0xff, 0xff, 0xff, 0xff,
    0xff, 0xff, 0xff, 0xff, 0xff, 0xff, 0xff, 0xff,
    0xff, 0xff, 0xff, 0xff, 0xff, 0xff, 0xff, 0xff,
    0xff, 0xff, 0xff, 0xff, 0xff, 0xff, 0xff, 0xff,
    0xff, 0xff, 0xff, 0xff, 0xff, 0xff, 0xff, 0xff,
    0xff, 0xff, 0xff, 0xff, 0xff, 0xff, 0xff, 0xff,
    0xff, 0xff, 0xff, 0xff, 0xff, 0xff, 0xff, 0xff,
    0xff, 0xff, 0xbf, 0xff, 0xff, 0xff, 0xff, 0xff,
    0xff, 0xff, 0xff, 0xff, 0xb1, 0x8b, 0xbb, 0xbb,
    0xbb, 0xbb, 0xbb, 0xbb, 0xbb, 0xbb, 0x81,

    /* U+F051 "" */
    0x4, 0x0, 0x0, 0x0, 0x0, 0x0, 0x44, 0x3b,
    0xfd, 0x10, 0x0, 0x0, 0x0, 0x5f, 0xff, 0xff,
    0xfd, 0x20, 0x0, 0x0, 0x6, 0xff, 0xff, 0xff,
    0xfe, 0x30, 0x0, 0x0, 0x6f, 0xff, 0xff, 0xff,
    0xff, 0x40, 0x0, 0x6, 0xff, 0xff, 0xff, 0xff,
    0xff, 0x50, 0x0, 0x6f, 0xff, 0xff, 0xff, 0xff,
    0xff, 0x60, 0x6, 0xff, 0xff, 0xff, 0xff, 0xff,
    0xff, 0x70, 0x6f, 0xff, 0xff, 0xff, 0xff, 0xff,
    0xff, 0x86, 0xff, 0xff, 0xff, 0xff, 0xff, 0xff,
    0xff, 0xdf, 0xff, 0xff, 0xff, 0xff, 0xff, 0xff,
    0xff, 0xff, 0xff, 0xff, 0xff, 0xff, 0xff, 0xff,
    0xff, 0xff, 0xff, 0xff, 0xff, 0xff, 0xff, 0xff,
    0xff, 0xff, 0xff, 0xff, 0xff, 0xff, 0xfd, 0x8f,
    0xff, 0xff, 0xff, 0xff, 0xff, 0xfc, 0x16, 0xff,
    0xff, 0xff, 0xff, 0xff, 0xfc, 0x0, 0x6f, 0xff,
    0xff, 0xff, 0xff, 0xfb, 0x0, 0x6, 0xff, 0xff,
    0xff, 0xff, 0xfa, 0x0, 0x0, 0x6f, 0xff, 0xff,
    0xff, 0xf8, 0x0, 0x0, 0x6, 0xff, 0xff, 0xff,
    0xf7, 0x0, 0x0, 0x0, 0x6f, 0xff, 0xef, 0xf6,
    0x0, 0x0, 0x0, 0x6, 0xff, 0xf4, 0xb5, 0x0,
    0x0, 0x0, 0x0, 0x3b, 0xba,

    /* U+F052 "" */
    0x0, 0x0, 0x0, 0x0, 0x0, 0x37, 0x30, 0x0,
    0x0, 0x0, 0x0, 0x0, 0x0, 0x0, 0x0, 0x0,
    0x5f, 0xff, 0x50, 0x0, 0x0, 0x0, 0x0, 0x0,
    0x0, 0x0, 0x0, 0x4f, 0xff, 0xff, 0x40, 0x0,
    0x0, 0x0, 0x0, 0x0, 0x0, 0x0, 0x3f, 0xff,
    0xff, 0xff, 0x30, 0x0, 0x0, 0x0, 0x0, 0x0,
    0x0, 0x2f, 0xff, 0xff, 0xff, 0xfe, 0x20, 0x0,
    0x0, 0x0, 0x0, 0x0, 0x2e, 0xff, 0xff, 0xff,
    0xff, 0xfe, 0x20, 0x0, 0x0, 0x0, 0x0, 0x1d,
    0xff, 0xff, 0xff, 0xff, 0xff, 0xfd, 0x10, 0x0,
    0x0, 0x0, 0xc, 0xff, 0xff, 0xff, 0xff, 0xff,
    0xff, 0xfc, 0x0, 0x0, 0x0, 0xc, 0xff, 0xff,
    0xff, 0xff, 0xff, 0xff, 0xff, 0xfc, 0x0, 0x0,
    0xb, 0xff, 0xff, 0xff, 0xff, 0xff, 0xff, 0xff,
    0xff, 0xfb, 0x0, 0x8, 0xff, 0xff, 0xff, 0xff,
    0xff, 0xff, 0xff, 0xff, 0xff, 0xf8, 0x0, 0xff,
    0xff, 0xff, 0xff, 0xff, 0xff, 0xff, 0xff, 0xff,
    0xff, 0xf0, 0xd, 0xff, 0xff, 0xff, 0xff, 0xff,
    0xff, 0xff, 0xff, 0xff, 0xfd, 0x0, 0x3d, 0xff,
    0xff, 0xff, 0xff, 0xff, 0xff, 0xff, 0xff, 0xfd,
    0x30, 0x0, 0x0, 0x0, 0x0, 0x0, 0x0, 0x0,
    0x0, 0x0, 0x0, 0x0, 0x0, 0x4, 0x44, 0x44,
    0x44, 0x44, 0x44, 0x44, 0x44, 0x44, 0x44, 0x0,
    0xb, 0xff, 0xff, 0xff, 0xff, 0xff, 0xff, 0xff,
    0xff, 0xff, 0xfb, 0x0, 0xff, 0xff, 0xff, 0xff,
    0xff, 0xff, 0xff, 0xff, 0xff, 0xff, 0xf0, 0xf,
    0xff, 0xff, 0xff, 0xff, 0xff, 0xff, 0xff, 0xff,
    0xff, 0xff, 0x0, 0xff, 0xff, 0xff, 0xff, 0xff,
    0xff, 0xff, 0xff, 0xff, 0xff, 0xf0, 0xe, 0xff,
    0xff, 0xff, 0xff, 0xff, 0xff, 0xff, 0xff, 0xff,
    0xfe, 0x0, 0x4b, 0xbb, 0xbb, 0xbb, 0xbb, 0xbb,
    0xbb, 0xbb, 0xbb, 0xbb, 0x40,

    /* U+F053 "" */
    0x0, 0x0, 0x0, 0x0, 0x0, 0x20, 0x0, 0x0,
    0x0, 0x0, 0x0, 0xaf, 0xb0, 0x0, 0x0, 0x0,
    0x0, 0xaf, 0xff, 0x80, 0x0, 0x0, 0x0, 0xaf,
    0xff, 0xf8, 0x0, 0x0, 0x0, 0xaf, 0xff, 0xfa,
    0x0, 0x0, 0x0, 0xaf, 0xff, 0xfa, 0x0, 0x0,
    0x0, 0xaf, 0xff, 0xfa, 0x0, 0x0, 0x0, 0xaf,
    0xff, 0xfa, 0x0, 0x0, 0x0, 0xaf, 0xff, 0xfa,
    0x0, 0x0, 0x0, 0xaf, 0xff, 0xfa, 0x0, 0x0,
    0x0, 0x8f, 0xff, 0xfa, 0x0, 0x0, 0x0, 0x8,
    0xff, 0xff, 0xa0, 0x0, 0x0, 0x0, 0xa, 0xff,
    0xff, 0xa0, 0x0, 0x0, 0x0, 0xa, 0xff, 0xff,
    0xa0, 0x0, 0x0, 0x0, 0xa, 0xff, 0xff, 0xa0,
    0x0, 0x0, 0x0, 0xa, 0xff, 0xff, 0xa0, 0x0,
    0x0, 0x0, 0xa, 0xff, 0xff, 0xa0, 0x0, 0x0,
    0x0, 0xa, 0xff, 0xff, 0xa0, 0x0, 0x0, 0x0,
    0xa, 0xff, 0xff, 0x80, 0x0, 0x0, 0x0, 0xa,
    0xff, 0xf8, 0x0, 0x0, 0x0, 0x0, 0xa, 0xfb,
    0x0, 0x0, 0x0, 0x0, 0x0, 0x2, 0x0,

    /* U+F054 "" */
    0x0, 0x20, 0x0, 0x0, 0x0, 0x0, 0x0, 0xbf,
    0xa0, 0x0, 0x0, 0x0, 0x0, 0x8f, 0xff, 0xa0,
    0x0, 0x0, 0x0, 0x8, 0xff, 0xff, 0xa0, 0x0,
    0x0, 0x0, 0xa, 0xff, 0xff, 0xa0, 0x0, 0x0,
    0x0, 0xa, 0xff, 0xff, 0xa0, 0x0, 0x0, 0x0,
    0xa, 0xff, 0xff, 0xa0, 0x0, 0x0, 0x0, 0xa,
    0xff, 0xff, 0xa0, 0x0, 0x0, 0x0, 0xa, 0xff,
    0xff, 0xa0, 0x0, 0x0, 0x0, 0xa, 0xff, 0xff,
    0xa0, 0x0, 0x0, 0x0, 0xa, 0xff, 0xff, 0x80,
    0x0, 0x0, 0x0, 0xaf, 0xff, 0xf8, 0x0, 0x0,
    0x0, 0xaf, 0xff, 0xfa, 0x0, 0x0, 0x0, 0xaf,
    0xff, 0xfa, 0x0, 0x0, 0x0, 0xaf, 0xff, 0xfa,
    0x0, 0x0, 0x0, 0xaf, 0xff, 0xfa, 0x0, 0x0,
    0x0, 0xaf, 0xff, 0xfa, 0x0, 0x0, 0x0, 0xaf,
    0xff, 0xfa, 0x0, 0x0, 0x0, 0x8f, 0xff, 0xfa,
    0x0, 0x0, 0x0, 0x8, 0xff, 0xfa, 0x0, 0x0,
    0x0, 0x0, 0xb, 0xfa, 0x0, 0x0, 0x0, 0x0,
    0x0, 0x2, 0x0, 0x0, 0x0, 0x0, 0x0,

    /* U+F067 "" */
    0x0, 0x0, 0x0, 0x0, 0x3, 0x43, 0x0, 0x0,
    0x0, 0x0, 0x0, 0x0, 0x0, 0x0, 0x7, 0xff,
    0xf7, 0x0, 0x0, 0x0, 0x0, 0x0, 0x0, 0x0,
    0x0, 0xbf, 0xff, 0xb0, 0x0, 0x0, 0x0, 0x0,
    0x0, 0x0, 0x0, 0xc, 0xff, 0xfc, 0x0, 0x0,
    0x0, 0x0, 0x0, 0x0, 0x0, 0x0, 0xcf, 0xff,
    0xc0, 0x0, 0x0, 0x0, 0x0, 0x0, 0x0, 0x0,
    0xc, 0xff, 0xfc, 0x0, 0x0, 0x0, 0x0, 0x0,
    0x0, 0x0, 0x0, 0xcf, 0xff, 0xc0, 0x0, 0x0,
    0x0, 0x0, 0x0, 0x0, 0x0, 0xc, 0xff, 0xfc,
    0x0, 0x0, 0x0, 0x0, 0x0, 0x0, 0x0, 0x0,
    0xcf, 0xff, 0xc0, 0x0, 0x0, 0x0, 0x8, 0xff,
    0xff, 0xff, 0xff, 0xff, 0xff, 0xff, 0xff, 0xff,
    0xf8, 0xff, 0xff, 0xff, 0xff, 0xff, 0xff, 0xff,
    0xff, 0xff, 0xff, 0xff, 0xff, 0xff, 0xff, 0xff,
    0xff, 0xff, 0xff, 0xff, 0xff, 0xff, 0xdf, 0xff,
    0xff, 0xff, 0xff, 0xff, 0xff, 0xff, 0xff, 0xff,
    0xd1, 0x77, 0x77, 0x77, 0x7d, 0xff, 0xfd, 0x77,
    0x77, 0x77, 0x71, 0x0, 0x0, 0x0, 0x0, 0xcf,
    0xff, 0xc0, 0x0, 0x0, 0x0, 0x0, 0x0, 0x0,
    0x0, 0xc, 0xff, 0xfc, 0x0, 0x0, 0x0, 0x0,
    0x0, 0x0, 0x0, 0x0, 0xcf, 0xff, 0xc0, 0x0,
    0x0, 0x0, 0x0, 0x0, 0x0, 0x0, 0xc, 0xff,
    0xfc, 0x0, 0x0, 0x0, 0x0, 0x0, 0x0, 0x0,
    0x0, 0xcf, 0xff, 0xc0, 0x0, 0x0, 0x0, 0x0,
    0x0, 0x0, 0x0, 0xc, 0xff, 0xfc, 0x0, 0x0,
    0x0, 0x0, 0x0, 0x0, 0x0, 0x0, 0xaf, 0xff,
    0xa0, 0x0, 0x0, 0x0, 0x0, 0x0, 0x0, 0x0,
    0x2, 0xab, 0xa2, 0x0, 0x0, 0x0, 0x0,

    /* U+F068 "" */
    0x16, 0x77, 0x77, 0x77, 0x77, 0x77, 0x77, 0x77,
    0x77, 0x76, 0x1d, 0xff, 0xff, 0xff, 0xff, 0xff,
    0xff, 0xff, 0xff, 0xff, 0xfd, 0xff, 0xff, 0xff,
    0xff, 0xff, 0xff, 0xff, 0xff, 0xff, 0xff, 0xff,
    0xff, 0xff, 0xff, 0xff, 0xff, 0xff, 0xff, 0xff,
    0xff, 0xff, 0x9f, 0xff, 0xff, 0xff, 0xff, 0xff,
    0xff, 0xff, 0xff, 0xff, 0x80, 0x0, 0x0, 0x0,
    0x0, 0x0, 0x0, 0x0, 0x0, 0x0, 0x0,

    /* U+F06E "" */
    0x0, 0x0, 0x0, 0x0, 0x16, 0xad, 0xef, 0xed,
    0xa6, 0x10, 0x0, 0x0, 0x0, 0x0, 0x0, 0x0,
    0x2, 0xbf, 0xff, 0xff, 0xff, 0xff, 0xff, 0xb2,
    0x0, 0x0, 0x0, 0x0, 0x0, 0x9, 0xff, 0xff,
    0xe9, 0x54, 0x59, 0xef, 0xff, 0xf9, 0x0, 0x0,
    0x0, 0x0, 0x2d, 0xff, 0xff, 0x90, 0x0, 0x0,
    0x0, 0x9f, 0xff, 0xfd, 0x20, 0x0, 0x0, 0x2e,
    0xff, 0xff, 0x70, 0x0, 0x14, 0x20, 0x0, 0x7f,
    0xff, 0xfe, 0x20, 0x0, 0x1e, 0xff, 0xff, 0xb0,
    0x0, 0x6, 0xff, 0xc2, 0x0, 0xbf, 0xff, 0xfe,
    0x10, 0xb, 0xff, 0xff, 0xf3, 0x0, 0x0, 0x5f,
    0xff, 0xe2, 0x3, 0xff, 0xff, 0xfb, 0x6, 0xff,
    0xff, 0xfe, 0x0, 0x0, 0x1c, 0xff, 0xff, 0xa0,
    0xe, 0xff, 0xff, 0xf5, 0xef, 0xff, 0xff, 0xc0,
    0xd, 0xcf, 0xff, 0xff, 0xfe, 0x0, 0xcf, 0xff,
    0xff, 0xee, 0xff, 0xff, 0xfc, 0x0, 0xff, 0xff,
    0xff, 0xff, 0xf0, 0xc, 0xff, 0xff, 0xfe, 0x5f,
    0xff, 0xff, 0xe0, 0xc, 0xff, 0xff, 0xff, 0xfc,
    0x0, 0xef, 0xff, 0xff, 0x50, 0xbf, 0xff, 0xff,
    0x30, 0x4f, 0xff, 0xff, 0xff, 0x50, 0x3f, 0xff,
    0xff, 0xb0, 0x1, 0xdf, 0xff, 0xfb, 0x0, 0x7f,
    0xff, 0xff, 0x80, 0xb, 0xff, 0xff, 0xe1, 0x0,
    0x2, 0xef, 0xff, 0xf7, 0x0, 0x39, 0xb9, 0x30,
    0x7, 0xff, 0xff, 0xe2, 0x0, 0x0, 0x2, 0xcf,
    0xff, 0xf9, 0x0, 0x0, 0x0, 0x9, 0xff, 0xff,
    0xd2, 0x0, 0x0, 0x0, 0x0, 0x9f, 0xff, 0xfe,
    0x95, 0x45, 0x9e, 0xff, 0xff, 0x90, 0x0, 0x0,
    0x0, 0x0, 0x0, 0x2a, 0xff, 0xff, 0xff, 0xff,
    0xff, 0xfb, 0x30, 0x0, 0x0, 0x0, 0x0, 0x0,
    0x0, 0x1, 0x6a, 0xdf, 0xfe, 0xda, 0x71, 0x0,
    0x0, 0x0, 0x0,

    /* U+F070 "" */
    0x5, 0xe6, 0x0, 0x0, 0x0, 0x0, 0x0, 0x0,
    0x0, 0x0, 0x0, 0x0, 0x0, 0x0, 0x0, 0x1,
    0xff, 0xf9, 0x0, 0x0, 0x0, 0x0, 0x0, 0x0,
    0x0, 0x0, 0x0, 0x0, 0x0, 0x0, 0x0, 0xd,
    0xff, 0xfc, 0x20, 0x0, 0x0, 0x0, 0x0, 0x0,
    0x0, 0x0, 0x0, 0x0, 0x0, 0x0, 0x0, 0xa,
    0xff, 0xfe, 0x40, 0x0, 0x48, 0xce, 0xff, 0xeb,
    0x72, 0x0, 0x0, 0x0, 0x0, 0x0, 0x0, 0x6,
    0xff, 0xff, 0x88, 0xef, 0xff, 0xff, 0xff, 0xff,
    0xfc, 0x40, 0x0, 0x0, 0x0, 0x0, 0x0, 0x3,
    0xef, 0xff, 0xff, 0xff, 0xb6, 0x45, 0x7d, 0xff,
    0xff, 0xb1, 0x0, 0x0, 0x0, 0x0, 0x0, 0x1,
    0xbf, 0xff, 0xfd, 0x20, 0x0, 0x0, 0x6, 0xff,
    0xff, 0xe4, 0x0, 0x0, 0x0, 0x0, 0x0, 0x0,
    0x8f, 0xff, 0xf6, 0x1, 0x76, 0x20, 0x4, 0xff,
    0xff, 0xf4, 0x0, 0x0, 0x0, 0x0, 0x10, 0x0,
    0x4e, 0xff, 0xfa, 0x1f, 0xff, 0x90, 0x8, 0xff,
    0xff, 0xf3, 0x0, 0x0, 0x0, 0x6e, 0x40, 0x0,
    0x2c, 0xff, 0xfd, 0xff, 0xff, 0x80, 0xf, 0xff,
    0xff, 0xe1, 0x0, 0x0, 0x2f, 0xff, 0x70, 0x0,
    0x9, 0xff, 0xff, 0xff, 0xff, 0x0, 0xbf, 0xff,
    0xff, 0x90, 0x0, 0x9, 0xff, 0xff, 0xb1, 0x0,
    0x6, 0xff, 0xff, 0xff, 0xf3, 0x9, 0xff, 0xff,
    0xff, 0x10, 0x0, 0x9f, 0xff, 0xff, 0xd1, 0x0,
    0x3, 0xdf, 0xff, 0xff, 0x30, 0x9f, 0xff, 0xff,
    0xf1, 0x0, 0x2, 0xff, 0xff, 0xff, 0x40, 0x0,
    0x1, 0xbf, 0xff, 0xf4, 0xb, 0xff, 0xff, 0xf9,
    0x0, 0x0, 0x7, 0xff, 0xff, 0xf9, 0x0, 0x0,
    0x0, 0x7f, 0xff, 0xf8, 0xff, 0xff, 0xfd, 0x0,
    0x0, 0x0, 0xa, 0xff, 0xff, 0xf1, 0x0, 0x0,
    0x0, 0x4e, 0xff, 0xff, 0xff, 0xff, 0x20, 0x0,
    0x0, 0x0, 0xb, 0xff, 0xff, 0xc0, 0x0, 0x0,
    0x0, 0x1c, 0xff, 0xff, 0xff, 0x40, 0x0, 0x0,
    0x0, 0x0, 0xa, 0xff, 0xff, 0xc2, 0x0, 0x0,
    0x0, 0x9, 0xff, 0xff, 0x80, 0x0, 0x0, 0x0,
    0x0, 0x0, 0x6, 0xff, 0xff, 0xfb, 0x64, 0x51,
    0x0, 0x5, 0xff, 0xff, 0x80, 0x0, 0x0, 0x0,
    0x0, 0x0, 0x1, 0x9f, 0xff, 0xff, 0xff, 0xe3,
    0x0, 0x2, 0xdf, 0xff, 0xc1, 0x0, 0x0, 0x0,
    0x0, 0x0, 0x0, 0x5, 0x9d, 0xef, 0xfe, 0xb1,
    0x0, 0x0, 0xaf, 0xff, 0xe4, 0x0, 0x0, 0x0,
    0x0, 0x0, 0x0, 0x0, 0x0, 0x0, 0x0, 0x0,
    0x0, 0x0, 0x7f, 0xff, 0xf6, 0x0, 0x0, 0x0,
    0x0, 0x0, 0x0, 0x0, 0x0, 0x0, 0x0, 0x0,
    0x0, 0x0, 0x3e, 0xff, 0x80, 0x0, 0x0, 0x0,
    0x0, 0x0, 0x0, 0x0, 0x0, 0x0, 0x0, 0x0,
    0x0, 0x0, 0x1b, 0xc0,

    /* U+F071 "" */
    0x0, 0x0, 0x0, 0x0, 0x0, 0x0, 0x1c, 0xfc,
    0x10, 0x0, 0x0, 0x0, 0x0, 0x0, 0x0, 0x0,
    0x0, 0x0, 0x0, 0x0, 0xa, 0xff, 0xfa, 0x0,
    0x0, 0x0, 0x0, 0x0, 0x0, 0x0, 0x0, 0x0,
    0x0, 0x0, 0x4, 0xff, 0xff, 0xf4, 0x0, 0x0,
    0x0, 0x0, 0x0, 0x0, 0x0, 0x0, 0x0, 0x0,
    0x0, 0xdf, 0xff, 0xff, 0xd0, 0x0, 0x0, 0x0,
    0x0, 0x0, 0x0, 0x0, 0x0, 0x0, 0x0, 0x6f,
    0xff, 0xff, 0xff, 0x60, 0x0, 0x0, 0x0, 0x0,
    0x0, 0x0, 0x0, 0x0, 0x0, 0x1e, 0xff, 0xff,
    0xff, 0xfe, 0x10, 0x0, 0x0, 0x0, 0x0, 0x0,
    0x0, 0x0, 0x0, 0x9, 0xff, 0xff, 0xff, 0xff,
    0xf9, 0x0, 0x0, 0x0, 0x0, 0x0, 0x0, 0x0,
    0x0, 0x2, 0xff, 0xff, 0xff, 0xff, 0xff, 0xf2,
    0x0, 0x0, 0x0, 0x0, 0x0, 0x0, 0x0, 0x0,
    0xbf, 0xff, 0xa4, 0x44, 0xaf, 0xff, 0xb0, 0x0,
    0x0, 0x0, 0x0, 0x0, 0x0, 0x0, 0x4f, 0xff,
    0xf7, 0x0, 0x7, 0xff, 0xff, 0x40, 0x0, 0x0,
    0x0, 0x0, 0x0, 0x0, 0xd, 0xff, 0xff, 0x80,
    0x0, 0x8f, 0xff, 0xfd, 0x0, 0x0, 0x0, 0x0,
    0x0, 0x0, 0x7, 0xff, 0xff, 0xf9, 0x0, 0x9,
    0xff, 0xff, 0xf7, 0x0, 0x0, 0x0, 0x0, 0x0,
    0x1, 0xff, 0xff, 0xff, 0xa0, 0x0, 0xaf, 0xff,
    0xff, 0xf1, 0x0, 0x0, 0x0, 0x0, 0x0, 0x9f,
    0xff, 0xff, 0xfb, 0x0, 0xb, 0xff, 0xff, 0xff,
    0x90, 0x0, 0x0, 0x0, 0x0, 0x3f, 0xff, 0xff,
    0xff, 0xc0, 0x0, 0xcf, 0xff, 0xff, 0xff, 0x30,
    0x0, 0x0, 0x0, 0xc, 0xff, 0xff, 0xff, 0xfd,
    0x0, 0xd, 0xff, 0xff, 0xff, 0xfc, 0x0, 0x0,
    0x0, 0x5, 0xff, 0xff, 0xff, 0xff, 0xff, 0xdf,
    0xff, 0xff, 0xff, 0xff, 0xf5, 0x0, 0x0, 0x0,
    0xef, 0xff, 0xff, 0xff, 0xfd, 0x10, 0x2d, 0xff,
    0xff, 0xff, 0xff, 0xe0, 0x0, 0x0, 0x7f, 0xff,
    0xff, 0xff, 0xff, 0x60, 0x0, 0x6f, 0xff, 0xff,
    0xff, 0xff, 0x70, 0x0, 0x1f, 0xff, 0xff, 0xff,
    0xff, 0xf8, 0x0, 0x8, 0xff, 0xff, 0xff, 0xff,
    0xff, 0x10, 0xa, 0xff, 0xff, 0xff, 0xff, 0xff,
    0xf5, 0x26, 0xff, 0xff, 0xff, 0xff, 0xff, 0xfa,
    0x0, 0xff, 0xff, 0xff, 0xff, 0xff, 0xff, 0xff,
    0xff, 0xff, 0xff, 0xff, 0xff, 0xff, 0xf0, 0xd,
    0xff, 0xff, 0xff, 0xff, 0xff, 0xff, 0xff, 0xff,
    0xff, 0xff, 0xff, 0xff, 0xfd, 0x0, 0x3d, 0xff,
    0xff, 0xff, 0xff, 0xff, 0xff, 0xff, 0xff, 0xff,
    0xff, 0xff, 0xfd, 0x30,

    /* U+F074 "" */
    0x0, 0x0, 0x0, 0x0, 0x0, 0x0, 0x0, 0x0,
    0x0, 0x69, 0x0, 0x0, 0x0, 0x0, 0x0, 0x0,
    0x0, 0x0, 0x0, 0x0, 0x0, 0xff, 0xc0, 0x0,
    0x0, 0x0, 0x0, 0x0, 0x0, 0x0, 0x0, 0x0,
    0x0, 0xff, 0xfc, 0x0, 0x9b, 0xbb, 0xbb, 0x30,
    0x0, 0x0, 0x0, 0x3b, 0xbb, 0xff, 0xff, 0xc0,
    0xff, 0xff, 0xff, 0xf3, 0x0, 0x0, 0x2, 0xef,
    0xff, 0xff, 0xff, 0xfb, 0xff, 0xff, 0xff, 0xfe,
    0x20, 0x0, 0x1e, 0xff, 0xff, 0xff, 0xff, 0xfe,
    0xff, 0xff, 0xff, 0xff, 0xe1, 0x1, 0xdf, 0xff,
    0xff, 0xff, 0xff, 0xe3, 0x0, 0x0, 0x3e, 0xff,
    0xe2, 0xc, 0xff, 0xfe, 0x20, 0xff, 0xfe, 0x30,
    0x0, 0x0, 0x3, 0xff, 0x30, 0xaf, 0xff, 0xf3,
    0x0, 0xff, 0xe3, 0x0, 0x0, 0x0, 0x0, 0x54,
    0x9, 0xff, 0xff, 0x40, 0x0, 0xbe, 0x30, 0x0,
    0x0, 0x0, 0x0, 0x0, 0x7f, 0xff, 0xf6, 0x0,
    0x0, 0x0, 0x0, 0x0, 0x0, 0x0, 0x0, 0x6,
    0xff, 0xff, 0x70, 0x0, 0x0, 0x0, 0x0, 0x0,
    0x0, 0x0, 0x0, 0x4f, 0xff, 0xf9, 0x4, 0x50,
    0x0, 0xbe, 0x30, 0x0, 0x0, 0x0, 0x3, 0xff,
    0xff, 0xa0, 0x3f, 0xf3, 0x0, 0xff, 0xe3, 0x0,
    0x0, 0x0, 0x2e, 0xff, 0xfc, 0x2, 0xef, 0xfe,
    0x30, 0xff, 0xfe, 0x30, 0xff, 0xff, 0xff, 0xff,
    0xd1, 0x1, 0xef, 0xff, 0xff, 0xff, 0xff, 0xe3,
    0xff, 0xff, 0xff, 0xfe, 0x10, 0x0, 0x2e, 0xff,
    0xff, 0xff, 0xff, 0xfe, 0xff, 0xff, 0xff, 0xe2,
    0x0, 0x0, 0x3, 0xff, 0xff, 0xff, 0xff, 0xfb,
    0x9b, 0xbb, 0xbb, 0x30, 0x0, 0x0, 0x0, 0x3b,
    0xbb, 0xff, 0xff, 0xc0, 0x0, 0x0, 0x0, 0x0,
    0x0, 0x0, 0x0, 0x0, 0x0, 0xff, 0xfc, 0x0,
    0x0, 0x0, 0x0, 0x0, 0x0, 0x0, 0x0, 0x0,
    0x0, 0xff, 0xc0, 0x0, 0x0, 0x0, 0x0, 0x0,
    0x0, 0x0, 0x0, 0x0, 0x0, 0x69, 0x0, 0x0,

    /* U+F077 "" */
    0x0, 0x0, 0x0, 0x0, 0x0, 0x20, 0x0, 0x0,
    0x0, 0x0, 0x0, 0x0, 0x0, 0x0, 0x0, 0xaf,
    0x90, 0x0, 0x0, 0x0, 0x0, 0x0, 0x0, 0x0,
    0x0, 0xaf, 0xff, 0x90, 0x0, 0x0, 0x0, 0x0,
    0x0, 0x0, 0x0, 0xaf, 0xff, 0xff, 0x90, 0x0,
    0x0, 0x0, 0x0, 0x0, 0x0, 0xaf, 0xff, 0xff,
    0xff, 0x90, 0x0, 0x0, 0x0, 0x0, 0x0, 0xaf,
    0xff, 0xfd, 0xff, 0xff, 0x90, 0x0, 0x0, 0x0,
    0x0, 0xaf, 0xff, 0xf9, 0xa, 0xff, 0xff, 0x90,
    0x0, 0x0, 0x0, 0xaf, 0xff, 0xf9, 0x0, 0xa,
    0xff, 0xff, 0x90, 0x0, 0x0, 0xaf, 0xff, 0xf9,
    0x0, 0x0, 0xa, 0xff, 0xff, 0x90, 0x0, 0xaf,
    0xff, 0xf9, 0x0, 0x0, 0x0, 0xa, 0xff, 0xff,
    0x90, 0x9f, 0xff, 0xf9, 0x0, 0x0, 0x0, 0x0,
    0xa, 0xff, 0xff, 0x79, 0xff, 0xf9, 0x0, 0x0,
    0x0, 0x0, 0x0, 0xa, 0xff, 0xf8, 0xb, 0xf9,
    0x0, 0x0, 0x0, 0x0, 0x0, 0x0, 0xa, 0xfa,
    0x0, 0x2, 0x0, 0x0, 0x0, 0x0, 0x0, 0x0,
    0x0, 0x2, 0x0,

    /* U+F078 "" */
    0x0, 0x20, 0x0, 0x0, 0x0, 0x0, 0x0, 0x0,
    0x0, 0x20, 0x0, 0xbf, 0x90, 0x0, 0x0, 0x0,
    0x0, 0x0, 0x0, 0xaf, 0xa0, 0x9f, 0xff, 0x90,
    0x0, 0x0, 0x0, 0x0, 0x0, 0xaf, 0xff, 0x89,
    0xff, 0xff, 0x90, 0x0, 0x0, 0x0, 0x0, 0xaf,
    0xff, 0xf7, 0xa, 0xff, 0xff, 0x90, 0x0, 0x0,
    0x0, 0xaf, 0xff, 0xf9, 0x0, 0xa, 0xff, 0xff,
    0x90, 0x0, 0x0, 0xaf, 0xff, 0xf9, 0x0, 0x0,
    0xa, 0xff, 0xff, 0x90, 0x0, 0xaf, 0xff, 0xf9,
    0x0, 0x0, 0x0, 0xa, 0xff, 0xff, 0x90, 0xaf,
    0xff, 0xf9, 0x0, 0x0, 0x0, 0x0, 0xa, 0xff,
    0xff, 0xdf, 0xff, 0xf9, 0x0, 0x0, 0x0, 0x0,
    0x0, 0xa, 0xff, 0xff, 0xff, 0xf9, 0x0, 0x0,
    0x0, 0x0, 0x0, 0x0, 0xa, 0xff, 0xff, 0xf9,
    0x0, 0x0, 0x0, 0x0, 0x0, 0x0, 0x0, 0xa,
    0xff, 0xf9, 0x0, 0x0, 0x0, 0x0, 0x0, 0x0,
    0x0, 0x0, 0xa, 0xf9, 0x0, 0x0, 0x0, 0x0,
    0x0, 0x0, 0x0, 0x0, 0x0, 0x2, 0x0, 0x0,
    0x0, 0x0, 0x0,

    /* U+F079 "" */
    0x0, 0x0, 0x3, 0xd9, 0x0, 0x0, 0x0, 0x0,
    0x0, 0x0, 0x0, 0x0, 0x0, 0x0, 0x0, 0x0,
    0x0, 0x3, 0xef, 0xfa, 0x0, 0x0, 0x34, 0x44,
    0x44, 0x44, 0x44, 0x44, 0x10, 0x0, 0x0, 0x0,
    0x3, 0xef, 0xff, 0xfa, 0x0, 0x7f, 0xff, 0xff,
    0xff, 0xff, 0xff, 0xff, 0x0, 0x0, 0x0, 0x3,
    0xef, 0xff, 0xff, 0xfa, 0x5, 0xff, 0xff, 0xff,
    0xff, 0xff, 0xff, 0xf1, 0x0, 0x0, 0x3, 0xff,
    0xff, 0xff, 0xff, 0xfb, 0x5, 0xbb, 0xbb, 0xbb,
    0xbb, 0xbf, 0xff, 0x10, 0x0, 0x0, 0xef, 0xfe,
    0xdf, 0xfb, 0xff, 0xf8, 0x0, 0x0, 0x0, 0x0,
    0x0, 0xef, 0xf1, 0x0, 0x0, 0xd, 0xfe, 0x2b,
    0xff, 0x48, 0xff, 0x60, 0x0, 0x0, 0x0, 0x0,
    0xe, 0xff, 0x10, 0x0, 0x0, 0x17, 0x20, 0xbf,
    0xf4, 0x5, 0x50, 0x0, 0x0, 0x0, 0x0, 0x0,
    0xef, 0xf1, 0x0, 0x0, 0x0, 0x0, 0xb, 0xff,
    0x40, 0x0, 0x0, 0x0, 0x0, 0x0, 0x0, 0xe,
    0xff, 0x10, 0x0, 0x0, 0x0, 0x0, 0xbf, 0xf4,
    0x0, 0x0, 0x0, 0x0, 0x0, 0x0, 0x0, 0xef,
    0xf1, 0x0, 0x0, 0x0, 0x0, 0xb, 0xff, 0x40,
    0x0, 0x0, 0x0, 0x0, 0x0, 0x0, 0xe, 0xff,
    0x10, 0x0, 0x0, 0x0, 0x0, 0xbf, 0xf4, 0x0,
    0x0, 0x0, 0x0, 0x0, 0xaf, 0x70, 0xef, 0xf1,
    0x4f, 0xc0, 0x0, 0x0, 0xb, 0xff, 0x40, 0x0,
    0x0, 0x0, 0x0, 0x3f, 0xff, 0x6e, 0xff, 0x5f,
    0xff, 0x60, 0x0, 0x0, 0xbf, 0xf7, 0x44, 0x44,
    0x44, 0x44, 0x20, 0xcf, 0xff, 0xff, 0xff, 0xff,
    0xd1, 0x0, 0x0, 0xb, 0xff, 0xff, 0xff, 0xff,
    0xff, 0xff, 0x50, 0xbf, 0xff, 0xff, 0xff, 0xd1,
    0x0, 0x0, 0x0, 0xbf, 0xff, 0xff, 0xff, 0xff,
    0xff, 0xfe, 0x0, 0xbf, 0xff, 0xff, 0xd1, 0x0,
    0x0, 0x0, 0x4, 0xbb, 0xbb, 0xbb, 0xbb, 0xbb,
    0xbb, 0x60, 0x0, 0xbf, 0xff, 0xd1, 0x0, 0x0,
    0x0, 0x0, 0x0, 0x0, 0x0, 0x0, 0x0, 0x0,
    0x0, 0x0, 0x0, 0xbf, 0xd1, 0x0, 0x0, 0x0,
    0x0, 0x0, 0x0, 0x0, 0x0, 0x0, 0x0, 0x0,
    0x0, 0x0, 0x0, 0x40, 0x0, 0x0, 0x0,

    /* U+F07B "" */
    0x3d, 0xff, 0xff, 0xff, 0xff, 0x40, 0x0, 0x0,
    0x0, 0x0, 0x0, 0x0, 0xdf, 0xff, 0xff, 0xff,
    0xff, 0xf4, 0x0, 0x0, 0x0, 0x0, 0x0, 0x0,
    0xff, 0xff, 0xff, 0xff, 0xff, 0xff, 0x40, 0x0,
    0x0, 0x0, 0x0, 0x0, 0xff, 0xff, 0xff, 0xff,
    0xff, 0xff, 0xff, 0xff, 0xff, 0xff, 0xff, 0xd3,
    0xff, 0xff, 0xff, 0xff, 0xff, 0xff, 0xff, 0xff,
    0xff, 0xff, 0xff, 0xfd, 0xff, 0xff, 0xff, 0xff,
    0xff, 0xff, 0xff, 0xff, 0xff, 0xff, 0xff, 0xff,
    0xff, 0xff, 0xff, 0xff, 0xff, 0xff, 0xff, 0xff,
    0xff, 0xff, 0xff, 0xff, 0xff, 0xff, 0xff, 0xff,
    0xff, 0xff, 0xff, 0xff, 0xff, 0xff, 0xff, 0xff,
    0xff, 0xff, 0xff, 0xff, 0xff, 0xff, 0xff, 0xff,
    0xff, 0xff, 0xff, 0xff, 0xff, 0xff, 0xff, 0xff,
    0xff, 0xff, 0xff, 0xff, 0xff, 0xff, 0xff, 0xff,
    0xff, 0xff, 0xff, 0xff, 0xff, 0xff, 0xff, 0xff,
    0xff, 0xff, 0xff, 0xff, 0xff, 0xff, 0xff, 0xff,
    0xff, 0xff, 0xff, 0xff, 0xff, 0xff, 0xff, 0xff,
    0xff, 0xff, 0xff, 0xff, 0xff, 0xff, 0xff, 0xff,
    0xff, 0xff, 0xff, 0xff, 0xff, 0xff, 0xff, 0xff,
    0xff, 0xff, 0xff, 0xff, 0xff, 0xff, 0xff, 0xff,
    0xff, 0xff, 0xff, 0xff, 0xff, 0xff, 0xff, 0xff,
    0xff, 0xff, 0xff, 0xff, 0xff, 0xff, 0xff, 0xff,
    0xff, 0xff, 0xff, 0xff, 0xff, 0xff, 0xff, 0xff,
    0xdf, 0xff, 0xff, 0xff, 0xff, 0xff, 0xff, 0xff,
    0xff, 0xff, 0xff, 0xfd, 0x3d, 0xff, 0xff, 0xff,
    0xff, 0xff, 0xff, 0xff, 0xff, 0xff, 0xff, 0xd3,

    /* U+F093 "" */
    0x0, 0x0, 0x0, 0x0, 0x0, 0xa, 0xa0, 0x0,
    0x0, 0x0, 0x0, 0x0, 0x0, 0x0, 0x0, 0x0,
    0x0, 0xbf, 0xfb, 0x0, 0x0, 0x0, 0x0, 0x0,
    0x0, 0x0, 0x0, 0x0, 0xb, 0xff, 0xff, 0xb0,
    0x0, 0x0, 0x0, 0x0, 0x0, 0x0, 0x0, 0x0,
    0xbf, 0xff, 0xff, 0xfb, 0x0, 0x0, 0x0, 0x0,
    0x0, 0x0, 0x0, 0xb, 0xff, 0xff, 0xff, 0xff,
    0xb0, 0x0, 0x0, 0x0, 0x0, 0x0, 0x0, 0xbf,
    0xff, 0xff, 0xff, 0xff, 0xfb, 0x0, 0x0, 0x0,
    0x0, 0x0, 0xb, 0xff, 0xff, 0xff, 0xff, 0xff,
    0xff, 0xb0, 0x0, 0x0, 0x0, 0x0, 0xbf, 0xff,
    0xff, 0xff, 0xff, 0xff, 0xff, 0xfa, 0x0, 0x0,
    0x0, 0x0, 0xef, 0xff, 0xff, 0xff, 0xff, 0xff,
    0xff, 0xfe, 0x0, 0x0, 0x0, 0x0, 0x2, 0x22,
    0x2f, 0xff, 0xff, 0xf2, 0x22, 0x20, 0x0, 0x0,
    0x0, 0x0, 0x0, 0x0, 0xf, 0xff, 0xff, 0xf0,
    0x0, 0x0, 0x0, 0x0, 0x0, 0x0, 0x0, 0x0,
    0xf, 0xff, 0xff, 0xf0, 0x0, 0x0, 0x0, 0x0,
    0x0, 0x0, 0x0, 0x0, 0xf, 0xff, 0xff, 0xf0,
    0x0, 0x0, 0x0, 0x0, 0x0, 0x0, 0x0, 0x0,
    0xf, 0xff, 0xff, 0xf0, 0x0, 0x0, 0x0, 0x0,
    0x0, 0x0, 0x0, 0x0, 0xf, 0xff, 0xff, 0xf0,
    0x0, 0x0, 0x0, 0x0, 0x0, 0x0, 0x0, 0x0,
    0xf, 0xff, 0xff, 0xf0, 0x0, 0x0, 0x0, 0x0,
    0x25, 0x55, 0x55, 0x52, 0xf, 0xff, 0xff, 0xf0,
    0x25, 0x55, 0x55, 0x52, 0xef, 0xff, 0xff, 0xf9,
    0xc, 0xff, 0xff, 0xc0, 0x9f, 0xff, 0xff, 0xfe,
    0xff, 0xff, 0xff, 0xff, 0x20, 0x1, 0x10, 0x2,
    0xff, 0xff, 0xff, 0xff, 0xff, 0xff, 0xff, 0xff,
    0xf9, 0x88, 0x88, 0x9f, 0xff, 0xff, 0xff, 0xff,
    0xff, 0xff, 0xff, 0xff, 0xff, 0xff, 0xff, 0xff,
    0xff, 0xff, 0xff, 0xff, 0xff, 0xff, 0xff, 0xff,
    0xff, 0xff, 0xff, 0xff, 0x71, 0xe7, 0x1e, 0xff,
    0xff, 0xff, 0xff, 0xff, 0xff, 0xff, 0xff, 0xff,
    0xb6, 0xfb, 0x6f, 0xff, 0xbf, 0xff, 0xff, 0xff,
    0xff, 0xff, 0xff, 0xff, 0xff, 0xff, 0xff, 0xfb,

    /* U+F095 "" */
    0x0, 0x0, 0x0, 0x0, 0x0, 0x0, 0x0, 0x0,
    0x0, 0x0, 0x0, 0x0, 0x0, 0x0, 0x0, 0x0,
    0x0, 0x0, 0x0, 0x0, 0x0, 0xd, 0xea, 0x63,
    0x0, 0x0, 0x0, 0x0, 0x0, 0x0, 0x0, 0x0,
    0x0, 0x6, 0xff, 0xff, 0xff, 0x80, 0x0, 0x0,
    0x0, 0x0, 0x0, 0x0, 0x0, 0x0, 0xdf, 0xff,
    0xff, 0xff, 0x0, 0x0, 0x0, 0x0, 0x0, 0x0,
    0x0, 0x0, 0x4f, 0xff, 0xff, 0xff, 0xf0, 0x0,
    0x0, 0x0, 0x0, 0x0, 0x0, 0x0, 0xa, 0xff,
    0xff, 0xff, 0xfe, 0x0, 0x0, 0x0, 0x0, 0x0,
    0x0, 0x0, 0x1, 0xff, 0xff, 0xff, 0xff, 0xc0,
    0x0, 0x0, 0x0, 0x0, 0x0, 0x0, 0x0, 0x4f,
    0xff, 0xff, 0xff, 0xf9, 0x0, 0x0, 0x0, 0x0,
    0x0, 0x0, 0x0, 0x0, 0x9f, 0xff, 0xff, 0xff,
    0x60, 0x0, 0x0, 0x0, 0x0, 0x0, 0x0, 0x0,
    0x0, 0x6f, 0xff, 0xff, 0xf2, 0x0, 0x0, 0x0,
    0x0, 0x0, 0x0, 0x0, 0x0, 0x0, 0x6f, 0xff,
    0xfc, 0x0, 0x0, 0x0, 0x0, 0x0, 0x0, 0x0,
    0x0, 0x0, 0xa, 0xff, 0xff, 0x60, 0x0, 0x0,
    0x0, 0x0, 0x0, 0x0, 0x0, 0x0, 0x4, 0xff,
    0xff, 0xe0, 0x0, 0x0, 0x0, 0x0, 0x0, 0x0,
    0x0, 0x0, 0x1, 0xdf, 0xff, 0xf7, 0x0, 0x0,
    0x0, 0x0, 0x0, 0x0, 0x0, 0x0, 0x0, 0xbf,
    0xff, 0xfd, 0x0, 0x0, 0x0, 0x0, 0x1, 0x40,
    0x0, 0x0, 0x0, 0xaf, 0xff, 0xff, 0x30, 0x0,
    0x0, 0x0, 0x3a, 0xff, 0xa0, 0x0, 0x1, 0xbf,
    0xff, 0xff, 0x70, 0x0, 0x0, 0x5, 0xcf, 0xff,
    0xff, 0x70, 0x3, 0xdf, 0xff, 0xff, 0xa0, 0x0,
    0x0, 0xd, 0xff, 0xff, 0xff, 0xff, 0x6a, 0xff,
    0xff, 0xff, 0xb0, 0x0, 0x0, 0x0, 0xef, 0xff,
    0xff, 0xff, 0xff, 0xff, 0xff, 0xff, 0xa0, 0x0,
    0x0, 0x0, 0xa, 0xff, 0xff, 0xff, 0xff, 0xff,
    0xff, 0xff, 0x70, 0x0, 0x0, 0x0, 0x0, 0x6f,
    0xff, 0xff, 0xff, 0xff, 0xff, 0xfd, 0x30, 0x0,
    0x0, 0x0, 0x0, 0x3, 0xff, 0xff, 0xff, 0xff,
    0xff, 0xe7, 0x0, 0x0, 0x0, 0x0, 0x0, 0x0,
    0xf, 0xff, 0xff, 0xff, 0xfc, 0x60, 0x0, 0x0,
    0x0, 0x0, 0x0, 0x0, 0x0, 0x8f, 0xfe, 0xc9,
    0x62, 0x0, 0x0, 0x0, 0x0, 0x0, 0x0, 0x0,
    0x0,

    /* U+F0C4 "" */
    0x0, 0x2, 0x42, 0x0, 0x0, 0x0, 0x0, 0x0,
    0x0, 0x0, 0x0, 0x2, 0xcf, 0xff, 0xc2, 0x0,
    0x0, 0x0, 0x0, 0x37, 0x73, 0x0, 0x2e, 0xff,
    0xff, 0xfe, 0x20, 0x0, 0x0, 0x8, 0xff, 0xff,
    0x90, 0xaf, 0xff, 0xcf, 0xff, 0xa0, 0x0, 0x0,
    0x9f, 0xff, 0xff, 0xb0, 0xef, 0xf4, 0x4, 0xff,
    0xe0, 0x0, 0x9, 0xff, 0xff, 0xfb, 0x0, 0xff,
    0xf1, 0x1, 0xff, 0xf0, 0x0, 0x9f, 0xff, 0xff,
    0xb0, 0x0, 0xcf, 0xfb, 0x5b, 0xff, 0xc0, 0x9,
    0xff, 0xff, 0xfb, 0x0, 0x0, 0x5f, 0xff, 0xff,
    0xff, 0xf5, 0x9f, 0xff, 0xff, 0xb0, 0x0, 0x0,
    0x8, 0xff, 0xff, 0xff, 0xff, 0xff, 0xff, 0xfb,
    0x0, 0x0, 0x0, 0x0, 0x39, 0xbe, 0xff, 0xff,
    0xff, 0xff, 0xb0, 0x0, 0x0, 0x0, 0x0, 0x0,
    0x2, 0xef, 0xff, 0xff, 0xfb, 0x0, 0x0, 0x0,
    0x0, 0x0, 0x0, 0x0, 0xaf, 0xff, 0xff, 0xf5,
    0x0, 0x0, 0x0, 0x0, 0x0, 0x2, 0x4a, 0xff,
    0xff, 0xff, 0xff, 0x50, 0x0, 0x0, 0x0, 0x2,
    0xcf, 0xff, 0xff, 0xff, 0xff, 0xff, 0xf5, 0x0,
    0x0, 0x0, 0x2e, 0xff, 0xff, 0xff, 0xfb, 0xef,
    0xff, 0xff, 0x50, 0x0, 0x0, 0xaf, 0xff, 0xcf,
    0xff, 0xd0, 0x2e, 0xff, 0xff, 0xf5, 0x0, 0x0,
    0xef, 0xf4, 0x4, 0xff, 0xe0, 0x2, 0xef, 0xff,
    0xff, 0x50, 0x0, 0xff, 0xf1, 0x1, 0xff, 0xf0,
    0x0, 0x2e, 0xff, 0xff, 0xf5, 0x0, 0xcf, 0xfb,
    0x5b, 0xff, 0xc0, 0x0, 0x2, 0xef, 0xff, 0xff,
    0x50, 0x5f, 0xff, 0xff, 0xff, 0x50, 0x0, 0x0,
    0x2e, 0xff, 0xff, 0xd0, 0x8, 0xff, 0xff, 0xf8,
    0x0, 0x0, 0x0, 0x1, 0xae, 0xea, 0x20, 0x0,
    0x39, 0xb9, 0x30, 0x0, 0x0, 0x0, 0x0, 0x0,
    0x0, 0x0,

    /* U+F0C5 "" */
    0x0, 0x0, 0x0, 0xbf, 0xff, 0xff, 0xff, 0xf0,
    0x7a, 0x0, 0x0, 0x0, 0x0, 0xf, 0xff, 0xff,
    0xff, 0xff, 0x8, 0xfb, 0x0, 0x0, 0x0, 0x0,
    0xff, 0xff, 0xff, 0xff, 0xf0, 0x8f, 0xfb, 0x0,
    0x0, 0x0, 0xf, 0xff, 0xff, 0xff, 0xff, 0x8,
    0xff, 0xfa, 0x47, 0x88, 0x40, 0xff, 0xff, 0xff,
    0xff, 0xf0, 0x48, 0x88, 0x7f, 0xff, 0xf8, 0xf,
    0xff, 0xff, 0xff, 0xff, 0x40, 0x0, 0x0, 0xff,
    0xff, 0x80, 0xff, 0xff, 0xff, 0xff, 0xff, 0xff,
    0xff, 0xff, 0xff, 0xf8, 0xf, 0xff, 0xff, 0xff,
    0xff, 0xff, 0xff, 0xff, 0xff, 0xff, 0x80, 0xff,
    0xff, 0xff, 0xff, 0xff, 0xff, 0xff, 0xff, 0xff,
    0xf8, 0xf, 0xff, 0xff, 0xff, 0xff, 0xff, 0xff,
    0xff, 0xff, 0xff, 0x80, 0xff, 0xff, 0xff, 0xff,
    0xff, 0xff, 0xff, 0xff, 0xff, 0xf8, 0xf, 0xff,
    0xff, 0xff, 0xff, 0xff, 0xff, 0xff, 0xff, 0xff,
    0x80, 0xff, 0xff, 0xff, 0xff, 0xff, 0xff, 0xff,
    0xff, 0xff, 0xf8, 0xf, 0xff, 0xff, 0xff, 0xff,
    0xff, 0xff, 0xff, 0xff, 0xff, 0x80, 0xff, 0xff,
    0xff, 0xff, 0xff, 0xff, 0xff, 0xff, 0xff, 0xf8,
    0xf, 0xff, 0xff, 0xff, 0xff, 0xff, 0xff, 0xff,
    0xff, 0xff, 0x80, 0xff, 0xff, 0xff, 0xff, 0xff,
    0xff, 0xff, 0xff, 0xff, 0xf8, 0xf, 0xff, 0xff,
    0xff, 0xff, 0xff, 0xff, 0xff, 0xff, 0xff, 0x80,
    0xff, 0xff, 0xff, 0xff, 0xff, 0xff, 0xff, 0xff,
    0xff, 0xfc, 0x4, 0x78, 0x88, 0x88, 0x88, 0x88,
    0x88, 0x74, 0xff, 0xff, 0xfa, 0x10, 0x0, 0x0,
    0x0, 0x0, 0x0, 0x0, 0xf, 0xff, 0xff, 0xff,
    0xff, 0xff, 0xff, 0xff, 0x0, 0x0, 0x0, 0xff,
    0xff, 0xff, 0xff, 0xff, 0xff, 0xff, 0xf0, 0x0,
    0x0, 0xb, 0xff, 0xff, 0xff, 0xff, 0xff, 0xff,
    0xfb, 0x0, 0x0, 0x0,

    /* U+F0C7 "" */
    0x1, 0x44, 0x44, 0x44, 0x44, 0x44, 0x44, 0x42,
    0x0, 0x0, 0x6, 0xff, 0xff, 0xff, 0xff, 0xff,
    0xff, 0xff, 0xf8, 0x0, 0x0, 0xef, 0xff, 0xff,
    0xff, 0xff, 0xff, 0xff, 0xff, 0xf8, 0x0, 0xf,
    0xff, 0xcb, 0xbb, 0xbb, 0xbb, 0xbb, 0xbd, 0xff,
    0xf8, 0x0, 0xff, 0xf0, 0x0, 0x0, 0x0, 0x0,
    0x0, 0xf, 0xff, 0xf8, 0xf, 0xff, 0x0, 0x0,
    0x0, 0x0, 0x0, 0x0, 0xff, 0xff, 0xf7, 0xff,
    0xf0, 0x0, 0x0, 0x0, 0x0, 0x0, 0xf, 0xff,
    0xff, 0xef, 0xff, 0x0, 0x0, 0x0, 0x0, 0x0,
    0x0, 0xff, 0xff, 0xff, 0xff, 0xf0, 0x0, 0x0,
    0x0, 0x0, 0x0, 0xf, 0xff, 0xff, 0xff, 0xff,
    0x54, 0x44, 0x44, 0x44, 0x44, 0x45, 0xff, 0xff,
    0xff, 0xff, 0xff, 0xff, 0xff, 0xff, 0xff, 0xff,
    0xff, 0xff, 0xff, 0xff, 0xff, 0xff, 0xff, 0xff,
    0xff, 0xff, 0xff, 0xff, 0xff, 0xff, 0xff, 0xff,
    0xff, 0xff, 0xfe, 0xce, 0xff, 0xff, 0xff, 0xff,
    0xff, 0xff, 0xff, 0xff, 0xf8, 0x0, 0x8, 0xff,
    0xff, 0xff, 0xff, 0xff, 0xff, 0xff, 0xfc, 0x0,
    0x0, 0xc, 0xff, 0xff, 0xff, 0xff, 0xff, 0xff,
    0xff, 0x80, 0x0, 0x0, 0x8f, 0xff, 0xff, 0xff,
    0xff, 0xff, 0xff, 0xfa, 0x0, 0x0, 0xa, 0xff,
    0xff, 0xff, 0xff, 0xff, 0xff, 0xff, 0xf2, 0x0,
    0x2, 0xff, 0xff, 0xff, 0xff, 0xff, 0xff, 0xff,
    0xff, 0xf7, 0x57, 0xff, 0xff, 0xff, 0xff, 0xff,
    0xff, 0xff, 0xff, 0xff, 0xff, 0xff, 0xff, 0xff,
    0xff, 0xff, 0xbf, 0xff, 0xff, 0xff, 0xff, 0xff,
    0xff, 0xff, 0xff, 0xff, 0xb1, 0x8b, 0xbb, 0xbb,
    0xbb, 0xbb, 0xbb, 0xbb, 0xbb, 0xbb, 0x81,

    /* U+F0C9 "" */
    0x13, 0x33, 0x33, 0x33, 0x33, 0x33, 0x33, 0x33,
    0x33, 0x33, 0x1f, 0xff, 0xff, 0xff, 0xff, 0xff,
    0xff, 0xff, 0xff, 0xff, 0xfe, 0xff, 0xff, 0xff,
    0xff, 0xff, 0xff, 0xff, 0xff, 0xff, 0xff, 0xff,
    0xff, 0xff, 0xff, 0xff, 0xff, 0xff, 0xff, 0xff,
    0xff, 0xfe, 0x13, 0x33, 0x33, 0x33, 0x33, 0x33,
    0x33, 0x33, 0x33, 0x33, 0x10, 0x0, 0x0, 0x0,
    0x0, 0x0, 0x0, 0x0, 0x0, 0x0, 0x0, 0x0,
    0x0, 0x0, 0x0, 0x0, 0x0, 0x0, 0x0, 0x0,
    0x0, 0x0, 0x0, 0x0, 0x0, 0x0, 0x0, 0x0,
    0x0, 0x0, 0x0, 0x0, 0x57, 0x77, 0x77, 0x77,
    0x77, 0x77, 0x77, 0x77, 0x77, 0x77, 0x5f, 0xff,
    0xff, 0xff, 0xff, 0xff, 0xff, 0xff, 0xff, 0xff,
    0xff, 0xff, 0xff, 0xff, 0xff, 0xff, 0xff, 0xff,
    0xff, 0xff, 0xff, 0xfc, 0xee, 0xee, 0xee, 0xee,
    0xee, 0xee, 0xee, 0xee, 0xee, 0xeb, 0x0, 0x0,
    0x0, 0x0, 0x0, 0x0, 0x0, 0x0, 0x0, 0x0,
    0x0, 0x0, 0x0, 0x0, 0x0, 0x0, 0x0, 0x0,
    0x0, 0x0, 0x0, 0x0, 0x0, 0x0, 0x0, 0x0,
    0x0, 0x0, 0x0, 0x0, 0x0, 0x1, 0x33, 0x33,
    0x33, 0x33, 0x33, 0x33, 0x33, 0x33, 0x33, 0x31,
    0xff, 0xff, 0xff, 0xff, 0xff, 0xff, 0xff, 0xff,
    0xff, 0xff, 0xef, 0xff, 0xff, 0xff, 0xff, 0xff,
    0xff, 0xff, 0xff, 0xff, 0xff, 0xff, 0xff, 0xff,
    0xff, 0xff, 0xff, 0xff, 0xff, 0xff, 0xff, 0xe1,
    0x33, 0x33, 0x33, 0x33, 0x33, 0x33, 0x33, 0x33,
    0x33, 0x31,

    /* U+F0E0 "" */
    0x3d, 0xff, 0xff, 0xff, 0xff, 0xff, 0xff, 0xff,
    0xff, 0xff, 0xff, 0xd3, 0xdf, 0xff, 0xff, 0xff,
    0xff, 0xff, 0xff, 0xff, 0xff, 0xff, 0xff, 0xfd,
    0xff, 0xff, 0xff, 0xff, 0xff, 0xff, 0xff, 0xff,
    0xff, 0xff, 0xff, 0xff, 0xef, 0xff, 0xff, 0xff,
    0xff, 0xff, 0xff, 0xff, 0xff, 0xff, 0xff, 0xfe,
    0x2d, 0xff, 0xff, 0xff, 0xff, 0xff, 0xff, 0xff,
    0xff, 0xff, 0xff, 0xd2, 0x0, 0x9f, 0xff, 0xff,
    0xff, 0xff, 0xff, 0xff, 0xff, 0xff, 0xf9, 0x0,
    0xe4, 0x5, 0xff, 0xff, 0xff, 0xff, 0xff, 0xff,
    0xff, 0xff, 0x50, 0x4e, 0xff, 0x80, 0x2c, 0xff,
    0xff, 0xff, 0xff, 0xff, 0xff, 0xc2, 0x8, 0xff,
    0xff, 0xfc, 0x20, 0x8f, 0xff, 0xff, 0xff, 0xff,
    0xf9, 0x1, 0xcf, 0xff, 0xff, 0xff, 0xf5, 0x4,
    0xef, 0xff, 0xff, 0xfe, 0x40, 0x5e, 0xff, 0xff,
    0xff, 0xff, 0xff, 0x90, 0x1c, 0xff, 0xff, 0xb1,
    0x9, 0xff, 0xff, 0xff, 0xff, 0xff, 0xff, 0xfd,
    0x20, 0x6d, 0xd6, 0x2, 0xdf, 0xff, 0xff, 0xff,
    0xff, 0xff, 0xff, 0xff, 0xf6, 0x0, 0x0, 0x6f,
    0xff, 0xff, 0xff, 0xff, 0xff, 0xff, 0xff, 0xff,
    0xff, 0xd9, 0x9d, 0xff, 0xff, 0xff, 0xff, 0xff,
    0xff, 0xff, 0xff, 0xff, 0xff, 0xff, 0xff, 0xff,
    0xff, 0xff, 0xff, 0xff, 0xff, 0xff, 0xff, 0xff,
    0xff, 0xff, 0xff, 0xff, 0xff, 0xff, 0xff, 0xff,
    0xdf, 0xff, 0xff, 0xff, 0xff, 0xff, 0xff, 0xff,
    0xff, 0xff, 0xff, 0xfd, 0x3d, 0xff, 0xff, 0xff,
    0xff, 0xff, 0xff, 0xff, 0xff, 0xff, 0xff, 0xd3,

    /* U+F0E7 "" */
    0x0, 0x4f, 0xff, 0xff, 0xff, 0xf3, 0x0, 0x0,
    0x0, 0x9, 0xff, 0xff, 0xff, 0xff, 0x60, 0x0,
    0x0, 0x0, 0xbf, 0xff, 0xff, 0xff, 0xf1, 0x0,
    0x0, 0x0, 0xd, 0xff, 0xff, 0xff, 0xfc, 0x0,
    0x0, 0x0, 0x0, 0xff, 0xff, 0xff, 0xff, 0x70,
    0x0, 0x0, 0x0, 0x1f, 0xff, 0xff, 0xff, 0xf2,
    0x0, 0x0, 0x0, 0x3, 0xff, 0xff, 0xff, 0xfc,
    0x0, 0x0, 0x0, 0x0, 0x5f, 0xff, 0xff, 0xff,
    0xc8, 0x88, 0x87, 0x30, 0x8, 0xff, 0xff, 0xff,
    0xff, 0xff, 0xff, 0xff, 0x0, 0xaf, 0xff, 0xff,
    0xff, 0xff, 0xff, 0xff, 0xa0, 0xc, 0xff, 0xff,
    0xff, 0xff, 0xff, 0xff, 0xf2, 0x0, 0xef, 0xff,
    0xff, 0xff, 0xff, 0xff, 0xf8, 0x0, 0xf, 0xff,
    0xff, 0xff, 0xff, 0xff, 0xfe, 0x0, 0x0, 0x37,
    0x88, 0x88, 0xaf, 0xff, 0xff, 0x50, 0x0, 0x0,
    0x0, 0x0, 0x8, 0xff, 0xff, 0xc0, 0x0, 0x0,
    0x0, 0x0, 0x0, 0xcf, 0xff, 0xf3, 0x0, 0x0,
    0x0, 0x0, 0x0, 0xf, 0xff, 0xfa, 0x0, 0x0,
    0x0, 0x0, 0x0, 0x3, 0xff, 0xff, 0x10, 0x0,
    0x0, 0x0, 0x0, 0x0, 0x7f, 0xff, 0x70, 0x0,
    0x0, 0x0, 0x0, 0x0, 0xb, 0xff, 0xd0, 0x0,
    0x0, 0x0, 0x0, 0x0, 0x0, 0xff, 0xf4, 0x0,
    0x0, 0x0, 0x0, 0x0, 0x0, 0x3f, 0xfb, 0x0,
    0x0, 0x0, 0x0, 0x0, 0x0, 0x6, 0xff, 0x20,
    0x0, 0x0, 0x0, 0x0, 0x0, 0x0, 0x4f, 0x70,
    0x0, 0x0, 0x0, 0x0,

    /* U+F0EA "" */
    0x0, 0x0, 0x3, 0xdf, 0xd3, 0x0, 0x0, 0x0,
    0x0, 0x0, 0x4, 0x78, 0x88, 0xff, 0xef, 0xf8,
    0x88, 0x74, 0x0, 0x0, 0x0, 0xff, 0xff, 0xff,
    0x90, 0x9f, 0xff, 0xff, 0xf0, 0x0, 0x0, 0xf,
    0xff, 0xff, 0xf9, 0x9, 0xff, 0xff, 0xff, 0x0,
    0x0, 0x0, 0xff, 0xff, 0xff, 0xfe, 0xff, 0xff,
    0xff, 0xf0, 0x0, 0x0, 0xf, 0xff, 0xff, 0xff,
    0xff, 0xff, 0xff, 0xff, 0x0, 0x0, 0x0, 0xff,
    0xff, 0xff, 0xe5, 0x0, 0x0, 0x0, 0x0, 0x0,
    0x0, 0xf, 0xff, 0xff, 0xf4, 0x7, 0x88, 0x88,
    0x88, 0x3, 0x30, 0x0, 0xff, 0xff, 0xff, 0x7,
    0xff, 0xff, 0xff, 0xf0, 0x8f, 0x40, 0xf, 0xff,
    0xff, 0xf0, 0x8f, 0xff, 0xff, 0xff, 0x8, 0xff,
    0x40, 0xff, 0xff, 0xff, 0x8, 0xff, 0xff, 0xff,
    0xf0, 0x8f, 0xff, 0x4f, 0xff, 0xff, 0xf0, 0x8f,
    0xff, 0xff, 0xff, 0x8, 0xff, 0xfe, 0xff, 0xff,
    0xff, 0x8, 0xff, 0xff, 0xff, 0xf0, 0x0, 0x0,
    0xf, 0xff, 0xff, 0xf0, 0x8f, 0xff, 0xff, 0xff,
    0xb8, 0x88, 0x88, 0xff, 0xff, 0xff, 0x8, 0xff,
    0xff, 0xff, 0xff, 0xff, 0xff, 0xff, 0xff, 0xff,
    0xf0, 0x8f, 0xff, 0xff, 0xff, 0xff, 0xff, 0xff,
    0xff, 0xff, 0xff, 0x8, 0xff, 0xff, 0xff, 0xff,
    0xff, 0xff, 0xff, 0xff, 0xff, 0xf0, 0x8f, 0xff,
    0xff, 0xff, 0xff, 0xff, 0xff, 0xff, 0xff, 0xff,
    0x8, 0xff, 0xff, 0xff, 0xff, 0xff, 0xff, 0xf4,
    0x78, 0x88, 0x80, 0x8f, 0xff, 0xff, 0xff, 0xff,
    0xff, 0xff, 0x0, 0x0, 0x0, 0x8, 0xff, 0xff,
    0xff, 0xff, 0xff, 0xff, 0xf0, 0x0, 0x0, 0x0,
    0x8f, 0xff, 0xff, 0xff, 0xff, 0xff, 0xff, 0x0,
    0x0, 0x0, 0x7, 0xff, 0xff, 0xff, 0xff, 0xff,
    0xff, 0xf0, 0x0, 0x0, 0x0, 0x4f, 0xff, 0xff,
    0xff, 0xff, 0xff, 0xfb,

    /* U+F0F3 "" */
    0x0, 0x0, 0x0, 0x0, 0x8, 0xf8, 0x0, 0x0,
    0x0, 0x0, 0x0, 0x0, 0x0, 0x0, 0x0, 0xff,
    0xf0, 0x0, 0x0, 0x0, 0x0, 0x0, 0x0, 0x0,
    0x1, 0x5f, 0xff, 0x51, 0x0, 0x0, 0x0, 0x0,
    0x0, 0x0, 0x8, 0xff, 0xff, 0xff, 0xf8, 0x0,
    0x0, 0x0, 0x0, 0x0, 0xc, 0xff, 0xff, 0xff,
    0xff, 0xfb, 0x0, 0x0, 0x0, 0x0, 0xa, 0xff,
    0xff, 0xff, 0xff, 0xff, 0xf9, 0x0, 0x0, 0x0,
    0x4, 0xff, 0xff, 0xff, 0xff, 0xff, 0xff, 0xf3,
    0x0, 0x0, 0x0, 0xaf, 0xff, 0xff, 0xff, 0xff,
    0xff, 0xff, 0x90, 0x0, 0x0, 0xe, 0xff, 0xff,
    0xff, 0xff, 0xff, 0xff, 0xfd, 0x0, 0x0, 0x0,
    0xff, 0xff, 0xff, 0xff, 0xff, 0xff, 0xff, 0xf0,
    0x0, 0x0, 0xf, 0xff, 0xff, 0xff, 0xff, 0xff,
    0xff, 0xff, 0x0, 0x0, 0x1, 0xff, 0xff, 0xff,
    0xff, 0xff, 0xff, 0xff, 0xf1, 0x0, 0x0, 0x4f,
    0xff, 0xff, 0xff, 0xff, 0xff, 0xff, 0xff, 0x40,
    0x0, 0x8, 0xff, 0xff, 0xff, 0xff, 0xff, 0xff,
    0xff, 0xf8, 0x0, 0x0, 0xdf, 0xff, 0xff, 0xff,
    0xff, 0xff, 0xff, 0xff, 0xd0, 0x0, 0x5f, 0xff,
    0xff, 0xff, 0xff, 0xff, 0xff, 0xff, 0xff, 0x50,
    0x3f, 0xff, 0xff, 0xff, 0xff, 0xff, 0xff, 0xff,
    0xff, 0xff, 0x3d, 0xff, 0xff, 0xff, 0xff, 0xff,
    0xff, 0xff, 0xff, 0xff, 0xfd, 0xdf, 0xff, 0xff,
    0xff, 0xff, 0xff, 0xff, 0xff, 0xff, 0xff, 0xd2,
    0x78, 0x88, 0x88, 0x88, 0x88, 0x88, 0x88, 0x88,
    0x88, 0x72, 0x0, 0x0, 0x0, 0x0, 0x0, 0x0,
    0x0, 0x0, 0x0, 0x0, 0x0, 0x0, 0x0, 0x0,
    0x6f, 0xff, 0xff, 0x60, 0x0, 0x0, 0x0, 0x0,
    0x0, 0x0, 0x1, 0xff, 0xff, 0xe1, 0x0, 0x0,
    0x0, 0x0, 0x0, 0x0, 0x0, 0x3, 0xcf, 0xc3,
    0x0, 0x0, 0x0, 0x0,

    /* U+F11C "" */
    0x3d, 0xff, 0xff, 0xff, 0xff, 0xff, 0xff, 0xff,
    0xff, 0xff, 0xff, 0xff, 0xfd, 0x3d, 0xff, 0xff,
    0xff, 0xff, 0xff, 0xff, 0xff, 0xff, 0xff, 0xff,
    0xff, 0xff, 0xfd, 0xff, 0xff, 0xff, 0xff, 0xff,
    0xff, 0xff, 0xff, 0xff, 0xff, 0xff, 0xff, 0xff,
    0xff, 0xff, 0x10, 0x1f, 0x90, 0x9, 0xf1, 0x1,
    0xf9, 0x0, 0x9f, 0x10, 0x1f, 0xff, 0xff, 0xf0,
    0x0, 0xf8, 0x0, 0x8f, 0x0, 0xf, 0x80, 0x8,
    0xf0, 0x0, 0xff, 0xff, 0xff, 0x10, 0x1f, 0x90,
    0x9, 0xf1, 0x1, 0xf9, 0x0, 0x9f, 0x10, 0x1f,
    0xff, 0xff, 0xff, 0xff, 0xff, 0xff, 0xff, 0xff,
    0xff, 0xff, 0xff, 0xff, 0xff, 0xff, 0xff, 0xff,
    0xff, 0xb8, 0x8f, 0xe8, 0x8b, 0xfb, 0x88, 0xfe,
    0x88, 0xbf, 0xff, 0xff, 0xff, 0xff, 0xf4, 0x0,
    0xcc, 0x0, 0x4f, 0x40, 0xc, 0xc0, 0x4, 0xff,
    0xff, 0xff, 0xff, 0xff, 0x40, 0xc, 0xc0, 0x4,
    0xf4, 0x0, 0xcc, 0x0, 0x4f, 0xff, 0xff, 0xff,
    0xff, 0xfb, 0x88, 0xfe, 0x88, 0xbf, 0xb8, 0x8f,
    0xe8, 0x8b, 0xff, 0xff, 0xff, 0xff, 0xff, 0xff,
    0xff, 0xff, 0xff, 0xff, 0xff, 0xff, 0xff, 0xff,
    0xff, 0xff, 0xff, 0xf1, 0x1, 0xf9, 0x0, 0x0,
    0x0, 0x0, 0x0, 0x9, 0xf1, 0x1, 0xff, 0xff,
    0xff, 0x0, 0xf, 0x80, 0x0, 0x0, 0x0, 0x0,
    0x0, 0x8f, 0x0, 0xf, 0xff, 0xff, 0xf1, 0x1,
    0xf9, 0x0, 0x0, 0x0, 0x0, 0x0, 0x9, 0xf1,
    0x1, 0xff, 0xff, 0xff, 0xff, 0xff, 0xff, 0xff,
    0xff, 0xff, 0xff, 0xff, 0xff, 0xff, 0xff, 0xff,
    0xdf, 0xff, 0xff, 0xff, 0xff, 0xff, 0xff, 0xff,
    0xff, 0xff, 0xff, 0xff, 0xff, 0xd3, 0xdf, 0xff,
    0xff, 0xff, 0xff, 0xff, 0xff, 0xff, 0xff, 0xff,
    0xff, 0xff, 0xd3,

    /* U+F124 "" */
    0x0, 0x0, 0x0, 0x0, 0x0, 0x0, 0x0, 0x0,
    0x0, 0x0, 0x0, 0x0, 0x0, 0x0, 0x0, 0x0,
    0x0, 0x0, 0x0, 0x0, 0x0, 0x0, 0x0, 0x3a,
    0xfc, 0x20, 0x0, 0x0, 0x0, 0x0, 0x0, 0x0,
    0x0, 0x0, 0x0, 0x4b, 0xff, 0xff, 0xc0, 0x0,
    0x0, 0x0, 0x0, 0x0, 0x0, 0x0, 0x0, 0x5c,
    0xff, 0xff, 0xff, 0xf0, 0x0, 0x0, 0x0, 0x0,
    0x0, 0x0, 0x0, 0x6e, 0xff, 0xff, 0xff, 0xff,
    0xa0, 0x0, 0x0, 0x0, 0x0, 0x0, 0x1, 0x8e,
    0xff, 0xff, 0xff, 0xff, 0xff, 0x30, 0x0, 0x0,
    0x0, 0x0, 0x2, 0x9f, 0xff, 0xff, 0xff, 0xff,
    0xff, 0xfb, 0x0, 0x0, 0x0, 0x0, 0x3, 0xaf,
    0xff, 0xff, 0xff, 0xff, 0xff, 0xff, 0xf4, 0x0,
    0x0, 0x0, 0x4, 0xcf, 0xff, 0xff, 0xff, 0xff,
    0xff, 0xff, 0xff, 0xc0, 0x0, 0x0, 0x6, 0xdf,
    0xff, 0xff, 0xff, 0xff, 0xff, 0xff, 0xff, 0xff,
    0x50, 0x0, 0x3, 0xef, 0xff, 0xff, 0xff, 0xff,
    0xff, 0xff, 0xff, 0xff, 0xfe, 0x0, 0x0, 0xd,
    0xff, 0xff, 0xff, 0xff, 0xff, 0xff, 0xff, 0xff,
    0xff, 0xf6, 0x0, 0x0, 0xf, 0xff, 0xff, 0xff,
    0xff, 0xff, 0xff, 0xff, 0xff, 0xff, 0xe0, 0x0,
    0x0, 0x9, 0xff, 0xff, 0xff, 0xff, 0xff, 0xff,
    0xff, 0xff, 0xff, 0x80, 0x0, 0x0, 0x0, 0x57,
    0x88, 0x88, 0x88, 0x8c, 0xff, 0xff, 0xff, 0xff,
    0x10, 0x0, 0x0, 0x0, 0x0, 0x0, 0x0, 0x0,
    0x8, 0xff, 0xff, 0xff, 0xf9, 0x0, 0x0, 0x0,
    0x0, 0x0, 0x0, 0x0, 0x0, 0x8, 0xff, 0xff,
    0xff, 0xf2, 0x0, 0x0, 0x0, 0x0, 0x0, 0x0,
    0x0, 0x0, 0x8, 0xff, 0xff, 0xff, 0xa0, 0x0,
    0x0, 0x0, 0x0, 0x0, 0x0, 0x0, 0x0, 0x8,
    0xff, 0xff, 0xff, 0x30, 0x0, 0x0, 0x0, 0x0,
    0x0, 0x0, 0x0, 0x0, 0x8, 0xff, 0xff, 0xfc,
    0x0, 0x0, 0x0, 0x0, 0x0, 0x0, 0x0, 0x0,
    0x0, 0x8, 0xff, 0xff, 0xf4, 0x0, 0x0, 0x0,
    0x0, 0x0, 0x0, 0x0, 0x0, 0x0, 0x8, 0xff,
    0xff, 0xd0, 0x0, 0x0, 0x0, 0x0, 0x0, 0x0,
    0x0, 0x0, 0x0, 0x7, 0xff, 0xff, 0x60, 0x0,
    0x0, 0x0, 0x0, 0x0, 0x0, 0x0, 0x0, 0x0,
    0x5, 0xff, 0xfe, 0x0, 0x0, 0x0, 0x0, 0x0,
    0x0, 0x0, 0x0, 0x0, 0x0, 0x0, 0x9f, 0xd3,
    0x0, 0x0, 0x0, 0x0, 0x0, 0x0, 0x0, 0x0,
    0x0, 0x0, 0x0, 0x0, 0x0, 0x0, 0x0, 0x0,
    0x0, 0x0,

    /* U+F15B "" */
    0xbf, 0xff, 0xff, 0xff, 0xff, 0x80, 0xe4, 0x0,
    0x0, 0xff, 0xff, 0xff, 0xff, 0xff, 0x80, 0xff,
    0x40, 0x0, 0xff, 0xff, 0xff, 0xff, 0xff, 0x80,
    0xff, 0xf4, 0x0, 0xff, 0xff, 0xff, 0xff, 0xff,
    0x80, 0xff, 0xff, 0x40, 0xff, 0xff, 0xff, 0xff,
    0xff, 0x80, 0xff, 0xff, 0xf4, 0xff, 0xff, 0xff,
    0xff, 0xff, 0x80, 0xff, 0xff, 0xfe, 0xff, 0xff,
    0xff, 0xff, 0xff, 0x80, 0x0, 0x0, 0x0, 0xff,
    0xff, 0xff, 0xff, 0xff, 0xf8, 0x88, 0x88, 0x88,
    0xff, 0xff, 0xff, 0xff, 0xff, 0xff, 0xff, 0xff,
    0xff, 0xff, 0xff, 0xff, 0xff, 0xff, 0xff, 0xff,
    0xff, 0xff, 0xff, 0xff, 0xff, 0xff, 0xff, 0xff,
    0xff, 0xff, 0xff, 0xff, 0xff, 0xff, 0xff, 0xff,
    0xff, 0xff, 0xff, 0xff, 0xff, 0xff, 0xff, 0xff,
    0xff, 0xff, 0xff, 0xff, 0xff, 0xff, 0xff, 0xff,
    0xff, 0xff, 0xff, 0xff, 0xff, 0xff, 0xff, 0xff,
    0xff, 0xff, 0xff, 0xff, 0xff, 0xff, 0xff, 0xff,
    0xff, 0xff, 0xff, 0xff, 0xff, 0xff, 0xff, 0xff,
    0xff, 0xff, 0xff, 0xff, 0xff, 0xff, 0xff, 0xff,
    0xff, 0xff, 0xff, 0xff, 0xff, 0xff, 0xff, 0xff,
    0xff, 0xff, 0xff, 0xff, 0xff, 0xff, 0xff, 0xff,
    0xff, 0xff, 0xff, 0xff, 0xff, 0xff, 0xff, 0xff,
    0xff, 0xff, 0xff, 0xff, 0xff, 0xff, 0xff, 0xff,
    0xff, 0xff, 0xff, 0xff, 0xff, 0xff, 0xff, 0xff,
    0xff, 0xff, 0xff, 0xff, 0xff, 0xff, 0xff, 0xff,
    0xff, 0xff, 0xff, 0xff, 0xff, 0xff, 0xff, 0xbf,
    0xff, 0xff, 0xff, 0xff, 0xff, 0xff, 0xff, 0xfb,

    /* U+F1EB "" */
    0x0, 0x0, 0x0, 0x0, 0x0, 0x0, 0x0, 0x0,
    0x0, 0x0, 0x0, 0x0, 0x0, 0x0, 0x0, 0x0,
    0x0, 0x0, 0x0, 0x0, 0x3, 0x56, 0x77, 0x65,
    0x30, 0x0, 0x0, 0x0, 0x0, 0x0, 0x0, 0x0,
    0x0, 0x2, 0x7c, 0xff, 0xff, 0xff, 0xff, 0xff,
    0xc7, 0x20, 0x0, 0x0, 0x0, 0x0, 0x0, 0x5,
    0xcf, 0xff, 0xff, 0xff, 0xff, 0xff, 0xff, 0xff,
    0xfc, 0x50, 0x0, 0x0, 0x0, 0x3, 0xdf, 0xff,
    0xff, 0xff, 0xff, 0xff, 0xff, 0xff, 0xff, 0xff,
    0xfd, 0x30, 0x0, 0x0, 0x8f, 0xff, 0xff, 0xff,
    0xc9, 0x65, 0x44, 0x56, 0x9c, 0xff, 0xff, 0xff,
    0xf8, 0x0, 0x1c, 0xff, 0xff, 0xfd, 0x61, 0x0,
    0x0, 0x0, 0x0, 0x0, 0x16, 0xdf, 0xff, 0xff,
    0xc1, 0xdf, 0xff, 0xfe, 0x50, 0x0, 0x0, 0x0,
    0x0, 0x0, 0x0, 0x0, 0x5, 0xef, 0xff, 0xfd,
    0x9f, 0xff, 0x90, 0x0, 0x0, 0x0, 0x0, 0x0,
    0x0, 0x0, 0x0, 0x0, 0x9, 0xff, 0xf9, 0x9,
    0xf6, 0x0, 0x0, 0x0, 0x48, 0xcd, 0xff, 0xdc,
    0x84, 0x0, 0x0, 0x0, 0x6f, 0x90, 0x0, 0x10,
    0x0, 0x0, 0x6e, 0xff, 0xff, 0xff, 0xff, 0xff,
    0xe6, 0x0, 0x0, 0x1, 0x0, 0x0, 0x0, 0x0,
    0x3d, 0xff, 0xff, 0xff, 0xff, 0xff, 0xff, 0xff,
    0xd3, 0x0, 0x0, 0x0, 0x0, 0x0, 0x5, 0xff,
    0xff, 0xff, 0xfe, 0xcc, 0xef, 0xff, 0xff, 0xff,
    0x50, 0x0, 0x0, 0x0, 0x0, 0x8, 0xff, 0xff,
    0xc5, 0x10, 0x0, 0x1, 0x5c, 0xff, 0xff, 0x80,
    0x0, 0x0, 0x0, 0x0, 0x0, 0xaf, 0xe4, 0x0,
    0x0, 0x0, 0x0, 0x0, 0x4e, 0xfa, 0x0, 0x0,
    0x0, 0x0, 0x0, 0x0, 0x6, 0x10, 0x0, 0x0,
    0x0, 0x0, 0x0, 0x1, 0x60, 0x0, 0x0, 0x0,
    0x0, 0x0, 0x0, 0x0, 0x0, 0x0, 0x0, 0x22,
    0x0, 0x0, 0x0, 0x0, 0x0, 0x0, 0x0, 0x0,
    0x0, 0x0, 0x0, 0x0, 0x0, 0x1d, 0xff, 0xc1,
    0x0, 0x0, 0x0, 0x0, 0x0, 0x0, 0x0, 0x0,
    0x0, 0x0, 0x0, 0x0, 0xbf, 0xff, 0xfb, 0x0,
    0x0, 0x0, 0x0, 0x0, 0x0, 0x0, 0x0, 0x0,
    0x0, 0x0, 0x0, 0xff, 0xff, 0xff, 0x0, 0x0,
    0x0, 0x0, 0x0, 0x0, 0x0, 0x0, 0x0, 0x0,
    0x0, 0x0, 0xdf, 0xff, 0xfd, 0x0, 0x0, 0x0,
    0x0, 0x0, 0x0, 0x0, 0x0, 0x0, 0x0, 0x0,
    0x0, 0x5f, 0xff, 0xf5, 0x0, 0x0, 0x0, 0x0,
    0x0, 0x0, 0x0, 0x0, 0x0, 0x0, 0x0, 0x0,
    0x4, 0xaa, 0x40, 0x0, 0x0, 0x0, 0x0, 0x0,
    0x0,

    /* U+F240 "" */
    0x1, 0x44, 0x44, 0x44, 0x44, 0x44, 0x44, 0x44,
    0x44, 0x44, 0x44, 0x44, 0x44, 0x30, 0x0, 0x6f,
    0xff, 0xff, 0xff, 0xff, 0xff, 0xff, 0xff, 0xff,
    0xff, 0xff, 0xff, 0xff, 0xfd, 0x0, 0xef, 0xff,
    0xff, 0xff, 0xff, 0xff, 0xff, 0xff, 0xff, 0xff,
    0xff, 0xff, 0xff, 0xff, 0x60, 0xff, 0xfb, 0xbb,
    0xbb, 0xbb, 0xbb, 0xbb, 0xbb, 0xbb, 0xbb, 0xbb,
    0xbb, 0xbd, 0xff, 0xa1, 0xff, 0xf0, 0x0, 0x0,
    0x0, 0x0, 0x0, 0x0, 0x0, 0x0, 0x0, 0x0,
    0x8, 0xff, 0xfe, 0xff, 0xf0, 0x8f, 0xff, 0xff,
    0xff, 0xff, 0xff, 0xff, 0xff, 0xff, 0xff, 0x8,
    0xff, 0xff, 0xff, 0xf0, 0x8f, 0xff, 0xff, 0xff,
    0xff, 0xff, 0xff, 0xff, 0xff, 0xff, 0x5, 0xbf,
    0xff, 0xff, 0xf0, 0x8f, 0xff, 0xff, 0xff, 0xff,
    0xff, 0xff, 0xff, 0xff, 0xff, 0x0, 0xf, 0xff,
    0xff, 0xf0, 0x8f, 0xff, 0xff, 0xff, 0xff, 0xff,
    0xff, 0xff, 0xff, 0xff, 0x0, 0xf, 0xff, 0xff,
    0xf0, 0x8f, 0xff, 0xff, 0xff, 0xff, 0xff, 0xff,
    0xff, 0xff, 0xff, 0x2, 0x4f, 0xff, 0xff, 0xf0,
    0x8f, 0xff, 0xff, 0xff, 0xff, 0xff, 0xff, 0xff,
    0xff, 0xff, 0x8, 0xff, 0xff, 0xff, 0xf0, 0x0,
    0x0, 0x0, 0x0, 0x0, 0x0, 0x0, 0x0, 0x0,
    0x0, 0x8, 0xff, 0xff, 0xff, 0xf4, 0x44, 0x44,
    0x44, 0x44, 0x44, 0x44, 0x44, 0x44, 0x44, 0x44,
    0x4a, 0xff, 0xd7, 0xff, 0xff, 0xff, 0xff, 0xff,
    0xff, 0xff, 0xff, 0xff, 0xff, 0xff, 0xff, 0xff,
    0xff, 0x70, 0xbf, 0xff, 0xff, 0xff, 0xff, 0xff,
    0xff, 0xff, 0xff, 0xff, 0xff, 0xff, 0xff, 0xff,
    0x30, 0x18, 0xbb, 0xbb, 0xbb, 0xbb, 0xbb, 0xbb,
    0xbb, 0xbb, 0xbb, 0xbb, 0xbb, 0xbb, 0xa4, 0x0,

    /* U+F241 "" */
    0x1, 0x44, 0x44, 0x44, 0x44, 0x44, 0x44, 0x44,
    0x44, 0x44, 0x44, 0x44, 0x44, 0x30, 0x0, 0x6f,
    0xff, 0xff, 0xff, 0xff, 0xff, 0xff, 0xff, 0xff,
    0xff, 0xff, 0xff, 0xff, 0xfd, 0x0, 0xef, 0xff,
    0xff, 0xff, 0xff, 0xff, 0xff, 0xff, 0xff, 0xff,
    0xff, 0xff, 0xff, 0xff, 0x60, 0xff, 0xfb, 0xbb,
    0xbb, 0xbb, 0xbb, 0xbb, 0xbb, 0xbb, 0xbb, 0xbb,
    0xbb, 0xbd, 0xff, 0xa1, 0xff, 0xf0, 0x0, 0x0,
    0x0, 0x0, 0x0, 0x0, 0x0, 0x0, 0x0, 0x0,
    0x8, 0xff, 0xfe, 0xff, 0xf0, 0xbf, 0xff, 0xff,
    0xff, 0xff, 0xff, 0xff, 0xf4, 0x0, 0x0, 0x8,
    0xff, 0xff, 0xff, 0xf0, 0xbf, 0xff, 0xff, 0xff,
    0xff, 0xff, 0xff, 0xf4, 0x0, 0x0, 0x5, 0xbf,
    0xff, 0xff, 0xf0, 0xbf, 0xff, 0xff, 0xff, 0xff,
    0xff, 0xff, 0xf4, 0x0, 0x0, 0x0, 0xf, 0xff,
    0xff, 0xf0, 0xbf, 0xff, 0xff, 0xff, 0xff, 0xff,
    0xff, 0xf4, 0x0, 0x0, 0x0, 0xf, 0xff, 0xff,
    0xf0, 0xbf, 0xff, 0xff, 0xff, 0xff, 0xff, 0xff,
    0xf4, 0x0, 0x0, 0x2, 0x4f, 0xff, 0xff, 0xf0,
    0xbf, 0xff, 0xff, 0xff, 0xff, 0xff, 0xff, 0xf4,
    0x0, 0x0, 0x8, 0xff, 0xff, 0xff, 0xf0, 0x0,
    0x0, 0x0, 0x0, 0x0, 0x0, 0x0, 0x0, 0x0,
    0x0, 0x8, 0xff, 0xff, 0xff, 0xf4, 0x44, 0x44,
    0x44, 0x44, 0x44, 0x44, 0x44, 0x44, 0x44, 0x44,
    0x4a, 0xff, 0xd7, 0xff, 0xff, 0xff, 0xff, 0xff,
    0xff, 0xff, 0xff, 0xff, 0xff, 0xff, 0xff, 0xff,
    0xff, 0x70, 0xbf, 0xff, 0xff, 0xff, 0xff, 0xff,
    0xff, 0xff, 0xff, 0xff, 0xff, 0xff, 0xff, 0xff,
    0x30, 0x18, 0xbb, 0xbb, 0xbb, 0xbb, 0xbb, 0xbb,
    0xbb, 0xbb, 0xbb, 0xbb, 0xbb, 0xbb, 0xa4, 0x0,

    /* U+F242 "" */
    0x1, 0x44, 0x44, 0x44, 0x44, 0x44, 0x44, 0x44,
    0x44, 0x44, 0x44, 0x44, 0x44, 0x30, 0x0, 0x6f,
    0xff, 0xff, 0xff, 0xff, 0xff, 0xff, 0xff, 0xff,
    0xff, 0xff, 0xff, 0xff, 0xfd, 0x0, 0xef, 0xff,
    0xff, 0xff, 0xff, 0xff, 0xff, 0xff, 0xff, 0xff,
    0xff, 0xff, 0xff, 0xff, 0x60, 0xff, 0xfb, 0xbb,
    0xbb, 0xbb, 0xbb, 0xbb, 0xbb, 0xbb, 0xbb, 0xbb,
    0xbb, 0xbd, 0xff, 0xa1, 0xff, 0xf0, 0x0, 0x0,
    0x0, 0x0, 0x0, 0x0, 0x0, 0x0, 0x0, 0x0,
    0x8, 0xff, 0xfe, 0xff, 0xf0, 0x8f, 0xff, 0xff,
    0xff, 0xff, 0xf0, 0x0, 0x0, 0x0, 0x0, 0x8,
    0xff, 0xff, 0xff, 0xf0, 0x8f, 0xff, 0xff, 0xff,
    0xff, 0xf0, 0x0, 0x0, 0x0, 0x0, 0x5, 0xbf,
    0xff, 0xff, 0xf0, 0x8f, 0xff, 0xff, 0xff, 0xff,
    0xf0, 0x0, 0x0, 0x0, 0x0, 0x0, 0xf, 0xff,
    0xff, 0xf0, 0x8f, 0xff, 0xff, 0xff, 0xff, 0xf0,
    0x0, 0x0, 0x0, 0x0, 0x0, 0xf, 0xff, 0xff,
    0xf0, 0x8f, 0xff, 0xff, 0xff, 0xff, 0xf0, 0x0,
    0x0, 0x0, 0x0, 0x2, 0x4f, 0xff, 0xff, 0xf0,
    0x8f, 0xff, 0xff, 0xff, 0xff, 0xf0, 0x0, 0x0,
    0x0, 0x0, 0x8, 0xff, 0xff, 0xff, 0xf0, 0x0,
    0x0, 0x0, 0x0, 0x0, 0x0, 0x0, 0x0, 0x0,
    0x0, 0x8, 0xff, 0xff, 0xff, 0xf4, 0x44, 0x44,
    0x44, 0x44, 0x44, 0x44, 0x44, 0x44, 0x44, 0x44,
    0x4a, 0xff, 0xd7, 0xff, 0xff, 0xff, 0xff, 0xff,
    0xff, 0xff, 0xff, 0xff, 0xff, 0xff, 0xff, 0xff,
    0xff, 0x70, 0xbf, 0xff, 0xff, 0xff, 0xff, 0xff,
    0xff, 0xff, 0xff, 0xff, 0xff, 0xff, 0xff, 0xff,
    0x30, 0x18, 0xbb, 0xbb, 0xbb, 0xbb, 0xbb, 0xbb,
    0xbb, 0xbb, 0xbb, 0xbb, 0xbb, 0xbb, 0xa4, 0x0,

    /* U+F243 "" */
    0x1, 0x44, 0x44, 0x44, 0x44, 0x44, 0x44, 0x44,
    0x44, 0x44, 0x44, 0x44, 0x44, 0x30, 0x0, 0x6f,
    0xff, 0xff, 0xff, 0xff, 0xff, 0xff, 0xff, 0xff,
    0xff, 0xff, 0xff, 0xff, 0xfd, 0x0, 0xef, 0xff,
    0xff, 0xff, 0xff, 0xff, 0xff, 0xff, 0xff, 0xff,
    0xff, 0xff, 0xff, 0xff, 0x60, 0xff, 0xfb, 0xbb,
    0xbb, 0xbb, 0xbb, 0xbb, 0xbb, 0xbb, 0xbb, 0xbb,
    0xbb, 0xbd, 0xff, 0xa1, 0xff, 0xf0, 0x0, 0x0,
    0x0, 0x0, 0x0, 0x0, 0x0, 0x0, 0x0, 0x0,
    0x8, 0xff, 0xfe, 0xff, 0xf0, 0xbf, 0xff, 0xff,
    0x40, 0x0, 0x0, 0x0, 0x0, 0x0, 0x0, 0x8,
    0xff, 0xff, 0xff, 0xf0, 0xbf, 0xff, 0xff, 0x40,
    0x0, 0x0, 0x0, 0x0, 0x0, 0x0, 0x5, 0xbf,
    0xff, 0xff, 0xf0, 0xbf, 0xff, 0xff, 0x40, 0x0,
    0x0, 0x0, 0x0, 0x0, 0x0, 0x0, 0xf, 0xff,
    0xff, 0xf0, 0xbf, 0xff, 0xff, 0x40, 0x0, 0x0,
    0x0, 0x0, 0x0, 0x0, 0x0, 0xf, 0xff, 0xff,
    0xf0, 0xbf, 0xff, 0xff, 0x40, 0x0, 0x0, 0x0,
    0x0, 0x0, 0x0, 0x2, 0x4f, 0xff, 0xff, 0xf0,
    0xbf, 0xff, 0xff, 0x40, 0x0, 0x0, 0x0, 0x0,
    0x0, 0x0, 0x8, 0xff, 0xff, 0xff, 0xf0, 0x0,
    0x0, 0x0, 0x0, 0x0, 0x0, 0x0, 0x0, 0x0,
    0x0, 0x8, 0xff, 0xff, 0xff, 0xf4, 0x44, 0x44,
    0x44, 0x44, 0x44, 0x44, 0x44, 0x44, 0x44, 0x44,
    0x4a, 0xff, 0xd7, 0xff, 0xff, 0xff, 0xff, 0xff,
    0xff, 0xff, 0xff, 0xff, 0xff, 0xff, 0xff, 0xff,
    0xff, 0x70, 0xbf, 0xff, 0xff, 0xff, 0xff, 0xff,
    0xff, 0xff, 0xff, 0xff, 0xff, 0xff, 0xff, 0xff,
    0x30, 0x18, 0xbb, 0xbb, 0xbb, 0xbb, 0xbb, 0xbb,
    0xbb, 0xbb, 0xbb, 0xbb, 0xbb, 0xbb, 0xa4, 0x0,

    /* U+F244 "" */
    0x1, 0x44, 0x44, 0x44, 0x44, 0x44, 0x44, 0x44,
    0x44, 0x44, 0x44, 0x44, 0x44, 0x30, 0x0, 0x6f,
    0xff, 0xff, 0xff, 0xff, 0xff, 0xff, 0xff, 0xff,
    0xff, 0xff, 0xff, 0xff, 0xfd, 0x0, 0xef, 0xff,
    0xff, 0xff, 0xff, 0xff, 0xff, 0xff, 0xff, 0xff,
    0xff, 0xff, 0xff, 0xff, 0x60, 0xff, 0xfb, 0xbb,
    0xbb, 0xbb, 0xbb, 0xbb, 0xbb, 0xbb, 0xbb, 0xbb,
    0xbb, 0xbd, 0xff, 0xa1, 0xff, 0xf0, 0x0, 0x0,
    0x0, 0x0, 0x0, 0x0, 0x0, 0x0, 0x0, 0x0,
    0x8, 0xff, 0xfe, 0xff, 0xf0, 0x0, 0x0, 0x0,
    0x0, 0x0, 0x0, 0x0, 0x0, 0x0, 0x0, 0x8,
    0xff, 0xff, 0xff, 0xf0, 0x0, 0x0, 0x0, 0x0,
    0x0, 0x0, 0x0, 0x0, 0x0, 0x0, 0x5, 0xbf,
    0xff, 0xff, 0xf0, 0x0, 0x0, 0x0, 0x0, 0x0,
    0x0, 0x0, 0x0, 0x0, 0x0, 0x0, 0xf, 0xff,
    0xff, 0xf0, 0x0, 0x0, 0x0, 0x0, 0x0, 0x0,
    0x0, 0x0, 0x0, 0x0, 0x0, 0xf, 0xff, 0xff,
    0xf0, 0x0, 0x0, 0x0, 0x0, 0x0, 0x0, 0x0,
    0x0, 0x0, 0x0, 0x2, 0x4f, 0xff, 0xff, 0xf0,
    0x0, 0x0, 0x0, 0x0, 0x0, 0x0, 0x0, 0x0,
    0x0, 0x0, 0x8, 0xff, 0xff, 0xff, 0xf0, 0x0,
    0x0, 0x0, 0x0, 0x0, 0x0, 0x0, 0x0, 0x0,
    0x0, 0x8, 0xff, 0xff, 0xff, 0xf4, 0x44, 0x44,
    0x44, 0x44, 0x44, 0x44, 0x44, 0x44, 0x44, 0x44,
    0x4a, 0xff, 0xd7, 0xff, 0xff, 0xff, 0xff, 0xff,
    0xff, 0xff, 0xff, 0xff, 0xff, 0xff, 0xff, 0xff,
    0xff, 0x70, 0xbf, 0xff, 0xff, 0xff, 0xff, 0xff,
    0xff, 0xff, 0xff, 0xff, 0xff, 0xff, 0xff, 0xff,
    0x30, 0x18, 0xbb, 0xbb, 0xbb, 0xbb, 0xbb, 0xbb,
    0xbb, 0xbb, 0xbb, 0xbb, 0xbb, 0xbb, 0xa4, 0x0,

    /* U+F287 "" */
    0x0, 0x0, 0x0, 0x0, 0x0, 0x0, 0x0, 0x0,
    0x1, 0x0, 0x0, 0x0, 0x0, 0x0, 0x0, 0x0,
    0x0, 0x0, 0x0, 0x0, 0x0, 0x0, 0x0, 0x2d,
    0xfe, 0x30, 0x0, 0x0, 0x0, 0x0, 0x0, 0x0,
    0x0, 0x0, 0x0, 0x0, 0x0, 0x27, 0x7d, 0xff,
    0xfd, 0x0, 0x0, 0x0, 0x0, 0x0, 0x0, 0x0,
    0x0, 0x0, 0x0, 0x0, 0x4f, 0xff, 0xff, 0xff,
    0xf0, 0x0, 0x0, 0x0, 0x0, 0x0, 0x0, 0x0,
    0x0, 0x0, 0x0, 0xe, 0xf5, 0x3a, 0xff, 0xfb,
    0x0, 0x0, 0x0, 0x0, 0x0, 0x0, 0x0, 0x0,
    0x0, 0x0, 0x7, 0xf6, 0x0, 0x9, 0xda, 0x0,
    0x0, 0x0, 0x0, 0x0, 0x0, 0x0, 0x2, 0x0,
    0x0, 0x0, 0xed, 0x0, 0x0, 0x0, 0x0, 0x0,
    0x0, 0x0, 0x0, 0x0, 0x0, 0x9f, 0xfe, 0x50,
    0x0, 0x6f, 0x60, 0x0, 0x0, 0x0, 0x0, 0x0,
    0x0, 0xa4, 0x0, 0x0, 0x8f, 0xff, 0xff, 0x30,
    0x1e, 0xe0, 0x0, 0x0, 0x0, 0x0, 0x0, 0x0,
    0xf, 0xfa, 0x10, 0xe, 0xff, 0xff, 0xfd, 0xbe,
    0xfe, 0xbb, 0xbb, 0xbb, 0xbb, 0xbb, 0xbb, 0xbb,
    0xff, 0xff, 0x60, 0xef, 0xff, 0xff, 0xff, 0xff,
    0xff, 0xff, 0xff, 0xff, 0xff, 0xff, 0xff, 0xff,
    0xff, 0xfb, 0xa, 0xff, 0xff, 0xf5, 0x0, 0x0,
    0x1c, 0xf3, 0x0, 0x0, 0x0, 0x0, 0x0, 0xff,
    0xd4, 0x0, 0x1c, 0xff, 0xf9, 0x0, 0x0, 0x0,
    0x2f, 0xa0, 0x0, 0x0, 0x0, 0x0, 0xe, 0x70,
    0x0, 0x0, 0x4, 0x63, 0x0, 0x0, 0x0, 0x0,
    0xbf, 0x20, 0x0, 0x0, 0x0, 0x0, 0x0, 0x0,
    0x0, 0x0, 0x0, 0x0, 0x0, 0x0, 0x0, 0x3,
    0xfb, 0x0, 0x8f, 0xff, 0xf5, 0x0, 0x0, 0x0,
    0x0, 0x0, 0x0, 0x0, 0x0, 0x0, 0x0, 0xa,
    0xf8, 0x4b, 0xff, 0xff, 0x60, 0x0, 0x0, 0x0,
    0x0, 0x0, 0x0, 0x0, 0x0, 0x0, 0x0, 0xb,
    0xff, 0xff, 0xff, 0xf6, 0x0, 0x0, 0x0, 0x0,
    0x0, 0x0, 0x0, 0x0, 0x0, 0x0, 0x0, 0x3,
    0x5c, 0xff, 0xff, 0x60, 0x0, 0x0, 0x0, 0x0,
    0x0, 0x0, 0x0, 0x0, 0x0, 0x0, 0x0, 0x0,
    0x9f, 0xff, 0xf5, 0x0, 0x0, 0x0, 0x0, 0x0,
    0x0, 0x0, 0x0, 0x0, 0x0, 0x0, 0x0, 0x0,
    0x11, 0x10, 0x0, 0x0, 0x0, 0x0,

    /* U+F293 "" */
    0x0, 0x0, 0x2, 0x8c, 0xef, 0xfe, 0xa6, 0x0,
    0x0, 0x0, 0x0, 0x9, 0xff, 0xff, 0xff, 0xff,
    0xfe, 0x30, 0x0, 0x0, 0xc, 0xff, 0xff, 0xf4,
    0xff, 0xff, 0xff, 0x40, 0x0, 0xa, 0xff, 0xff,
    0xff, 0x5, 0xff, 0xff, 0xfe, 0x10, 0x2, 0xff,
    0xff, 0xff, 0xf0, 0x5, 0xff, 0xff, 0xf8, 0x0,
    0x9f, 0xff, 0xff, 0xff, 0x0, 0x6, 0xff, 0xff,
    0xe0, 0xe, 0xff, 0xfc, 0xff, 0xf0, 0x16, 0x7,
    0xff, 0xff, 0x21, 0xff, 0xf8, 0x9, 0xff, 0x1,
    0xf6, 0x7, 0xff, 0xf5, 0x4f, 0xff, 0xd1, 0x9,
    0xf0, 0x1f, 0x70, 0x6f, 0xff, 0x86, 0xff, 0xff,
    0xd1, 0x7, 0x1, 0x70, 0x5f, 0xff, 0xf9, 0x7f,
    0xff, 0xff, 0xd1, 0x0, 0x0, 0x3f, 0xff, 0xff,
    0xa7, 0xff, 0xff, 0xff, 0xc1, 0x0, 0x2e, 0xff,
    0xff, 0xfb, 0x7f, 0xff, 0xff, 0xff, 0x30, 0x5,
    0xff, 0xff, 0xff, 0xb7, 0xff, 0xff, 0xff, 0x40,
    0x0, 0x6, 0xff, 0xff, 0xfa, 0x6f, 0xff, 0xff,
    0x40, 0x30, 0x3, 0x7, 0xff, 0xff, 0xa4, 0xff,
    0xff, 0x40, 0x4e, 0x1, 0xe2, 0x8, 0xff, 0xf8,
    0x2f, 0xff, 0x70, 0x4f, 0xf0, 0x1f, 0x90, 0x2f,
    0xff, 0x60, 0xef, 0xff, 0x7f, 0xff, 0x1, 0xb0,
    0x2e, 0xff, 0xf3, 0xa, 0xff, 0xff, 0xff, 0xf0,
    0x0, 0x2e, 0xff, 0xff, 0x0, 0x4f, 0xff, 0xff,
    0xff, 0x0, 0x2e, 0xff, 0xff, 0x90, 0x0, 0xbf,
    0xff, 0xff, 0xf0, 0x2e, 0xff, 0xff, 0xf2, 0x0,
    0x1, 0xdf, 0xff, 0xff, 0x3e, 0xff, 0xff, 0xf7,
    0x0, 0x0, 0x0, 0xaf, 0xff, 0xff, 0xff, 0xff,
    0xf7, 0x0, 0x0, 0x0, 0x0, 0x28, 0xce, 0xff,
    0xec, 0x82, 0x0, 0x0,

    /* U+F2ED "" */
    0x0, 0x0, 0x0, 0x1a, 0xcc, 0xcc, 0xca, 0x10,
    0x0, 0x0, 0x2, 0x44, 0x44, 0x49, 0xff, 0xff,
    0xff, 0xf9, 0x44, 0x44, 0x42, 0xff, 0xff, 0xff,
    0xff, 0xff, 0xff, 0xff, 0xff, 0xff, 0xff, 0xff,
    0xff, 0xff, 0xff, 0xff, 0xff, 0xff, 0xff, 0xff,
    0xff, 0xff, 0x9b, 0xbb, 0xbb, 0xbb, 0xbb, 0xbb,
    0xbb, 0xbb, 0xbb, 0xbb, 0x80, 0x0, 0x0, 0x0,
    0x0, 0x0, 0x0, 0x0, 0x0, 0x0, 0x0, 0x8,
    0xff, 0xff, 0xff, 0xff, 0xff, 0xff, 0xff, 0xff,
    0xf8, 0x0, 0x8f, 0xff, 0xff, 0xff, 0xff, 0xff,
    0xff, 0xff, 0xff, 0x80, 0x8, 0xff, 0xff, 0xff,
    0xff, 0xff, 0xff, 0xff, 0xff, 0xf8, 0x0, 0x8f,
    0xff, 0x66, 0xff, 0xd1, 0xdf, 0xf6, 0x6f, 0xff,
    0x80, 0x8, 0xff, 0xf4, 0x4f, 0xfc, 0xc, 0xff,
    0x44, 0xff, 0xf8, 0x0, 0x8f, 0xff, 0x44, 0xff,
    0xc0, 0xcf, 0xf4, 0x4f, 0xff, 0x80, 0x8, 0xff,
    0xf4, 0x4f, 0xfc, 0xc, 0xff, 0x44, 0xff, 0xf8,
    0x0, 0x8f, 0xff, 0x44, 0xff, 0xc0, 0xcf, 0xf4,
    0x4f, 0xff, 0x80, 0x8, 0xff, 0xf4, 0x4f, 0xfc,
    0xc, 0xff, 0x44, 0xff, 0xf8, 0x0, 0x8f, 0xff,
    0x44, 0xff, 0xc0, 0xcf, 0xf4, 0x4f, 0xff, 0x80,
    0x8, 0xff, 0xf4, 0x4f, 0xfc, 0xc, 0xff, 0x44,
    0xff, 0xf8, 0x0, 0x8f, 0xff, 0x44, 0xff, 0xc0,
    0xcf, 0xf4, 0x4f, 0xff, 0x80, 0x8, 0xff, 0xf4,
    0x4f, 0xfc, 0xc, 0xff, 0x44, 0xff, 0xf8, 0x0,
    0x8f, 0xff, 0x44, 0xff, 0xc0, 0xcf, 0xf4, 0x4f,
    0xff, 0x80, 0x8, 0xff, 0xf6, 0x6f, 0xfd, 0x1d,
    0xff, 0x66, 0xff, 0xf8, 0x0, 0x7f, 0xff, 0xff,
    0xff, 0xff, 0xff, 0xff, 0xff, 0xff, 0x70, 0x5,
    0xff, 0xff, 0xff, 0xff, 0xff, 0xff, 0xff, 0xff,
    0xf5, 0x0, 0x9, 0xff, 0xff, 0xff, 0xff, 0xff,
    0xff, 0xff, 0xf9, 0x0,

    /* U+F304 "" */
    0x0, 0x0, 0x0, 0x0, 0x0, 0x0, 0x0, 0x0,
    0x0, 0x6e, 0xe5, 0x0, 0x0, 0x0, 0x0, 0x0,
    0x0, 0x0, 0x0, 0x0, 0x0, 0x7f, 0xff, 0xf6,
    0x0, 0x0, 0x0, 0x0, 0x0, 0x0, 0x0, 0x0,
    0x0, 0x7f, 0xff, 0xff, 0xf6, 0x0, 0x0, 0x0,
    0x0, 0x0, 0x0, 0x0, 0x0, 0x1f, 0xff, 0xff,
    0xff, 0xf5, 0x0, 0x0, 0x0, 0x0, 0x0, 0x0,
    0x0, 0x50, 0x3f, 0xff, 0xff, 0xff, 0xe0, 0x0,
    0x0, 0x0, 0x0, 0x0, 0x0, 0x7f, 0xb0, 0x3f,
    0xff, 0xff, 0xfe, 0x0, 0x0, 0x0, 0x0, 0x0,
    0x0, 0x7f, 0xff, 0xb0, 0x3f, 0xff, 0xff, 0x60,
    0x0, 0x0, 0x0, 0x0, 0x0, 0x7f, 0xff, 0xff,
    0xb0, 0x3f, 0xff, 0x70, 0x0, 0x0, 0x0, 0x0,
    0x0, 0x7f, 0xff, 0xff, 0xff, 0xb0, 0x3f, 0x70,
    0x0, 0x0, 0x0, 0x0, 0x0, 0x7f, 0xff, 0xff,
    0xff, 0xff, 0xb0, 0x10, 0x0, 0x0, 0x0, 0x0,
    0x0, 0x7f, 0xff, 0xff, 0xff, 0xff, 0xff, 0x50,
    0x0, 0x0, 0x0, 0x0, 0x0, 0x7f, 0xff, 0xff,
    0xff, 0xff, 0xff, 0x70, 0x0, 0x0, 0x0, 0x0,
    0x0, 0x7f, 0xff, 0xff, 0xff, 0xff, 0xff, 0x70,
    0x0, 0x0, 0x0, 0x0, 0x0, 0x7f, 0xff, 0xff,
    0xff, 0xff, 0xff, 0x70, 0x0, 0x0, 0x0, 0x0,
    0x0, 0x7f, 0xff, 0xff, 0xff, 0xff, 0xff, 0x70,
    0x0, 0x0, 0x0, 0x0, 0x0, 0x7f, 0xff, 0xff,
    0xff, 0xff, 0xff, 0x70, 0x0, 0x0, 0x0, 0x0,
    0x0, 0x7f, 0xff, 0xff, 0xff, 0xff, 0xff, 0x70,
    0x0, 0x0, 0x0, 0x0, 0x0, 0x5f, 0xff, 0xff,
    0xff, 0xff, 0xff, 0x70, 0x0, 0x0, 0x0, 0x0,
    0x0, 0x8, 0xff, 0xff, 0xff, 0xff, 0xff, 0x70,
    0x0, 0x0, 0x0, 0x0, 0x0, 0x0, 0xaf, 0xff,
    0xff, 0xff, 0xff, 0x70, 0x0, 0x0, 0x0, 0x0,
    0x0, 0x0, 0xb, 0xff, 0xff, 0xff, 0xff, 0x70,
    0x0, 0x0, 0x0, 0x0, 0x0, 0x0, 0x0, 0xdf,
    0xff, 0xff, 0xff, 0x70, 0x0, 0x0, 0x0, 0x0,
    0x0, 0x0, 0x0, 0xf, 0xff, 0xff, 0xff, 0x70,
    0x0, 0x0, 0x0, 0x0, 0x0, 0x0, 0x0, 0x0,
    0xbf, 0xdb, 0xa8, 0x50, 0x0, 0x0, 0x0, 0x0,
    0x0, 0x0, 0x0, 0x0, 0x0, 0x0, 0x0, 0x0,
    0x0, 0x0, 0x0, 0x0, 0x0, 0x0, 0x0, 0x0,
    0x0,

    /* U+F55A "" */
    0x0, 0x0, 0x0, 0x2, 0xbf, 0xff, 0xff, 0xff,
    0xff, 0xff, 0xff, 0xff, 0xff, 0xfe, 0x80, 0x0,
    0x0, 0x0, 0x3e, 0xff, 0xff, 0xff, 0xff, 0xff,
    0xff, 0xff, 0xff, 0xff, 0xff, 0xf8, 0x0, 0x0,
    0x3, 0xef, 0xff, 0xff, 0xff, 0xff, 0xff, 0xff,
    0xff, 0xff, 0xff, 0xff, 0xfe, 0x0, 0x0, 0x3e,
    0xff, 0xff, 0xff, 0xff, 0xcf, 0xff, 0xff, 0xfc,
    0xff, 0xff, 0xff, 0xff, 0x0, 0x3, 0xef, 0xff,
    0xff, 0xff, 0xf7, 0x6, 0xff, 0xff, 0x60, 0x8f,
    0xff, 0xff, 0xff, 0x0, 0x3e, 0xff, 0xff, 0xff,
    0xff, 0xc0, 0x0, 0x6f, 0xf6, 0x0, 0xc, 0xff,
    0xff, 0xff, 0x3, 0xef, 0xff, 0xff, 0xff, 0xff,
    0xf6, 0x0, 0x6, 0x60, 0x0, 0x6f, 0xff, 0xff,
    0xff, 0x3f, 0xff, 0xff, 0xff, 0xff, 0xff, 0xff,
    0x60, 0x0, 0x0, 0x6, 0xff, 0xff, 0xff, 0xff,
    0xdf, 0xff, 0xff, 0xff, 0xff, 0xff, 0xff, 0xf6,
    0x0, 0x0, 0x6f, 0xff, 0xff, 0xff, 0xff, 0xdf,
    0xff, 0xff, 0xff, 0xff, 0xff, 0xff, 0xf6, 0x0,
    0x0, 0x6f, 0xff, 0xff, 0xff, 0xff, 0x3f, 0xff,
    0xff, 0xff, 0xff, 0xff, 0xff, 0x60, 0x0, 0x0,
    0x6, 0xff, 0xff, 0xff, 0xff, 0x3, 0xff, 0xff,
    0xff, 0xff, 0xff, 0xf6, 0x0, 0x6, 0x60, 0x0,
    0x6f, 0xff, 0xff, 0xff, 0x0, 0x3e, 0xff, 0xff,
    0xff, 0xff, 0xc0, 0x0, 0x6f, 0xf6, 0x0, 0xc,
    0xff, 0xff, 0xff, 0x0, 0x3, 0xef, 0xff, 0xff,
    0xff, 0xf8, 0x6, 0xff, 0xff, 0x60, 0x7f, 0xff,
    0xff, 0xff, 0x0, 0x0, 0x3e, 0xff, 0xff, 0xff,
    0xff, 0xcf, 0xff, 0xff, 0xfc, 0xff, 0xff, 0xff,
    0xff, 0x0, 0x0, 0x3, 0xef, 0xff, 0xff, 0xff,
    0xff, 0xff, 0xff, 0xff, 0xff, 0xff, 0xff, 0xfe,
    0x0, 0x0, 0x0, 0x3e, 0xff, 0xff, 0xff, 0xff,
    0xff, 0xff, 0xff, 0xff, 0xff, 0xff, 0xf8, 0x0,
    0x0, 0x0, 0x2, 0xbf, 0xff, 0xff, 0xff, 0xff,
    0xff, 0xff, 0xff, 0xff, 0xfe, 0x80,

    /* U+F7C2 "" */
    0x0, 0x0, 0x7, 0xff, 0xff, 0xff, 0xff, 0xfe,
    0x80, 0x0, 0x0, 0x7f, 0xff, 0xff, 0xff, 0xff,
    0xff, 0xf8, 0x0, 0x7, 0xff, 0xff, 0xff, 0xff,
    0xff, 0xff, 0xfe, 0x0, 0x7f, 0xf4, 0x8, 0xf0,
    0xe, 0x90, 0xf, 0xff, 0x7, 0xff, 0xf4, 0x8,
    0xf0, 0xe, 0x90, 0xf, 0xff, 0x7f, 0xff, 0xf4,
    0x8, 0xf0, 0xe, 0x90, 0xf, 0xff, 0xff, 0xff,
    0xf4, 0x8, 0xf0, 0xe, 0x90, 0xf, 0xff, 0xff,
    0xff, 0xfa, 0x8c, 0xf8, 0x8f, 0xc8, 0x8f, 0xff,
    0xff, 0xff, 0xff, 0xff, 0xff, 0xff, 0xff, 0xff,
    0xff, 0xff, 0xff, 0xff, 0xff, 0xff, 0xff, 0xff,
    0xff, 0xff, 0xff, 0xff, 0xff, 0xff, 0xff, 0xff,
    0xff, 0xff, 0xff, 0xff, 0xff, 0xff, 0xff, 0xff,
    0xff, 0xff, 0xff, 0xff, 0xff, 0xff, 0xff, 0xff,
    0xff, 0xff, 0xff, 0xff, 0xff, 0xff, 0xff, 0xff,
    0xff, 0xff, 0xff, 0xff, 0xff, 0xff, 0xff, 0xff,
    0xff, 0xff, 0xff, 0xff, 0xff, 0xff, 0xff, 0xff,
    0xff, 0xff, 0xff, 0xff, 0xff, 0xff, 0xff, 0xff,
    0xff, 0xff, 0xff, 0xff, 0xff, 0xff, 0xff, 0xff,
    0xff, 0xff, 0xff, 0xff, 0xff, 0xff, 0xff, 0xff,
    0xff, 0xff, 0xff, 0xff, 0xff, 0xff, 0xff, 0xff,
    0xff, 0xff, 0xff, 0xff, 0xff, 0xff, 0xff, 0xff,
    0xff, 0xff, 0xff, 0xff, 0xff, 0xff, 0xff, 0xff,
    0xff, 0xff, 0xff, 0xff, 0xff, 0xef, 0xff, 0xff,
    0xff, 0xff, 0xff, 0xff, 0xff, 0xfe, 0x8f, 0xff,
    0xff, 0xff, 0xff, 0xff, 0xff, 0xff, 0xf8, 0x8,
    0xef, 0xff, 0xff, 0xff, 0xff, 0xff, 0xfe, 0x80,

    /* U+F8A2 "" */
    0x0, 0x0, 0x0, 0x0, 0x0, 0x0, 0x0, 0x0,
    0x0, 0x0, 0x0, 0x2, 0x0, 0x0, 0x0, 0x0,
    0x0, 0x0, 0x0, 0x0, 0x0, 0x0, 0x0, 0x7,
    0xf1, 0x0, 0x0, 0x0, 0x0, 0x0, 0x0, 0x0,
    0x0, 0x0, 0x0, 0x7, 0xff, 0x10, 0x0, 0x0,
    0x3, 0x0, 0x0, 0x0, 0x0, 0x0, 0x0, 0x6,
    0xff, 0xf1, 0x0, 0x0, 0x1c, 0xf7, 0x0, 0x0,
    0x0, 0x0, 0x0, 0x0, 0xaf, 0xff, 0x10, 0x0,
    0x1d, 0xff, 0x90, 0x0, 0x0, 0x0, 0x0, 0x0,
    0xa, 0xff, 0xf1, 0x0, 0x2d, 0xff, 0xf9, 0x0,
    0x0, 0x0, 0x0, 0x0, 0x0, 0xaf, 0xff, 0x10,
    0x2e, 0xff, 0xff, 0xa2, 0x22, 0x22, 0x22, 0x22,
    0x22, 0x2b, 0xff, 0xf1, 0x3e, 0xff, 0xff, 0xff,
    0xff, 0xff, 0xff, 0xff, 0xff, 0xff, 0xff, 0xff,
    0x1d, 0xff, 0xff, 0xff, 0xff, 0xff, 0xff, 0xff,
    0xff, 0xff, 0xff, 0xff, 0xf1, 0x8f, 0xff, 0xff,
    0xff, 0xff, 0xff, 0xff, 0xff, 0xff, 0xff, 0xff,
    0xff, 0x0, 0x8f, 0xff, 0xff, 0xd9, 0x99, 0x99,
    0x99, 0x99, 0x99, 0x99, 0x99, 0x60, 0x0, 0x7f,
    0xff, 0xf9, 0x0, 0x0, 0x0, 0x0, 0x0, 0x0,
    0x0, 0x0, 0x0, 0x0, 0x6f, 0xff, 0x90, 0x0,
    0x0, 0x0, 0x0, 0x0, 0x0, 0x0, 0x0, 0x0,
    0x0, 0x5f, 0xf8, 0x0, 0x0, 0x0, 0x0, 0x0,
    0x0, 0x0, 0x0, 0x0, 0x0, 0x0, 0x4a, 0x20,
    0x0, 0x0, 0x0, 0x0, 0x0, 0x0, 0x0, 0x0
};


/*---------------------
 *  GLYPH DESCRIPTION
 *--------------------*/

static const lv_font_fmt_txt_glyph_dsc_t glyph_dsc[] = {
    {.bitmap_index = 0, .adv_w = 0, .box_w = 0, .box_h = 0, .ofs_x = 0, .ofs_y = 0} /* id = 0 reserved */,
    {.bitmap_index = 0, .adv_w = 231, .box_w = 0, .box_h = 0, .ofs_x = 0, .ofs_y = 0},
    {.bitmap_index = 0, .adv_w = 231, .box_w = 3, .box_h = 18, .ofs_x = 6, .ofs_y = 0},
    {.bitmap_index = 27, .adv_w = 231, .box_w = 8, .box_h = 7, .ofs_x = 3, .ofs_y = 11},
    {.bitmap_index = 55, .adv_w = 231, .box_w = 15, .box_h = 18, .ofs_x = 0, .ofs_y = 0},
    {.bitmap_index = 190, .adv_w = 231, .box_w = 12, .box_h = 23, .ofs_x = 2, .ofs_y = -4},
    {.bitmap_index = 328, .adv_w = 231, .box_w = 15, .box_h = 18, .ofs_x = 0, .ofs_y = 0},
    {.bitmap_index = 463, .adv_w = 231, .box_w = 15, .box_h = 18, .ofs_x = 0, .ofs_y = 0},
    {.bitmap_index = 598, .adv_w = 231, .box_w = 3, .box_h = 7, .ofs_x = 6, .ofs_y = 11},
    {.bitmap_index = 609, .adv_w = 231, .box_w = 6, .box_h = 23, .ofs_x = 5, .ofs_y = -4},
    {.bitmap_index = 678, .adv_w = 231, .box_w = 6, .box_h = 23, .ofs_x = 4, .ofs_y = -4},
    {.bitmap_index = 747, .adv_w = 231, .box_w = 12, .box_h = 12, .ofs_x = 1, .ofs_y = 6},
    {.bitmap_index = 819, .adv_w = 231, .box_w = 13, .box_h = 13, .ofs_x = 1, .ofs_y = 1},
    {.bitmap_index = 904, .adv_w = 231, .box_w = 5, .box_h = 8, .ofs_x = 4, .ofs_y = -3},
    {.bitmap_index = 924, .adv_w = 231, .box_w = 7, .box_h = 2, .ofs_x = 4, .ofs_y = 6},
    {.bitmap_index = 931, .adv_w = 231, .box_w = 4, .box_h = 4, .ofs_x = 5, .ofs_y = 0},
    {.bitmap_index = 939, .adv_w = 231, .box_w = 12, .box_h = 21, .ofs_x = 1, .ofs_y = -3},
    {.bitmap_index = 1065, .adv_w = 231, .box_w = 12, .box_h = 18, .ofs_x = 1, .ofs_y = 0},
    {.bitmap_index = 1173, .adv_w = 231, .box_w = 11, .box_h = 18, .ofs_x = 2, .ofs_y = 0},
    {.bitmap_index = 1272, .adv_w = 231, .box_w = 12, .box_h = 18, .ofs_x = 1, .ofs_y = 0},
    {.bitmap_index = 1380, .adv_w = 231, .box_w = 12, .box_h = 18, .ofs_x = 1, .ofs_y = 0},
    {.bitmap_index = 1488, .adv_w = 231, .box_w = 13, .box_h = 18, .ofs_x = 1, .ofs_y = 0},
    {.bitmap_index = 1605, .adv_w = 231, .box_w = 12, .box_h = 18, .ofs_x = 1, .ofs_y = 0},
    {.bitmap_index = 1713, .adv_w = 231, .box_w = 12, .box_h = 18, .ofs_x = 1, .ofs_y = 0},
    {.bitmap_index = 1821, .adv_w = 231, .box_w = 12, .box_h = 18, .ofs_x = 1, .ofs_y = 0},
    {.bitmap_index = 1929, .adv_w = 231, .box_w = 12, .box_h = 18, .ofs_x = 1, .ofs_y = 0},
    {.bitmap_index = 2037, .adv_w = 231, .box_w = 12, .box_h = 18, .ofs_x = 1, .ofs_y = 0},
    {.bitmap_index = 2145, .adv_w = 231, .box_w = 4, .box_h = 13, .ofs_x = 5, .ofs_y = 0},
    {.bitmap_index = 2171, .adv_w = 231, .box_w = 5, .box_h = 17, .ofs_x = 4, .ofs_y = -3},
    {.bitmap_index = 2214, .adv_w = 231, .box_w = 13, .box_h = 13, .ofs_x = 1, .ofs_y = 1},
    {.bitmap_index = 2299, .adv_w = 231, .box_w = 13, .box_h = 8, .ofs_x = 1, .ofs_y = 4},
    {.bitmap_index = 2351, .adv_w = 231, .box_w = 13, .box_h = 13, .ofs_x = 1, .ofs_y = 1},
    {.bitmap_index = 2436, .adv_w = 231, .box_w = 11, .box_h = 18, .ofs_x = 2, .ofs_y = 0},
    {.bitmap_index = 2535, .adv_w = 231, .box_w = 14, .box_h = 21, .ofs_x = 0, .ofs_y = -4},
    {.bitmap_index = 2682, .adv_w = 231, .box_w = 15, .box_h = 18, .ofs_x = 0, .ofs_y = 0},
    {.bitmap_index = 2817, .adv_w = 231, .box_w = 13, .box_h = 18, .ofs_x = 1, .ofs_y = 0},
    {.bitmap_index = 2934, .adv_w = 231, .box_w = 12, .box_h = 18, .ofs_x = 1, .ofs_y = 0},
    {.bitmap_index = 3042, .adv_w = 231, .box_w = 12, .box_h = 18, .ofs_x = 1, .ofs_y = 0},
    {.bitmap_index = 3150, .adv_w = 231, .box_w = 11, .box_h = 18, .ofs_x = 2, .ofs_y = 0},
    {.bitmap_index = 3249, .adv_w = 231, .box_w = 12, .box_h = 18, .ofs_x = 2, .ofs_y = 0},
    {.bitmap_index = 3357, .adv_w = 231, .box_w = 12, .box_h = 18, .ofs_x = 1, .ofs_y = 0},
    {.bitmap_index = 3465, .adv_w = 231, .box_w = 12, .box_h = 18, .ofs_x = 1, .ofs_y = 0},
    {.bitmap_index = 3573, .adv_w = 231, .box_w = 11, .box_h = 18, .ofs_x = 2, .ofs_y = 0},
    {.bitmap_index = 3672, .adv_w = 231, .box_w = 11, .box_h = 18, .ofs_x = 1, .ofs_y = 0},
    {.bitmap_index = 3771, .adv_w = 231, .box_w = 14, .box_h = 18, .ofs_x = 1, .ofs_y = 0},
    {.bitmap_index = 3897, .adv_w = 231, .box_w = 12, .box_h = 18, .ofs_x = 2, .ofs_y = 0},
    {.bitmap_index = 4005, .adv_w = 231, .box_w = 13, .box_h = 18, .ofs_x = 1, .ofs_y = 0},
    {.bitmap_index = 4122, .adv_w = 231, .box_w = 12, .box_h = 18, .ofs_x = 1, .ofs_y = 0},
    {.bitmap_index = 4230, .adv_w = 231, .box_w = 13, .box_h = 18, .ofs_x = 1, .ofs_y = 0},
    {.bitmap_index = 4347, .adv_w = 231, .box_w = 12, .box_h = 18, .ofs_x = 2, .ofs_y = 0},
    {.bitmap_index = 4455, .adv_w = 231, .box_w = 13, .box_h = 21, .ofs_x = 1, .ofs_y = -3},
    {.bitmap_index = 4592, .adv_w = 231, .box_w = 14, .box_h = 18, .ofs_x = 1, .ofs_y = 0},
    {.bitmap_index = 4718, .adv_w = 231, .box_w = 12, .box_h = 18, .ofs_x = 1, .ofs_y = 0},
    {.bitmap_index = 4826, .adv_w = 231, .box_w = 14, .box_h = 18, .ofs_x = 0, .ofs_y = 0},
    {.bitmap_index = 4952, .adv_w = 231, .box_w = 12, .box_h = 18, .ofs_x = 1, .ofs_y = 0},
    {.bitmap_index = 5060, .adv_w = 231, .box_w = 14, .box_h = 18, .ofs_x = 0, .ofs_y = 0},
    {.bitmap_index = 5186, .adv_w = 231, .box_w = 15, .box_h = 18, .ofs_x = 0, .ofs_y = 0},
    {.bitmap_index = 5321, .adv_w = 231, .box_w = 15, .box_h = 18, .ofs_x = 0, .ofs_y = 0},
    {.bitmap_index = 5456, .adv_w = 231, .box_w = 15, .box_h = 18, .ofs_x = 0, .ofs_y = 0},
    {.bitmap_index = 5591, .adv_w = 231, .box_w = 13, .box_h = 18, .ofs_x = 1, .ofs_y = 0},
    {.bitmap_index = 5708, .adv_w = 231, .box_w = 6, .box_h = 22, .ofs_x = 5, .ofs_y = -3},
    {.bitmap_index = 5774, .adv_w = 231, .box_w = 12, .box_h = 21, .ofs_x = 1, .ofs_y = -3},
    {.bitmap_index = 5900, .adv_w = 231, .box_w = 6, .box_h = 22, .ofs_x = 4, .ofs_y = -3},
    {.bitmap_index = 5966, .adv_w = 231, .box_w = 14, .box_h = 7, .ofs_x = 0, .ofs_y = 11},
    {.bitmap_index = 6015, .adv_w = 231, .box_w = 15, .box_h = 1, .ofs_x = 0, .ofs_y = -6},
    {.bitmap_index = 6023, .adv_w = 231, .box_w = 6, .box_h = 5, .ofs_x = 3, .ofs_y = 15},
    {.bitmap_index = 6038, .adv_w = 231, .box_w = 12, .box_h = 14, .ofs_x = 1, .ofs_y = 0},
    {.bitmap_index = 6122, .adv_w = 231, .box_w = 12, .box_h = 19, .ofs_x = 2, .ofs_y = 0},
    {.bitmap_index = 6236, .adv_w = 231, .box_w = 11, .box_h = 14, .ofs_x = 2, .ofs_y = 0},
    {.bitmap_index = 6313, .adv_w = 231, .box_w = 12, .box_h = 19, .ofs_x = 1, .ofs_y = 0},
    {.bitmap_index = 6427, .adv_w = 231, .box_w = 13, .box_h = 14, .ofs_x = 1, .ofs_y = 0},
    {.bitmap_index = 6518, .adv_w = 231, .box_w = 11, .box_h = 19, .ofs_x = 2, .ofs_y = 0},
    {.bitmap_index = 6623, .adv_w = 231, .box_w = 12, .box_h = 19, .ofs_x = 1, .ofs_y = -5},
    {.bitmap_index = 6737, .adv_w = 231, .box_w = 11, .box_h = 19, .ofs_x = 2, .ofs_y = 0},
    {.bitmap_index = 6842, .adv_w = 231, .box_w = 11, .box_h = 19, .ofs_x = 2, .ofs_y = 0},
    {.bitmap_index = 6947, .adv_w = 231, .box_w = 8, .box_h = 24, .ofs_x = 2, .ofs_y = -5},
    {.bitmap_index = 7043, .adv_w = 231, .box_w = 13, .box_h = 19, .ofs_x = 2, .ofs_y = 0},
    {.bitmap_index = 7167, .adv_w = 231, .box_w = 12, .box_h = 19, .ofs_x = 1, .ofs_y = 0},
    {.bitmap_index = 7281, .adv_w = 231, .box_w = 13, .box_h = 14, .ofs_x = 1, .ofs_y = 0},
    {.bitmap_index = 7372, .adv_w = 231, .box_w = 11, .box_h = 14, .ofs_x = 2, .ofs_y = 0},
    {.bitmap_index = 7449, .adv_w = 231, .box_w = 12, .box_h = 14, .ofs_x = 1, .ofs_y = 0},
    {.bitmap_index = 7533, .adv_w = 231, .box_w = 11, .box_h = 19, .ofs_x = 2, .ofs_y = -5},
    {.bitmap_index = 7638, .adv_w = 231, .box_w = 12, .box_h = 19, .ofs_x = 1, .ofs_y = -5},
    {.bitmap_index = 7752, .adv_w = 231, .box_w = 10, .box_h = 14, .ofs_x = 4, .ofs_y = 0},
    {.bitmap_index = 7822, .adv_w = 231, .box_w = 11, .box_h = 14, .ofs_x = 2, .ofs_y = 0},
    {.bitmap_index = 7899, .adv_w = 231, .box_w = 12, .box_h = 18, .ofs_x = 1, .ofs_y = 0},
    {.bitmap_index = 8007, .adv_w = 231, .box_w = 11, .box_h = 14, .ofs_x = 2, .ofs_y = 0},
    {.bitmap_index = 8084, .adv_w = 231, .box_w = 13, .box_h = 14, .ofs_x = 1, .ofs_y = 0},
    {.bitmap_index = 8175, .adv_w = 231, .box_w = 15, .box_h = 14, .ofs_x = 0, .ofs_y = 0},
    {.bitmap_index = 8280, .adv_w = 231, .box_w = 14, .box_h = 14, .ofs_x = 0, .ofs_y = 0},
    {.bitmap_index = 8378, .adv_w = 231, .box_w = 13, .box_h = 19, .ofs_x = 1, .ofs_y = -5},
    {.bitmap_index = 8502, .adv_w = 231, .box_w = 11, .box_h = 14, .ofs_x = 2, .ofs_y = 0},
    {.bitmap_index = 8579, .adv_w = 231, .box_w = 10, .box_h = 23, .ofs_x = 2, .ofs_y = -4},
    {.bitmap_index = 8694, .adv_w = 231, .box_w = 3, .box_h = 25, .ofs_x = 6, .ofs_y = -6},
    {.bitmap_index = 8732, .adv_w = 231, .box_w = 10, .box_h = 23, .ofs_x = 2, .ofs_y = -4},
    {.bitmap_index = 8847, .adv_w = 231, .box_w = 13, .box_h = 4, .ofs_x = 1, .ofs_y = 6},
    {.bitmap_index = 8873, .adv_w = 231, .box_w = 8, .box_h = 8, .ofs_x = 3, .ofs_y = 11},
    {.bitmap_index = 8905, .adv_w = 231, .box_w = 8, .box_h = 8, .ofs_x = 3, .ofs_y = 6},
    {.bitmap_index = 8937, .adv_w = 384, .box_w = 24, .box_h = 25, .ofs_x = 0, .ofs_y = -3},
    {.bitmap_index = 9237, .adv_w = 384, .box_w = 24, .box_h = 18, .ofs_x = 0, .ofs_y = 0},
    {.bitmap_index = 9453, .adv_w = 384, .box_w = 24, .box_h = 22, .ofs_x = 0, .ofs_y = -2},
    {.bitmap_index = 9717, .adv_w = 384, .box_w = 24, .box_h = 18, .ofs_x = 0, .ofs_y = 0},
    {.bitmap_index = 9933, .adv_w = 264, .box_w = 17, .box_h = 18, .ofs_x = 0, .ofs_y = 0},
    {.bitmap_index = 10086, .adv_w = 384, .box_w = 24, .box_h = 24, .ofs_x = 0, .ofs_y = -3},
    {.bitmap_index = 10374, .adv_w = 384, .box_w = 24, .box_h = 24, .ofs_x = 0, .ofs_y = -3},
    {.bitmap_index = 10662, .adv_w = 432, .box_w = 27, .box_h = 22, .ofs_x = 0, .ofs_y = -2},
    {.bitmap_index = 10959, .adv_w = 384, .box_w = 24, .box_h = 24, .ofs_x = 0, .ofs_y = -3},
    {.bitmap_index = 11247, .adv_w = 432, .box_w = 27, .box_h = 18, .ofs_x = 0, .ofs_y = 0},
    {.bitmap_index = 11490, .adv_w = 384, .box_w = 24, .box_h = 26, .ofs_x = 0, .ofs_y = -4},
    {.bitmap_index = 11802, .adv_w = 192, .box_w = 12, .box_h = 19, .ofs_x = 0, .ofs_y = -1},
    {.bitmap_index = 11916, .adv_w = 288, .box_w = 18, .box_h = 19, .ofs_x = 0, .ofs_y = -1},
    {.bitmap_index = 12087, .adv_w = 432, .box_w = 27, .box_h = 24, .ofs_x = 0, .ofs_y = -3},
    {.bitmap_index = 12411, .adv_w = 384, .box_w = 24, .box_h = 18, .ofs_x = 0, .ofs_y = 0},
    {.bitmap_index = 12627, .adv_w = 264, .box_w = 17, .box_h = 24, .ofs_x = 0, .ofs_y = -3},
    {.bitmap_index = 12831, .adv_w = 336, .box_w = 15, .box_h = 22, .ofs_x = 3, .ofs_y = -2},
    {.bitmap_index = 12996, .adv_w = 336, .box_w = 21, .box_h = 26, .ofs_x = 0, .ofs_y = -4},
    {.bitmap_index = 13269, .adv_w = 336, .box_w = 21, .box_h = 22, .ofs_x = 0, .ofs_y = -2},
    {.bitmap_index = 13500, .adv_w = 336, .box_w = 21, .box_h = 22, .ofs_x = 0, .ofs_y = -2},
    {.bitmap_index = 13731, .adv_w = 336, .box_w = 15, .box_h = 22, .ofs_x = 3, .ofs_y = -2},
    {.bitmap_index = 13896, .adv_w = 336, .box_w = 23, .box_h = 22, .ofs_x = -1, .ofs_y = -2},
    {.bitmap_index = 14149, .adv_w = 240, .box_w = 13, .box_h = 22, .ofs_x = 1, .ofs_y = -2},
    {.bitmap_index = 14292, .adv_w = 240, .box_w = 13, .box_h = 22, .ofs_x = 1, .ofs_y = -2},
    {.bitmap_index = 14435, .adv_w = 336, .box_w = 21, .box_h = 22, .ofs_x = 0, .ofs_y = -2},
    {.bitmap_index = 14666, .adv_w = 336, .box_w = 21, .box_h = 6, .ofs_x = 0, .ofs_y = 6},
    {.bitmap_index = 14729, .adv_w = 432, .box_w = 27, .box_h = 18, .ofs_x = 0, .ofs_y = 0},
    {.bitmap_index = 14972, .adv_w = 480, .box_w = 31, .box_h = 24, .ofs_x = -1, .ofs_y = -3},
    {.bitmap_index = 15344, .adv_w = 432, .box_w = 29, .box_h = 24, .ofs_x = -1, .ofs_y = -3},
    {.bitmap_index = 15692, .adv_w = 384, .box_w = 24, .box_h = 22, .ofs_x = 0, .ofs_y = -2},
    {.bitmap_index = 15956, .adv_w = 336, .box_w = 21, .box_h = 14, .ofs_x = 0, .ofs_y = 2},
    {.bitmap_index = 16103, .adv_w = 336, .box_w = 21, .box_h = 14, .ofs_x = 0, .ofs_y = 2},
    {.bitmap_index = 16250, .adv_w = 480, .box_w = 31, .box_h = 19, .ofs_x = -1, .ofs_y = -1},
    {.bitmap_index = 16545, .adv_w = 384, .box_w = 24, .box_h = 18, .ofs_x = 0, .ofs_y = 0},
    {.bitmap_index = 16761, .adv_w = 384, .box_w = 24, .box_h = 24, .ofs_x = 0, .ofs_y = -3},
    {.bitmap_index = 17049, .adv_w = 384, .box_w = 25, .box_h = 25, .ofs_x = -1, .ofs_y = -3},
    {.bitmap_index = 17362, .adv_w = 336, .box_w = 22, .box_h = 22, .ofs_x = 0, .ofs_y = -2},
    {.bitmap_index = 17604, .adv_w = 336, .box_w = 21, .box_h = 24, .ofs_x = 0, .ofs_y = -3},
    {.bitmap_index = 17856, .adv_w = 336, .box_w = 21, .box_h = 22, .ofs_x = 0, .ofs_y = -2},
    {.bitmap_index = 18087, .adv_w = 336, .box_w = 21, .box_h = 20, .ofs_x = 0, .ofs_y = -1},
    {.bitmap_index = 18297, .adv_w = 384, .box_w = 24, .box_h = 18, .ofs_x = 0, .ofs_y = 0},
    {.bitmap_index = 18513, .adv_w = 240, .box_w = 17, .box_h = 24, .ofs_x = -1, .ofs_y = -3},
    {.bitmap_index = 18717, .adv_w = 336, .box_w = 21, .box_h = 24, .ofs_x = 0, .ofs_y = -3},
    {.bitmap_index = 18969, .adv_w = 336, .box_w = 21, .box_h = 24, .ofs_x = 0, .ofs_y = -3},
    {.bitmap_index = 19221, .adv_w = 432, .box_w = 27, .box_h = 18, .ofs_x = 0, .ofs_y = 0},
    {.bitmap_index = 19464, .adv_w = 384, .box_w = 26, .box_h = 26, .ofs_x = -1, .ofs_y = -4},
    {.bitmap_index = 19802, .adv_w = 288, .box_w = 18, .box_h = 24, .ofs_x = 0, .ofs_y = -3},
    {.bitmap_index = 20018, .adv_w = 480, .box_w = 30, .box_h = 23, .ofs_x = 0, .ofs_y = -2},
    {.bitmap_index = 20363, .adv_w = 480, .box_w = 30, .box_h = 16, .ofs_x = 0, .ofs_y = 1},
    {.bitmap_index = 20603, .adv_w = 480, .box_w = 30, .box_h = 16, .ofs_x = 0, .ofs_y = 1},
    {.bitmap_index = 20843, .adv_w = 480, .box_w = 30, .box_h = 16, .ofs_x = 0, .ofs_y = 1},
    {.bitmap_index = 21083, .adv_w = 480, .box_w = 30, .box_h = 16, .ofs_x = 0, .ofs_y = 1},
    {.bitmap_index = 21323, .adv_w = 480, .box_w = 30, .box_h = 16, .ofs_x = 0, .ofs_y = 1},
    {.bitmap_index = 21563, .adv_w = 480, .box_w = 31, .box_h = 20, .ofs_x = 0, .ofs_y = -1},
    {.bitmap_index = 21873, .adv_w = 336, .box_w = 19, .box_h = 24, .ofs_x = 1, .ofs_y = -3},
    {.bitmap_index = 22101, .adv_w = 336, .box_w = 21, .box_h = 24, .ofs_x = 0, .ofs_y = -3},
    {.bitmap_index = 22353, .adv_w = 384, .box_w = 25, .box_h = 25, .ofs_x = -1, .ofs_y = -4},
    {.bitmap_index = 22666, .adv_w = 480, .box_w = 30, .box_h = 18, .ofs_x = 0, .ofs_y = 0},
    {.bitmap_index = 22936, .adv_w = 288, .box_w = 18, .box_h = 24, .ofs_x = 0, .ofs_y = -3},
    {.bitmap_index = 23152, .adv_w = 386, .box_w = 25, .box_h = 16, .ofs_x = 0, .ofs_y = 1}
};

/*---------------------
 *  CHARACTER MAPPING
 *--------------------*/

static const uint16_t unicode_list_1[] = {
    0x0, 0x1f72, 0xef51, 0xef58, 0xef5b, 0xef5c, 0xef5d, 0xef61,
    0xef63, 0xef65, 0xef69, 0xef6c, 0xef71, 0xef76, 0xef77, 0xef78,
    0xef8e, 0xef93, 0xef98, 0xef9b, 0xef9c, 0xef9d, 0xefa1, 0xefa2,
    0xefa3, 0xefa4, 0xefb7, 0xefb8, 0xefbe, 0xefc0, 0xefc1, 0xefc4,
    0xefc7, 0xefc8, 0xefc9, 0xefcb, 0xefe3, 0xefe5, 0xf014, 0xf015,
    0xf017, 0xf019, 0xf030, 0xf037, 0xf03a, 0xf043, 0xf06c, 0xf074,
    0xf0ab, 0xf13b, 0xf190, 0xf191, 0xf192, 0xf193, 0xf194, 0xf1d7,
    0xf1e3, 0xf23d, 0xf254, 0xf4aa, 0xf712, 0xf7f2
};

/*Collect the unicode lists and glyph_id offsets*/
static const lv_font_fmt_txt_cmap_t cmaps[] =
{
    {
        .range_start = 32, .range_length = 95, .glyph_id_start = 1,
        .unicode_list = NULL, .glyph_id_ofs_list = NULL, .list_length = 0, .type = LV_FONT_FMT_TXT_CMAP_FORMAT0_TINY
    },
    {
        .range_start = 176, .range_length = 63475, .glyph_id_start = 96,
        .unicode_list = unicode_list_1, .glyph_id_ofs_list = NULL, .list_length = 62, .type = LV_FONT_FMT_TXT_CMAP_SPARSE_TINY
    }
};



/*--------------------
 *  ALL CUSTOM DATA
 *--------------------*/

#if LVGL_VERSION_MAJOR == 8
/*Store all the custom data of the font*/
static  lv_font_fmt_txt_glyph_cache_t cache;
#endif

#if LVGL_VERSION_MAJOR >= 8
static const lv_font_fmt_txt_dsc_t font_dsc = {
#else
static lv_font_fmt_txt_dsc_t font_dsc = {
#endif
    .glyph_bitmap = glyph_bitmap,
    .glyph_dsc = glyph_dsc,
    .cmaps = cmaps,
    .kern_dsc = NULL,
    .kern_scale = 0,
    .cmap_num = 2,
    .bpp = 4,
    .kern_classes = 0,
    .bitmap_format = 0,
#if LVGL_VERSION_MAJOR == 8
    .cache = &cache
#endif
};



/*-----------------
 *  PUBLIC FONT
 *----------------*/

/*Initialize a public general font descriptor*/
#if LVGL_VERSION_MAJOR >= 8
const lv_font_t lv_font_montserrat_24 = {
#else
lv_font_t lv_font_montserrat_24 = {
#endif
    .get_glyph_dsc = lv_font_get_glyph_dsc_fmt_txt,    /*Function pointer to get glyph's data*/
    .get_glyph_bitmap = lv_font_get_bitmap_fmt_txt,    /*Function pointer to get glyph's bitmap*/
    .line_height = 28,          /*The maximum line height required by the font*/
    .base_line = 6,             /*Baseline measured from the bottom of the line*/
#if !(LVGL_VERSION_MAJOR == 6 && LVGL_VERSION_MINOR == 0)
    .subpx = LV_FONT_SUBPX_NONE,
#endif
#if LV_VERSION_CHECK(7, 4, 0) || LVGL_VERSION_MAJOR >= 8
    .underline_position = 0,
    .underline_thickness = 1,
#endif
    .dsc = &font_dsc,          /*The custom font data. Will be accessed by `get_glyph_bitmap/dsc` */
#if LV_VERSION_CHECK(8, 2, 0) || LVGL_VERSION_MAJOR >= 9
    .fallback = NULL,
#endif
    .user_data = NULL,
};



#endif /*#if RP_FONT_MONO_24*/

