/*******************************************************************************
 * Size: 18 px
 * Bpp: 4
 * Opts: --no-compress --no-prefilter --bpp 4 --size 18 --font tools/fonts/DejaVuSansMono.ttf -r 0x20-0x7F,0xB0,0x2022 --font deps/dpf.js/deps/lv_binding_js/deps/lvgl/scripts/built_in_font/FontAwesome5-Solid+Brands+Regular.woff -r 61441,61448,61451,61452,61453,61457,61459,61461,61465,61468,61473,61478,61479,61480,61502,61507,61512,61515,61516,61517,61521,61522,61523,61524,61543,61544,61550,61552,61553,61556,61559,61560,61561,61563,61587,61589,61636,61637,61639,61641,61664,61671,61674,61683,61724,61732,61787,61931,62016,62017,62018,62019,62020,62087,62099,62212,62189,62810,63426,63650 --format lvgl -o packages/native/src/fonts/lv_font_montserrat_18.c --force-fast-kern-format
 ******************************************************************************/

#ifdef LV_LVGL_H_INCLUDE_SIMPLE
#include "lvgl.h"
#else
#include "lvgl/lvgl.h"
#endif

#ifndef RP_FONT_MONO_18
#define RP_FONT_MONO_18 1
#endif

#if RP_FONT_MONO_18

/*-----------------
 *    BITMAPS
 *----------------*/

/*Store the image of the glyphs*/
static LV_ATTRIBUTE_LARGE_CONST const uint8_t glyph_bitmap[] = {
    /* U+0020 " " */

    /* U+0021 "!" */
    0x7f, 0x57, 0xf5, 0x7f, 0x57, 0xf5, 0x7f, 0x57,
    0xf4, 0x6f, 0x45, 0xf3, 0x4d, 0x20, 0x0, 0x13,
    0x17, 0xf5, 0x7f, 0x50,

    /* U+0022 "\"" */
    0xf, 0x80, 0xad, 0xf, 0x80, 0xad, 0xf, 0x80,
    0xad, 0xf, 0x80, 0xad, 0xd, 0x60, 0x8b,

    /* U+0023 "#" */
    0x0, 0x0, 0x8e, 0x0, 0xf7, 0x0, 0x0, 0xb,
    0xa0, 0x2f, 0x30, 0x0, 0x0, 0xf6, 0x6, 0xf0,
    0x0, 0x11, 0x4f, 0x41, 0xac, 0x10, 0xf, 0xff,
    0xff, 0xff, 0xff, 0xc0, 0x44, 0xcc, 0x46, 0xf6,
    0x43, 0x0, 0xf, 0x60, 0x6f, 0x0, 0x0, 0x14,
    0xf3, 0x1b, 0xb1, 0x0, 0xff, 0xff, 0xff, 0xff,
    0xfc, 0x3, 0x4d, 0xb4, 0x6f, 0x54, 0x30, 0x0,
    0xf6, 0x7, 0xe0, 0x0, 0x0, 0x4f, 0x20, 0xbb,
    0x0, 0x0, 0x8, 0xe0, 0xe, 0x70, 0x0, 0x0,

    /* U+0024 "$" */
    0x0, 0x0, 0xc1, 0x0, 0x0, 0x0, 0xc, 0x10,
    0x0, 0x0, 0x0, 0xc1, 0x0, 0x0, 0x19, 0xef,
    0xfd, 0x90, 0xd, 0xd5, 0xd5, 0x6b, 0x3, 0xf5,
    0xc, 0x10, 0x0, 0x3f, 0x60, 0xc1, 0x0, 0x0,
    0xcf, 0x9e, 0x30, 0x0, 0x0, 0x7d, 0xff, 0xd5,
    0x0, 0x0, 0xc, 0x5b, 0xf5, 0x0, 0x0, 0xc1,
    0xf, 0xb1, 0x0, 0xc, 0x10, 0xfb, 0x5e, 0x85,
    0xd6, 0xbf, 0x41, 0x7c, 0xef, 0xfc, 0x40, 0x0,
    0x0, 0xd1, 0x0, 0x0, 0x0, 0xc, 0x10, 0x0,
    0x0, 0x0, 0x60, 0x0, 0x0,

    /* U+0025 "%" */
    0x7, 0xee, 0x90, 0x0, 0x0, 0x6, 0xe5, 0x4d,
    0x90, 0x0, 0x0, 0xa8, 0x0, 0x5d, 0x0, 0x0,
    0x7, 0xd1, 0x1b, 0xa0, 0x0, 0x30, 0xa, 0xff,
    0xc1, 0x39, 0xda, 0x10, 0x1, 0x59, 0xda, 0x50,
    0x0, 0x18, 0xdb, 0x51, 0xaf, 0xd4, 0x0, 0x50,
    0x0, 0xac, 0x47, 0xf2, 0x0, 0x0, 0xf, 0x30,
    0xc, 0x70, 0x0, 0x0, 0xf3, 0x0, 0xc7, 0x0,
    0x0, 0xa, 0xc3, 0x7f, 0x20, 0x0, 0x0, 0x1a,
    0xfd, 0x40,

    /* U+0026 "&" */
    0x0, 0x8, 0xef, 0xd7, 0x0, 0x0, 0x9, 0xf8,
    0x68, 0x90, 0x0, 0x0, 0xdb, 0x0, 0x0, 0x0,
    0x0, 0xc, 0xd0, 0x0, 0x0, 0x0, 0x0, 0x6f,
    0x50, 0x0, 0x0, 0x0, 0x8, 0xff, 0x20, 0x0,
    0x0, 0x8, 0xd1, 0xcd, 0x0, 0x8, 0x52, 0xf4,
    0x2, 0xfa, 0x0, 0xe7, 0x6f, 0x10, 0x5, 0xf7,
    0xf, 0x57, 0xf3, 0x0, 0x9, 0xf9, 0xf1, 0x3f,
    0xb0, 0x0, 0xd, 0xf7, 0x0, 0x9f, 0xc7, 0x6a,
    0xff, 0xb0, 0x0, 0x6c, 0xff, 0xb4, 0x6f, 0x60,

    /* U+0027 "'" */
    0x5f, 0x25, 0xf2, 0x5f, 0x25, 0xf2, 0x4d, 0x20,

    /* U+0028 "(" */
    0x0, 0xe, 0x80, 0x7, 0xf1, 0x0, 0xe9, 0x0,
    0x6f, 0x30, 0xb, 0xe0, 0x0, 0xfb, 0x0, 0x2f,
    0x80, 0x3, 0xf7, 0x0, 0x3f, 0x70, 0x2, 0xf8,
    0x0, 0xf, 0xb0, 0x0, 0xbe, 0x0, 0x6, 0xf3,
    0x0, 0xe, 0x90, 0x0, 0x7f, 0x10, 0x0, 0xe8,

    /* U+0029 ")" */
    0xab, 0x0, 0x2, 0xf5, 0x0, 0xb, 0xc0, 0x0,
    0x6f, 0x30, 0x1, 0xf8, 0x0, 0xe, 0xc0, 0x0,
    0xbf, 0x0, 0xa, 0xf0, 0x0, 0xaf, 0x0, 0xb,
    0xf0, 0x0, 0xec, 0x0, 0x1f, 0x80, 0x6, 0xf3,
    0x0, 0xcc, 0x0, 0x3f, 0x50, 0xb, 0xb0, 0x0,

    /* U+002A "*" */
    0x0, 0x1, 0xe0, 0x0, 0x1, 0x20, 0x1e, 0x0,
    0x30, 0x3e, 0x82, 0xe1, 0xad, 0x20, 0x7, 0xef,
    0xd6, 0x0, 0x0, 0x5d, 0xfc, 0x30, 0x3, 0xcb,
    0x3e, 0x3c, 0xb1, 0x24, 0x1, 0xe0, 0x6, 0x0,
    0x0, 0x1e, 0x0, 0x0, 0x0, 0x0, 0x20, 0x0,
    0x0,

    /* U+002B "+" */
    0x0, 0x0, 0x13, 0x0, 0x0, 0x0, 0x0, 0x5,
    0xf2, 0x0, 0x0, 0x0, 0x0, 0x5f, 0x20, 0x0,
    0x0, 0x0, 0x5, 0xf2, 0x0, 0x0, 0x2, 0x22,
    0x6f, 0x42, 0x22, 0x3, 0xff, 0xff, 0xff, 0xff,
    0xf1, 0x15, 0x55, 0x8f, 0x65, 0x55, 0x0, 0x0,
    0x5, 0xf2, 0x0, 0x0, 0x0, 0x0, 0x5f, 0x20,
    0x0, 0x0, 0x0, 0x5, 0xf2, 0x0, 0x0,

    /* U+002C "," */
    0x1, 0x21, 0x9, 0xfa, 0x9, 0xf9, 0xd, 0xf3,
    0x1f, 0xa0, 0x5f, 0x20,

    /* U+002D "-" */
    0x12, 0x22, 0x1e, 0xff, 0xfb, 0x45, 0x55, 0x30,

    /* U+002E "." */
    0x7a, 0x5b, 0xf8, 0xbf, 0x80,

    /* U+002F "/" */
    0x0, 0x0, 0x0, 0x6, 0xf3, 0x0, 0x0, 0x0,
    0xe, 0xc0, 0x0, 0x0, 0x0, 0x6f, 0x40, 0x0,
    0x0, 0x0, 0xdd, 0x0, 0x0, 0x0, 0x5, 0xf5,
    0x0, 0x0, 0x0, 0xc, 0xd0, 0x0, 0x0, 0x0,
    0x4f, 0x60, 0x0, 0x0, 0x0, 0xce, 0x0, 0x0,
    0x0, 0x3, 0xf6, 0x0, 0x0, 0x0, 0xb, 0xe0,
    0x0, 0x0, 0x0, 0x3f, 0x70, 0x0, 0x0, 0x0,
    0xaf, 0x0, 0x0, 0x0, 0x2, 0xf8, 0x0, 0x0,
    0x0, 0xa, 0xf1, 0x0, 0x0, 0x0, 0x7, 0x50,
    0x0, 0x0, 0x0,

    /* U+0030 "0" */
    0x0, 0x8e, 0xfd, 0x60, 0x0, 0xaf, 0xa6, 0xbf,
    0x70, 0x2f, 0xa0, 0x0, 0xdf, 0x8, 0xf4, 0x0,
    0x7, 0xf5, 0xbf, 0x10, 0x0, 0x3f, 0x8c, 0xf0,
    0x7f, 0x42, 0xfa, 0xdf, 0xa, 0xf7, 0x1f, 0xac,
    0xf0, 0x14, 0x2, 0xfa, 0xbf, 0x10, 0x0, 0x3f,
    0x88, 0xf4, 0x0, 0x7, 0xf5, 0x2f, 0xa0, 0x0,
    0xdf, 0x0, 0xaf, 0xa6, 0xbf, 0x70, 0x0, 0x8e,
    0xfd, 0x60, 0x0,

    /* U+0031 "1" */
    0x6a, 0xdf, 0xe0, 0x0, 0xdf, 0xbf, 0xe0, 0x0,
    0x20, 0xd, 0xe0, 0x0, 0x0, 0xd, 0xe0, 0x0,
    0x0, 0xd, 0xe0, 0x0, 0x0, 0xd, 0xe0, 0x0,
    0x0, 0xd, 0xe0, 0x0, 0x0, 0xd, 0xe0, 0x0,
    0x0, 0xd, 0xe0, 0x0, 0x0, 0xd, 0xe0, 0x0,
    0x0, 0xd, 0xe0, 0x0, 0x47, 0x7e, 0xf7, 0x74,
    0xaf, 0xff, 0xff, 0xf9,

    /* U+0032 "2" */
    0x28, 0xcf, 0xec, 0x40, 0x9, 0xfb, 0x89, 0xef,
    0x70, 0x41, 0x0, 0x1, 0xef, 0x0, 0x0, 0x0,
    0xa, 0xf3, 0x0, 0x0, 0x0, 0xbf, 0x10, 0x0,
    0x0, 0x3f, 0xa0, 0x0, 0x0, 0xd, 0xe1, 0x0,
    0x0, 0xc, 0xf3, 0x0, 0x0, 0xb, 0xf3, 0x0,
    0x0, 0xa, 0xf4, 0x0, 0x0, 0xa, 0xf4, 0x0,
    0x0, 0x8, 0xfc, 0x77, 0x77, 0x72, 0xaf, 0xff,
    0xff, 0xff, 0x50,

    /* U+0033 "3" */
    0x3a, 0xdf, 0xec, 0x50, 0x6, 0xd9, 0x88, 0xdf,
    0x80, 0x0, 0x0, 0x0, 0xcf, 0x0, 0x0, 0x0,
    0xa, 0xf2, 0x0, 0x12, 0x37, 0xfd, 0x0, 0x8,
    0xff, 0xfc, 0x20, 0x0, 0x25, 0x6b, 0xa1, 0x0,
    0x0, 0x0, 0xb, 0xe0, 0x0, 0x0, 0x0, 0x5f,
    0x50, 0x0, 0x0, 0x6, 0xf7, 0x30, 0x0, 0x0,
    0xcf, 0x4c, 0xea, 0x89, 0xef, 0xb0, 0x5b, 0xef,
    0xec, 0x60, 0x0,

    /* U+0034 "4" */
    0x0, 0x0, 0x2, 0xff, 0x30, 0x0, 0x0, 0xb,
    0xff, 0x30, 0x0, 0x0, 0x5e, 0x9f, 0x30, 0x0,
    0x0, 0xe6, 0x8f, 0x30, 0x0, 0x9, 0xd0, 0x8f,
    0x30, 0x0, 0x3f, 0x40, 0x8f, 0x30, 0x0, 0xcb,
    0x0, 0x8f, 0x30, 0x6, 0xf2, 0x0, 0x8f, 0x30,
    0xe, 0xa1, 0x11, 0x9f, 0x51, 0x1f, 0xff, 0xff,
    0xff, 0xff, 0x4, 0x44, 0x44, 0xaf, 0x74, 0x0,
    0x0, 0x0, 0x8f, 0x30, 0x0, 0x0, 0x0, 0x8f,
    0x30,

    /* U+0035 "5" */
    0x3f, 0xff, 0xff, 0xf7, 0x3, 0xfb, 0x77, 0x77,
    0x30, 0x3f, 0x70, 0x0, 0x0, 0x3, 0xf7, 0x11,
    0x0, 0x0, 0x3f, 0xff, 0xfe, 0x60, 0x2, 0xb7,
    0x57, 0xef, 0x70, 0x0, 0x0, 0x1, 0xef, 0x10,
    0x0, 0x0, 0x8, 0xf4, 0x0, 0x0, 0x0, 0x6f,
    0x50, 0x0, 0x0, 0x9, 0xf4, 0x20, 0x0, 0x2,
    0xfe, 0xc, 0xd9, 0x8a, 0xff, 0x50, 0x6c, 0xef,
    0xfb, 0x40, 0x0,

    /* U+0036 "6" */
    0x0, 0x4b, 0xff, 0xd6, 0x0, 0x5f, 0xe9, 0x8a,
    0x90, 0x1f, 0xb0, 0x0, 0x0, 0x6, 0xf2, 0x0,
    0x0, 0x0, 0xae, 0x3d, 0xff, 0xb1, 0xc, 0xef,
    0x95, 0x8f, 0xd0, 0xdf, 0x90, 0x0, 0x8f, 0x5c,
    0xf3, 0x0, 0x3, 0xf9, 0xbf, 0x20, 0x0, 0x1f,
    0xa8, 0xf3, 0x0, 0x3, 0xf9, 0x3f, 0xa0, 0x0,
    0x8f, 0x50, 0xaf, 0xa6, 0x9f, 0xc0, 0x0, 0x8d,
    0xfe, 0x91, 0x0,

    /* U+0037 "7" */
    0xcf, 0xff, 0xff, 0xff, 0x76, 0x77, 0x77, 0x7c,
    0xf3, 0x0, 0x0, 0x0, 0xed, 0x0, 0x0, 0x0,
    0x4f, 0x60, 0x0, 0x0, 0xb, 0xf1, 0x0, 0x0,
    0x1, 0xfa, 0x0, 0x0, 0x0, 0x7f, 0x40, 0x0,
    0x0, 0xe, 0xe0, 0x0, 0x0, 0x4, 0xf8, 0x0,
    0x0, 0x0, 0xaf, 0x20, 0x0, 0x0, 0x1f, 0xc0,
    0x0, 0x0, 0x7, 0xf5, 0x0, 0x0, 0x0, 0xdf,
    0x0, 0x0, 0x0,

    /* U+0038 "8" */
    0x2, 0xae, 0xfd, 0x91, 0x1, 0xef, 0x86, 0x9f,
    0xe0, 0x7f, 0x60, 0x0, 0x8f, 0x57, 0xf4, 0x0,
    0x7, 0xf4, 0x3f, 0xc3, 0x14, 0xec, 0x0, 0x6e,
    0xff, 0xf9, 0x0, 0x4, 0xb7, 0x58, 0xfa, 0x4,
    0xf4, 0x0, 0x7, 0xf5, 0xbf, 0x0, 0x0, 0x2f,
    0x9d, 0xf0, 0x0, 0x2, 0xfa, 0xaf, 0x50, 0x0,
    0x7f, 0x73, 0xff, 0x96, 0x9f, 0xd0, 0x2, 0xae,
    0xfe, 0x91, 0x0,

    /* U+0039 "9" */
    0x3, 0xbf, 0xfd, 0x60, 0x2, 0xfe, 0x86, 0xbf,
    0x70, 0xaf, 0x30, 0x0, 0xcf, 0xd, 0xf0, 0x0,
    0x6, 0xf4, 0xde, 0x0, 0x0, 0x6f, 0x7b, 0xf1,
    0x0, 0xa, 0xf9, 0x5f, 0xc3, 0x27, 0xef, 0x90,
    0x7f, 0xff, 0xe5, 0xf8, 0x0, 0x3, 0x30, 0x3f,
    0x60, 0x0, 0x0, 0x8, 0xf3, 0x0, 0x0, 0x3,
    0xfc, 0x0, 0xd9, 0x8a, 0xff, 0x30, 0x9, 0xdf,
    0xea, 0x20, 0x0,

    /* U+003A ":" */
    0xbf, 0x8b, 0xf8, 0x7a, 0x50, 0x0, 0x0, 0x0,
    0x0, 0x7a, 0x5b, 0xf8, 0xbf, 0x80,

    /* U+003B ";" */
    0x7, 0xa5, 0xb, 0xf8, 0xb, 0xf8, 0x0, 0x0,
    0x0, 0x0, 0x0, 0x0, 0x1, 0x21, 0x9, 0xfa,
    0x9, 0xf9, 0xd, 0xf3, 0x1f, 0xa0, 0x5f, 0x20,

    /* U+003C "<" */
    0x0, 0x0, 0x0, 0x0, 0x5b, 0x0, 0x0, 0x0,
    0x29, 0xef, 0xd0, 0x0, 0x6, 0xcf, 0xe9, 0x30,
    0x1, 0x9f, 0xfb, 0x50, 0x0, 0x0, 0x3f, 0xf5,
    0x0, 0x0, 0x0, 0x0, 0x6c, 0xfe, 0x82, 0x0,
    0x0, 0x0, 0x3, 0x9f, 0xfc, 0x61, 0x0, 0x0,
    0x0, 0x5, 0xcf, 0xf0, 0x0, 0x0, 0x0, 0x0,
    0x28, 0x0,

    /* U+003D "=" */
    0x2, 0x22, 0x22, 0x22, 0x22, 0x3, 0xff, 0xff,
    0xff, 0xff, 0xf1, 0x15, 0x55, 0x55, 0x55, 0x55,
    0x0, 0x0, 0x0, 0x0, 0x0, 0x0, 0x18, 0x88,
    0x88, 0x88, 0x88, 0x3, 0xff, 0xff, 0xff, 0xff,
    0xf1,

    /* U+003E ">" */
    0x3a, 0x40, 0x0, 0x0, 0x0, 0x2, 0xef, 0xe8,
    0x10, 0x0, 0x0, 0x0, 0x4a, 0xff, 0xb5, 0x0,
    0x0, 0x0, 0x0, 0x6c, 0xfe, 0x80, 0x0, 0x0,
    0x0, 0x7, 0xff, 0x10, 0x0, 0x3, 0x9e, 0xfb,
    0x50, 0x1, 0x7d, 0xfe, 0x82, 0x0, 0x3, 0xff,
    0xb4, 0x0, 0x0, 0x0, 0x27, 0x10, 0x0, 0x0,
    0x0, 0x0,

    /* U+003F "?" */
    0x3a, 0xdf, 0xd8, 0x0, 0xdd, 0x87, 0xcf, 0xa0,
    0x40, 0x0, 0xd, 0xf0, 0x0, 0x0, 0xb, 0xf1,
    0x0, 0x0, 0x5f, 0xa0, 0x0, 0x5, 0xfb, 0x0,
    0x0, 0x3f, 0xb0, 0x0, 0x0, 0x9f, 0x20, 0x0,
    0x0, 0xaf, 0x0, 0x0, 0x0, 0x58, 0x0, 0x0,
    0x0, 0x23, 0x0, 0x0, 0x0, 0xbf, 0x10, 0x0,
    0x0, 0xbf, 0x10, 0x0,

    /* U+0040 "@" */
    0x0, 0x0, 0x0, 0x0, 0x0, 0x0, 0x0, 0x4b,
    0xff, 0xd6, 0x0, 0x0, 0x9f, 0x94, 0x48, 0xf8,
    0x0, 0x6f, 0x40, 0x0, 0x7, 0xf1, 0xe, 0x70,
    0x0, 0x0, 0xf, 0x45, 0xf0, 0x1, 0xbf, 0xf7,
    0xe5, 0x9c, 0x0, 0xcd, 0x54, 0xdf, 0x5b, 0x90,
    0x3f, 0x30, 0x2, 0xf5, 0xc8, 0x5, 0xf0, 0x0,
    0xe, 0x5b, 0x90, 0x3f, 0x20, 0x0, 0xf5, 0x9c,
    0x0, 0xdb, 0x10, 0x9f, 0x55, 0xf1, 0x2, 0xcf,
    0xfa, 0xe5, 0xe, 0x80, 0x0, 0x10, 0x2, 0x0,
    0x6f, 0x40, 0x0, 0x0, 0x0, 0x0, 0x8f, 0x93,
    0x11, 0x40, 0x0, 0x0, 0x4c, 0xff, 0xff, 0x10,
    0x0, 0x0, 0x0, 0x22, 0x0, 0x0,

    /* U+0041 "A" */
    0x0, 0x0, 0xdf, 0xa0, 0x0, 0x0, 0x0, 0x1f,
    0xdf, 0x0, 0x0, 0x0, 0x6, 0xf4, 0xf4, 0x0,
    0x0, 0x0, 0xbc, 0xe, 0x90, 0x0, 0x0, 0x1f,
    0x80, 0xae, 0x0, 0x0, 0x5, 0xf3, 0x6, 0xf3,
    0x0, 0x0, 0xae, 0x0, 0x1f, 0x80, 0x0, 0xf,
    0xb1, 0x11, 0xdd, 0x0, 0x4, 0xff, 0xff, 0xff,
    0xf2, 0x0, 0x9f, 0x54, 0x44, 0x7f, 0x60, 0xe,
    0xc0, 0x0, 0x0, 0xfb, 0x3, 0xf8, 0x0, 0x0,
    0xb, 0xf1, 0x8f, 0x40, 0x0, 0x0, 0x7f, 0x50,

    /* U+0042 "B" */
    0x8f, 0xff, 0xfd, 0xa2, 0x8, 0xf9, 0x77, 0x9f,
    0xf2, 0x8f, 0x40, 0x0, 0x6f, 0x78, 0xf4, 0x0,
    0x5, 0xf7, 0x8f, 0x51, 0x24, 0xdf, 0x28, 0xff,
    0xff, 0xfd, 0x20, 0x8f, 0x74, 0x57, 0xed, 0x18,
    0xf4, 0x0, 0x2, 0xfa, 0x8f, 0x40, 0x0, 0xd,
    0xe8, 0xf4, 0x0, 0x0, 0xdf, 0x8f, 0x40, 0x0,
    0x2f, 0xc8, 0xf9, 0x77, 0x9f, 0xf4, 0x8f, 0xff,
    0xfe, 0xb3, 0x0,

    /* U+0043 "C" */
    0x0, 0x29, 0xef, 0xea, 0x20, 0x3e, 0xf9, 0x78,
    0xe7, 0xd, 0xf2, 0x0, 0x0, 0x25, 0xf8, 0x0,
    0x0, 0x0, 0x9f, 0x40, 0x0, 0x0, 0xb, 0xf2,
    0x0, 0x0, 0x0, 0xcf, 0x10, 0x0, 0x0, 0xb,
    0xf2, 0x0, 0x0, 0x0, 0x9f, 0x40, 0x0, 0x0,
    0x5, 0xf8, 0x0, 0x0, 0x0, 0xd, 0xf2, 0x0,
    0x0, 0x20, 0x3f, 0xf9, 0x78, 0xe7, 0x0, 0x2a,
    0xef, 0xea, 0x20,

    /* U+0044 "D" */
    0xcf, 0xff, 0xd8, 0x10, 0xc, 0xf7, 0x7a, 0xfe,
    0x30, 0xcf, 0x0, 0x2, 0xfd, 0xc, 0xf0, 0x0,
    0x9, 0xf4, 0xcf, 0x0, 0x0, 0x5f, 0x8c, 0xf0,
    0x0, 0x3, 0xfa, 0xcf, 0x0, 0x0, 0x2f, 0xbc,
    0xf0, 0x0, 0x3, 0xfa, 0xcf, 0x0, 0x0, 0x5f,
    0x8c, 0xf0, 0x0, 0x9, 0xf4, 0xcf, 0x0, 0x3,
    0xfd, 0xc, 0xf7, 0x7a, 0xff, 0x30, 0xcf, 0xff,
    0xd9, 0x10, 0x0,

    /* U+0045 "E" */
    0x4f, 0xff, 0xff, 0xff, 0x84, 0xfb, 0x77, 0x77,
    0x73, 0x4f, 0x80, 0x0, 0x0, 0x4, 0xf8, 0x0,
    0x0, 0x0, 0x4f, 0x92, 0x22, 0x22, 0x4, 0xff,
    0xff, 0xff, 0xf4, 0x4f, 0xa5, 0x55, 0x55, 0x14,
    0xf8, 0x0, 0x0, 0x0, 0x4f, 0x80, 0x0, 0x0,
    0x4, 0xf8, 0x0, 0x0, 0x0, 0x4f, 0x80, 0x0,
    0x0, 0x4, 0xfb, 0x77, 0x77, 0x75, 0x4f, 0xff,
    0xff, 0xff, 0xb0,

    /* U+0046 "F" */
    0xff, 0xff, 0xff, 0xfc, 0xfe, 0x77, 0x77, 0x76,
    0xfd, 0x0, 0x0, 0x0, 0xfd, 0x0, 0x0, 0x0,
    0xfd, 0x22, 0x22, 0x20, 0xff, 0xff, 0xff, 0xf3,
    0xfe, 0x55, 0x55, 0x51, 0xfd, 0x0, 0x0, 0x0,
    0xfd, 0x0, 0x0, 0x0, 0xfd, 0x0, 0x0, 0x0,
    0xfd, 0x0, 0x0, 0x0, 0xfd, 0x0, 0x0, 0x0,
    0xfd, 0x0, 0x0, 0x0,

    /* U+0047 "G" */
    0x0, 0x4, 0xbe, 0xfc, 0x60, 0x0, 0x7f, 0xd8,
    0x7a, 0xf4, 0x3, 0xfc, 0x0, 0x0, 0x11, 0xa,
    0xf3, 0x0, 0x0, 0x0, 0xe, 0xe0, 0x0, 0x0,
    0x0, 0xf, 0xc0, 0x0, 0x12, 0x21, 0x1f, 0xc0,
    0x0, 0xef, 0xfb, 0xf, 0xc0, 0x0, 0x45, 0xfb,
    0xe, 0xe0, 0x0, 0x0, 0xfb, 0xa, 0xf3, 0x0,
    0x0, 0xfb, 0x3, 0xfb, 0x0, 0x0, 0xfb, 0x0,
    0x7f, 0xd7, 0x7b, 0xfa, 0x0, 0x4, 0xbf, 0xfd,
    0x70,

    /* U+0048 "H" */
    0xcf, 0x0, 0x0, 0x2f, 0xac, 0xf0, 0x0, 0x2,
    0xfa, 0xcf, 0x0, 0x0, 0x2f, 0xac, 0xf0, 0x0,
    0x2, 0xfa, 0xcf, 0x22, 0x22, 0x4f, 0xac, 0xff,
    0xff, 0xff, 0xfa, 0xcf, 0x55, 0x55, 0x6f, 0xac,
    0xf0, 0x0, 0x2, 0xfa, 0xcf, 0x0, 0x0, 0x2f,
    0xac, 0xf0, 0x0, 0x2, 0xfa, 0xcf, 0x0, 0x0,
    0x2f, 0xac, 0xf0, 0x0, 0x2, 0xfa, 0xcf, 0x0,
    0x0, 0x2f, 0xa0,

    /* U+0049 "I" */
    0x3f, 0xff, 0xff, 0xff, 0x1, 0x77, 0xbf, 0xa7,
    0x70, 0x0, 0x7, 0xf4, 0x0, 0x0, 0x0, 0x7f,
    0x40, 0x0, 0x0, 0x7, 0xf4, 0x0, 0x0, 0x0,
    0x7f, 0x40, 0x0, 0x0, 0x7, 0xf4, 0x0, 0x0,
    0x0, 0x7f, 0x40, 0x0, 0x0, 0x7, 0xf4, 0x0,
    0x0, 0x0, 0x7f, 0x40, 0x0, 0x0, 0x7, 0xf4,
    0x0, 0x1, 0x77, 0xbf, 0xa7, 0x70, 0x3f, 0xff,
    0xff, 0xff, 0x0,

    /* U+004A "J" */
    0x0, 0xb, 0xff, 0xff, 0x60, 0x0, 0x57, 0x7a,
    0xf6, 0x0, 0x0, 0x0, 0x6f, 0x60, 0x0, 0x0,
    0x6, 0xf6, 0x0, 0x0, 0x0, 0x6f, 0x60, 0x0,
    0x0, 0x6, 0xf6, 0x0, 0x0, 0x0, 0x6f, 0x60,
    0x0, 0x0, 0x6, 0xf6, 0x0, 0x0, 0x0, 0x6f,
    0x60, 0x0, 0x0, 0x6, 0xf5, 0x6, 0x0, 0x0,
    0xaf, 0x30, 0xfd, 0x87, 0xaf, 0xc0, 0x6, 0xbe,
    0xfe, 0xa1, 0x0,

    /* U+004B "K" */
    0xcf, 0x0, 0x0, 0x1d, 0xf3, 0xcf, 0x0, 0x1,
    0xdf, 0x30, 0xcf, 0x0, 0xc, 0xf4, 0x0, 0xcf,
    0x0, 0xcf, 0x40, 0x0, 0xcf, 0xb, 0xf5, 0x0,
    0x0, 0xcf, 0xbf, 0xb0, 0x0, 0x0, 0xcf, 0xfc,
    0xf5, 0x0, 0x0, 0xcf, 0x61, 0xee, 0x10, 0x0,
    0xcf, 0x0, 0x5f, 0xb0, 0x0, 0xcf, 0x0, 0xa,
    0xf5, 0x0, 0xcf, 0x0, 0x1, 0xef, 0x10, 0xcf,
    0x0, 0x0, 0x5f, 0xb0, 0xcf, 0x0, 0x0, 0xb,
    0xf6,

    /* U+004C "L" */
    0x1f, 0xa0, 0x0, 0x0, 0x0, 0x1f, 0xa0, 0x0,
    0x0, 0x0, 0x1f, 0xa0, 0x0, 0x0, 0x0, 0x1f,
    0xa0, 0x0, 0x0, 0x0, 0x1f, 0xa0, 0x0, 0x0,
    0x0, 0x1f, 0xa0, 0x0, 0x0, 0x0, 0x1f, 0xa0,
    0x0, 0x0, 0x0, 0x1f, 0xa0, 0x0, 0x0, 0x0,
    0x1f, 0xa0, 0x0, 0x0, 0x0, 0x1f, 0xa0, 0x0,
    0x0, 0x0, 0x1f, 0xa0, 0x0, 0x0, 0x0, 0x1f,
    0xd7, 0x77, 0x77, 0x70, 0x1f, 0xff, 0xff, 0xff,
    0xf0,

    /* U+004D "M" */
    0x4f, 0xf4, 0x0, 0x7, 0xff, 0x14, 0xff, 0xa0,
    0x0, 0xdf, 0xf1, 0x4f, 0xaf, 0x0, 0x2f, 0xaf,
    0x14, 0xf6, 0xe5, 0x8, 0xb9, 0xf1, 0x4f, 0x69,
    0xa0, 0xd6, 0x9f, 0x14, 0xf6, 0x3f, 0x4f, 0x19,
    0xf1, 0x4f, 0x60, 0xed, 0xb0, 0x9f, 0x14, 0xf6,
    0x9, 0xf5, 0x9, 0xf1, 0x4f, 0x60, 0x15, 0x0,
    0x9f, 0x14, 0xf6, 0x0, 0x0, 0x9, 0xf1, 0x4f,
    0x60, 0x0, 0x0, 0x9f, 0x14, 0xf6, 0x0, 0x0,
    0x9, 0xf1, 0x4f, 0x60, 0x0, 0x0, 0x9f, 0x10,

    /* U+004E "N" */
    0xcf, 0xa0, 0x0, 0x1f, 0x9c, 0xff, 0x10, 0x1,
    0xf9, 0xcf, 0xf8, 0x0, 0x1f, 0x9c, 0xf9, 0xe0,
    0x1, 0xf9, 0xcf, 0x2f, 0x50, 0x1f, 0x9c, 0xf0,
    0xbb, 0x1, 0xf9, 0xcf, 0x5, 0xf2, 0x1f, 0x9c,
    0xf0, 0xe, 0x91, 0xf9, 0xcf, 0x0, 0x8f, 0x2f,
    0x9c, 0xf0, 0x1, 0xf8, 0xf9, 0xcf, 0x0, 0xa,
    0xef, 0x9c, 0xf0, 0x0, 0x4f, 0xf9, 0xcf, 0x0,
    0x0, 0xdf, 0x90,

    /* U+004F "O" */
    0x0, 0x9e, 0xfd, 0x70, 0x0, 0xcf, 0xa7, 0xbf,
    0x90, 0x5f, 0x90, 0x0, 0xbf, 0x2a, 0xf2, 0x0,
    0x5, 0xf7, 0xdf, 0x0, 0x0, 0x2f, 0xae, 0xe0,
    0x0, 0x1, 0xfc, 0xfe, 0x0, 0x0, 0xf, 0xce,
    0xe0, 0x0, 0x1, 0xfc, 0xdf, 0x0, 0x0, 0x2f,
    0xaa, 0xf2, 0x0, 0x5, 0xf7, 0x5f, 0x80, 0x0,
    0xbf, 0x20, 0xcf, 0xa7, 0xbf, 0x90, 0x0, 0x9e,
    0xfd, 0x70, 0x0,

    /* U+0050 "P" */
    0x4f, 0xff, 0xfe, 0xb5, 0x0, 0x4f, 0xb7, 0x79,
    0xff, 0x60, 0x4f, 0x80, 0x0, 0x3f, 0xd0, 0x4f,
    0x80, 0x0, 0xe, 0xf0, 0x4f, 0x80, 0x0, 0xf,
    0xe0, 0x4f, 0x92, 0x24, 0xcf, 0x90, 0x4f, 0xff,
    0xff, 0xfa, 0x0, 0x4f, 0xa5, 0x44, 0x10, 0x0,
    0x4f, 0x80, 0x0, 0x0, 0x0, 0x4f, 0x80, 0x0,
    0x0, 0x0, 0x4f, 0x80, 0x0, 0x0, 0x0, 0x4f,
    0x80, 0x0, 0x0, 0x0, 0x4f, 0x80, 0x0, 0x0,
    0x0,

    /* U+0051 "Q" */
    0x0, 0x9e, 0xfd, 0x70, 0x0, 0xcf, 0xa7, 0xbf,
    0x90, 0x5f, 0x90, 0x0, 0xbf, 0x2a, 0xf2, 0x0,
    0x5, 0xf7, 0xdf, 0x0, 0x0, 0x2f, 0xae, 0xe0,
    0x0, 0x1, 0xfc, 0xfe, 0x0, 0x0, 0xf, 0xce,
    0xe0, 0x0, 0x1, 0xfb, 0xdf, 0x0, 0x0, 0x2f,
    0xaa, 0xf2, 0x0, 0x5, 0xf7, 0x5f, 0x80, 0x0,
    0xbf, 0x20, 0xcf, 0xa7, 0xbf, 0x90, 0x0, 0x9e,
    0xff, 0xb0, 0x0, 0x0, 0x0, 0xbf, 0x60, 0x0,
    0x0, 0x0, 0xba, 0x0, 0x0, 0x0, 0x0, 0x0,

    /* U+0052 "R" */
    0xcf, 0xff, 0xfd, 0x70, 0x0, 0xcf, 0x77, 0x8d,
    0xfa, 0x0, 0xcf, 0x0, 0x0, 0xdf, 0x20, 0xcf,
    0x0, 0x0, 0x8f, 0x50, 0xcf, 0x0, 0x0, 0xaf,
    0x40, 0xcf, 0x22, 0x27, 0xfd, 0x0, 0xcf, 0xff,
    0xff, 0x91, 0x0, 0xcf, 0x55, 0x7e, 0xb0, 0x0,
    0xcf, 0x0, 0x3, 0xf8, 0x0, 0xcf, 0x0, 0x0,
    0xbf, 0x10, 0xcf, 0x0, 0x0, 0x3f, 0x90, 0xcf,
    0x0, 0x0, 0xc, 0xf1, 0xcf, 0x0, 0x0, 0x4,
    0xf9,

    /* U+0053 "S" */
    0x1, 0x9d, 0xfe, 0xb6, 0x1, 0xef, 0x97, 0x8c,
    0xe0, 0x9f, 0x40, 0x0, 0x2, 0xc, 0xf0, 0x0,
    0x0, 0x0, 0xaf, 0x40, 0x0, 0x0, 0x2, 0xff,
    0xb7, 0x30, 0x0, 0x2, 0x9e, 0xff, 0xd4, 0x0,
    0x0, 0x2, 0x7e, 0xf2, 0x0, 0x0, 0x0, 0x4f,
    0x80, 0x0, 0x0, 0x1, 0xfa, 0x41, 0x0, 0x0,
    0x6f, 0x79, 0xfa, 0x77, 0xaf, 0xe1, 0x39, 0xdf,
    0xfd, 0x91, 0x0,

    /* U+0054 "T" */
    0x9f, 0xff, 0xff, 0xff, 0xff, 0x64, 0x77, 0x7b,
    0xfa, 0x77, 0x73, 0x0, 0x0, 0x7f, 0x50, 0x0,
    0x0, 0x0, 0x7, 0xf5, 0x0, 0x0, 0x0, 0x0,
    0x7f, 0x50, 0x0, 0x0, 0x0, 0x7, 0xf5, 0x0,
    0x0, 0x0, 0x0, 0x7f, 0x50, 0x0, 0x0, 0x0,
    0x7, 0xf5, 0x0, 0x0, 0x0, 0x0, 0x7f, 0x50,
    0x0, 0x0, 0x0, 0x7, 0xf5, 0x0, 0x0, 0x0,
    0x0, 0x7f, 0x50, 0x0, 0x0, 0x0, 0x7, 0xf5,
    0x0, 0x0, 0x0, 0x0, 0x7f, 0x50, 0x0, 0x0,

    /* U+0055 "U" */
    0xbf, 0x10, 0x0, 0x3f, 0x8b, 0xf1, 0x0, 0x3,
    0xf8, 0xbf, 0x10, 0x0, 0x3f, 0x8b, 0xf1, 0x0,
    0x3, 0xf8, 0xbf, 0x10, 0x0, 0x3f, 0x8b, 0xf1,
    0x0, 0x3, 0xf8, 0xbf, 0x10, 0x0, 0x3f, 0x8b,
    0xf1, 0x0, 0x3, 0xf8, 0xbf, 0x10, 0x0, 0x3f,
    0x8a, 0xf1, 0x0, 0x4, 0xf7, 0x7f, 0x50, 0x0,
    0x8f, 0x41, 0xef, 0x97, 0xaf, 0xc0, 0x2, 0xae,
    0xfd, 0x91, 0x0,

    /* U+0056 "V" */
    0x5f, 0x70, 0x0, 0x0, 0xaf, 0x31, 0xfb, 0x0,
    0x0, 0xe, 0xe0, 0xc, 0xf0, 0x0, 0x2, 0xf9,
    0x0, 0x7f, 0x40, 0x0, 0x7f, 0x40, 0x2, 0xf8,
    0x0, 0xb, 0xf0, 0x0, 0xd, 0xc0, 0x0, 0xfb,
    0x0, 0x0, 0x9f, 0x10, 0x3f, 0x60, 0x0, 0x4,
    0xf5, 0x8, 0xf2, 0x0, 0x0, 0xf, 0x90, 0xcd,
    0x0, 0x0, 0x0, 0xbe, 0xf, 0x80, 0x0, 0x0,
    0x6, 0xf7, 0xf3, 0x0, 0x0, 0x0, 0x1f, 0xee,
    0x0, 0x0, 0x0, 0x0, 0xcf, 0xa0, 0x0, 0x0,

    /* U+0057 "W" */
    0xec, 0x0, 0x0, 0x0, 0xf, 0xcc, 0xe0, 0x0,
    0x0, 0x1, 0xf9, 0xaf, 0x0, 0x0, 0x0, 0x3f,
    0x77, 0xf2, 0x9, 0xf7, 0x5, 0xf4, 0x5f, 0x40,
    0xdf, 0xa0, 0x7f, 0x22, 0xf6, 0xf, 0xbd, 0x8,
    0xf0, 0xf, 0x83, 0xf4, 0xf0, 0xad, 0x0, 0xea,
    0x6d, 0xf, 0x4c, 0xb0, 0xb, 0xca, 0x90, 0xc7,
    0xe8, 0x0, 0x9d, 0xd6, 0x8, 0xbf, 0x60, 0x6,
    0xff, 0x20, 0x5f, 0xf4, 0x0, 0x4f, 0xf0, 0x2,
    0xff, 0x10, 0x1, 0xfb, 0x0, 0xe, 0xf0, 0x0,

    /* U+0058 "X" */
    0xe, 0xe0, 0x0, 0x0, 0xcf, 0x10, 0x5f, 0x80,
    0x0, 0x6f, 0x60, 0x0, 0xbf, 0x20, 0x1e, 0xc0,
    0x0, 0x1, 0xfb, 0x9, 0xf2, 0x0, 0x0, 0x7,
    0xf8, 0xf7, 0x0, 0x0, 0x0, 0xd, 0xfd, 0x0,
    0x0, 0x0, 0x0, 0xbf, 0xb0, 0x0, 0x0, 0x0,
    0x5f, 0xcf, 0x40, 0x0, 0x0, 0x1e, 0xd0, 0xde,
    0x0, 0x0, 0x9, 0xf4, 0x4, 0xf8, 0x0, 0x4,
    0xfa, 0x0, 0xa, 0xf2, 0x0, 0xde, 0x10, 0x0,
    0x2f, 0xb0, 0x8f, 0x60, 0x0, 0x0, 0x8f, 0x50,

    /* U+0059 "Y" */
    0x6f, 0x70, 0x0, 0x0, 0xaf, 0x30, 0xcf, 0x10,
    0x0, 0x3f, 0xa0, 0x3, 0xf9, 0x0, 0xc, 0xf1,
    0x0, 0xa, 0xf2, 0x5, 0xf7, 0x0, 0x0, 0x1f,
    0xb0, 0xdd, 0x0, 0x0, 0x0, 0x7f, 0xbf, 0x40,
    0x0, 0x0, 0x0, 0xdf, 0xb0, 0x0, 0x0, 0x0,
    0x7, 0xf4, 0x0, 0x0, 0x0, 0x0, 0x7f, 0x40,
    0x0, 0x0, 0x0, 0x7, 0xf4, 0x0, 0x0, 0x0,
    0x0, 0x7f, 0x40, 0x0, 0x0, 0x0, 0x7, 0xf4,
    0x0, 0x0, 0x0, 0x0, 0x7f, 0x40, 0x0, 0x0,

    /* U+005A "Z" */
    0x7f, 0xff, 0xff, 0xff, 0xf1, 0x37, 0x77, 0x77,
    0x8f, 0xe0, 0x0, 0x0, 0x0, 0x9f, 0x40, 0x0,
    0x0, 0x4, 0xf9, 0x0, 0x0, 0x0, 0xe, 0xe0,
    0x0, 0x0, 0x0, 0x9f, 0x40, 0x0, 0x0, 0x3,
    0xf9, 0x0, 0x0, 0x0, 0xd, 0xd0, 0x0, 0x0,
    0x0, 0x8f, 0x40, 0x0, 0x0, 0x3, 0xf9, 0x0,
    0x0, 0x0, 0xd, 0xd0, 0x0, 0x0, 0x0, 0x7f,
    0xa7, 0x77, 0x77, 0x72, 0xaf, 0xff, 0xff, 0xff,
    0xf4,

    /* U+005B "[" */
    0xff, 0xfc, 0xfc, 0x32, 0xfb, 0x0, 0xfb, 0x0,
    0xfb, 0x0, 0xfb, 0x0, 0xfb, 0x0, 0xfb, 0x0,
    0xfb, 0x0, 0xfb, 0x0, 0xfb, 0x0, 0xfb, 0x0,
    0xfb, 0x0, 0xfb, 0x0, 0xfb, 0x0, 0xff, 0xfc,
    0x33, 0x32,

    /* U+005C "\\" */
    0xd, 0xc0, 0x0, 0x0, 0x0, 0x6, 0xf4, 0x0,
    0x0, 0x0, 0x0, 0xec, 0x0, 0x0, 0x0, 0x0,
    0x7f, 0x30, 0x0, 0x0, 0x0, 0xe, 0xb0, 0x0,
    0x0, 0x0, 0x7, 0xf3, 0x0, 0x0, 0x0, 0x1,
    0xfa, 0x0, 0x0, 0x0, 0x0, 0x8f, 0x20, 0x0,
    0x0, 0x0, 0x1f, 0xa0, 0x0, 0x0, 0x0, 0x9,
    0xf1, 0x0, 0x0, 0x0, 0x1, 0xf9, 0x0, 0x0,
    0x0, 0x0, 0x9f, 0x10, 0x0, 0x0, 0x0, 0x2f,
    0x80, 0x0, 0x0, 0x0, 0xa, 0xf1, 0x0, 0x0,
    0x0, 0x2, 0x82,

    /* U+005D "]" */
    0xff, 0xfc, 0x33, 0xec, 0x0, 0xdc, 0x0, 0xdc,
    0x0, 0xdc, 0x0, 0xdc, 0x0, 0xdc, 0x0, 0xdc,
    0x0, 0xdc, 0x0, 0xdc, 0x0, 0xdc, 0x0, 0xdc,
    0x0, 0xdc, 0x0, 0xdc, 0x0, 0xdc, 0xff, 0xfc,
    0x33, 0x32,

    /* U+005E "^" */
    0x0, 0x0, 0xbf, 0x90, 0x0, 0x0, 0x0, 0x8f,
    0xbf, 0x60, 0x0, 0x0, 0x5f, 0x70, 0xaf, 0x30,
    0x0, 0x3f, 0x90, 0x0, 0xbe, 0x10, 0x1e, 0xa0,
    0x0, 0x0, 0xcc, 0x0,

    /* U+005F "_" */
    0xbb, 0xbb, 0xbb, 0xbb, 0xbb, 0x90,

    /* U+0060 "`" */
    0x28, 0x20, 0x0, 0xbd, 0x0, 0x1, 0xd9, 0x0,
    0x2, 0xf4,

    /* U+0061 "a" */
    0x8, 0xce, 0xfd, 0x80, 0x1, 0xfa, 0x76, 0x9f,
    0xa0, 0x1, 0x0, 0x0, 0x9f, 0x20, 0x0, 0x0,
    0x5, 0xf4, 0x5, 0xcf, 0xff, 0xff, 0x46, 0xfb,
    0x53, 0x37, 0xf5, 0xce, 0x0, 0x0, 0x7f, 0x5c,
    0xe0, 0x0, 0xd, 0xf5, 0x6f, 0xb6, 0x7d, 0xdf,
    0x50, 0x7d, 0xfd, 0x75, 0xf5,

    /* U+0062 "b" */
    0x4f, 0x50, 0x0, 0x0, 0x4, 0xf5, 0x0, 0x0,
    0x0, 0x4f, 0x50, 0x0, 0x0, 0x4, 0xf5, 0x0,
    0x0, 0x0, 0x4f, 0x5a, 0xff, 0xa1, 0x4, 0xfe,
    0xc6, 0x9f, 0xd0, 0x4f, 0xd0, 0x0, 0x7f, 0x54,
    0xf7, 0x0, 0x1, 0xfa, 0x4f, 0x50, 0x0, 0xf,
    0xc4, 0xf5, 0x0, 0x0, 0xfb, 0x4f, 0x70, 0x0,
    0x1f, 0xa4, 0xfd, 0x0, 0x7, 0xf5, 0x4f, 0xec,
    0x69, 0xfc, 0x4, 0xf5, 0xaf, 0xfa, 0x10,

    /* U+0063 "c" */
    0x0, 0x29, 0xef, 0xd9, 0x10, 0x2e, 0xf9, 0x68,
    0xd5, 0xc, 0xf3, 0x0, 0x0, 0x11, 0xfa, 0x0,
    0x0, 0x0, 0x3f, 0x70, 0x0, 0x0, 0x3, 0xf7,
    0x0, 0x0, 0x0, 0x1f, 0xa0, 0x0, 0x0, 0x0,
    0xcf, 0x20, 0x0, 0x1, 0x2, 0xef, 0x86, 0x8d,
    0x50, 0x2, 0x9e, 0xfe, 0x91,

    /* U+0064 "d" */
    0x0, 0x0, 0x0, 0x7f, 0x20, 0x0, 0x0, 0x7,
    0xf2, 0x0, 0x0, 0x0, 0x7f, 0x20, 0x0, 0x0,
    0x7, 0xf2, 0x2, 0xbf, 0xe8, 0x7f, 0x21, 0xef,
    0x87, 0xde, 0xf2, 0x8f, 0x50, 0x1, 0xff, 0x2c,
    0xe0, 0x0, 0xa, 0xf2, 0xed, 0x0, 0x0, 0x8f,
    0x2e, 0xd0, 0x0, 0x8, 0xf2, 0xce, 0x0, 0x0,
    0xaf, 0x28, 0xf5, 0x0, 0x1f, 0xf2, 0x1e, 0xf8,
    0x7d, 0xef, 0x20, 0x2b, 0xfe, 0x87, 0xf2,

    /* U+0065 "e" */
    0x0, 0x7d, 0xfe, 0x91, 0x0, 0xbf, 0x96, 0x8f,
    0xd0, 0x6f, 0x60, 0x0, 0x3f, 0x6b, 0xf0, 0x0,
    0x0, 0xeb, 0xef, 0xff, 0xff, 0xff, 0xce, 0xd3,
    0x33, 0x33, 0x32, 0xbf, 0x0, 0x0, 0x0, 0x6,
    0xf7, 0x0, 0x0, 0x1, 0xb, 0xfb, 0x66, 0x9e,
    0x60, 0x7, 0xdf, 0xfc, 0x81,

    /* U+0066 "f" */
    0x0, 0x0, 0x7d, 0xff, 0x50, 0x0, 0x4f, 0xa5,
    0x51, 0x0, 0x8, 0xf0, 0x0, 0x0, 0x0, 0xaf,
    0x0, 0x0, 0x4f, 0xff, 0xff, 0xff, 0x51, 0x44,
    0xbf, 0x44, 0x41, 0x0, 0xa, 0xf0, 0x0, 0x0,
    0x0, 0xaf, 0x0, 0x0, 0x0, 0xa, 0xf0, 0x0,
    0x0, 0x0, 0xaf, 0x0, 0x0, 0x0, 0xa, 0xf0,
    0x0, 0x0, 0x0, 0xaf, 0x0, 0x0, 0x0, 0xa,
    0xf0, 0x0, 0x0, 0x0, 0xaf, 0x0, 0x0,

    /* U+0067 "g" */
    0x2, 0xbf, 0xe8, 0x7f, 0x21, 0xef, 0x86, 0xde,
    0xf2, 0x7f, 0x50, 0x1, 0xef, 0x2c, 0xf0, 0x0,
    0x9, 0xf2, 0xed, 0x0, 0x0, 0x8f, 0x2e, 0xd0,
    0x0, 0x8, 0xf2, 0xcf, 0x0, 0x0, 0x9f, 0x27,
    0xf5, 0x0, 0xe, 0xf2, 0x1e, 0xf8, 0x6c, 0xef,
    0x20, 0x2b, 0xfe, 0x87, 0xf2, 0x0, 0x0, 0x0,
    0x8f, 0x10, 0x0, 0x0, 0xd, 0xd0, 0xc, 0x95,
    0x5b, 0xf5, 0x0, 0x8d, 0xff, 0xc5, 0x0,

    /* U+0068 "h" */
    0x4f, 0x50, 0x0, 0x0, 0x4, 0xf5, 0x0, 0x0,
    0x0, 0x4f, 0x50, 0x0, 0x0, 0x4, 0xf5, 0x0,
    0x0, 0x0, 0x4f, 0x58, 0xef, 0xb1, 0x4, 0xfd,
    0xc7, 0x9f, 0xc0, 0x4f, 0xc0, 0x0, 0xaf, 0x14,
    0xf7, 0x0, 0x6, 0xf3, 0x4f, 0x50, 0x0, 0x6f,
    0x34, 0xf5, 0x0, 0x6, 0xf3, 0x4f, 0x50, 0x0,
    0x6f, 0x34, 0xf5, 0x0, 0x6, 0xf3, 0x4f, 0x50,
    0x0, 0x6f, 0x34, 0xf5, 0x0, 0x6, 0xf3,

    /* U+0069 "i" */
    0x0, 0x3, 0xf6, 0x0, 0x0, 0x0, 0x3f, 0x60,
    0x0, 0x0, 0x0, 0x0, 0x0, 0x0, 0x0, 0x0,
    0x0, 0x0, 0xc, 0xff, 0xf6, 0x0, 0x0, 0x34,
    0x6f, 0x60, 0x0, 0x0, 0x3, 0xf6, 0x0, 0x0,
    0x0, 0x3f, 0x60, 0x0, 0x0, 0x3, 0xf6, 0x0,
    0x0, 0x0, 0x3f, 0x60, 0x0, 0x0, 0x3, 0xf6,
    0x0, 0x0, 0x0, 0x3f, 0x60, 0x0, 0x14, 0x46,
    0xf8, 0x44, 0x27, 0xff, 0xff, 0xff, 0xf9,

    /* U+006A "j" */
    0x0, 0x0, 0xbe, 0x0, 0x0, 0xbe, 0x0, 0x0,
    0x0, 0x0, 0x0, 0x0, 0x8, 0xff, 0xfe, 0x2,
    0x44, 0xce, 0x0, 0x0, 0xbe, 0x0, 0x0, 0xbe,
    0x0, 0x0, 0xbe, 0x0, 0x0, 0xbe, 0x0, 0x0,
    0xbe, 0x0, 0x0, 0xbe, 0x0, 0x0, 0xbe, 0x0,
    0x0, 0xbe, 0x0, 0x0, 0xbd, 0x0, 0x0, 0xeb,
    0x25, 0x5a, 0xf5, 0x5f, 0xfe, 0x70,

    /* U+006B "k" */
    0xec, 0x0, 0x0, 0x0, 0xe, 0xc0, 0x0, 0x0,
    0x0, 0xec, 0x0, 0x0, 0x0, 0xe, 0xc0, 0x0,
    0x0, 0x0, 0xec, 0x0, 0x8, 0xf7, 0xe, 0xc0,
    0x8, 0xf6, 0x0, 0xec, 0x8, 0xf6, 0x0, 0xe,
    0xc9, 0xf6, 0x0, 0x0, 0xef, 0xff, 0x90, 0x0,
    0xe, 0xf4, 0x9f, 0x50, 0x0, 0xec, 0x0, 0xde,
    0x10, 0xe, 0xc0, 0x3, 0xfc, 0x0, 0xec, 0x0,
    0x7, 0xf7, 0xe, 0xc0, 0x0, 0xc, 0xf3,

    /* U+006C "l" */
    0x9f, 0xff, 0x90, 0x0, 0x2, 0x44, 0xf9, 0x0,
    0x0, 0x0, 0xf, 0x90, 0x0, 0x0, 0x0, 0xf9,
    0x0, 0x0, 0x0, 0xf, 0x90, 0x0, 0x0, 0x0,
    0xf9, 0x0, 0x0, 0x0, 0xf, 0x90, 0x0, 0x0,
    0x0, 0xf9, 0x0, 0x0, 0x0, 0xf, 0x90, 0x0,
    0x0, 0x0, 0xf9, 0x0, 0x0, 0x0, 0xf, 0xa0,
    0x0, 0x0, 0x0, 0xdc, 0x0, 0x0, 0x0, 0x7,
    0xf9, 0x55, 0x0, 0x0, 0x9, 0xef, 0xf1,

    /* U+006D "m" */
    0xf, 0x8d, 0xf6, 0x7f, 0xd2, 0xf, 0xe6, 0xcf,
    0xc6, 0xea, 0xf, 0x80, 0x6f, 0x40, 0x9d, 0xf,
    0x70, 0x4f, 0x30, 0x8f, 0xf, 0x60, 0x4f, 0x30,
    0x8f, 0xf, 0x60, 0x4f, 0x30, 0x8f, 0xf, 0x60,
    0x4f, 0x30, 0x8f, 0xf, 0x60, 0x4f, 0x30, 0x8f,
    0xf, 0x60, 0x4f, 0x30, 0x8f, 0xf, 0x60, 0x4f,
    0x30, 0x8f,

    /* U+006E "n" */
    0x4f, 0x69, 0xef, 0xb1, 0x4, 0xfe, 0x83, 0x5f,
    0xc0, 0x4f, 0xb0, 0x0, 0x9f, 0x14, 0xf6, 0x0,
    0x6, 0xf3, 0x4f, 0x50, 0x0, 0x6f, 0x34, 0xf5,
    0x0, 0x6, 0xf3, 0x4f, 0x50, 0x0, 0x6f, 0x34,
    0xf5, 0x0, 0x6, 0xf3, 0x4f, 0x50, 0x0, 0x6f,
    0x34, 0xf5, 0x0, 0x6, 0xf3,

    /* U+006F "o" */
    0x1, 0x9e, 0xfd, 0x80, 0x0, 0xdf, 0x96, 0xaf,
    0xa0, 0x6f, 0x70, 0x0, 0xaf, 0x3a, 0xf1, 0x0,
    0x4, 0xf7, 0xcf, 0x0, 0x0, 0x2f, 0x9c, 0xf0,
    0x0, 0x2, 0xf9, 0xaf, 0x10, 0x0, 0x4f, 0x76,
    0xf7, 0x0, 0xa, 0xf3, 0xd, 0xf9, 0x6a, 0xfa,
    0x0, 0x19, 0xef, 0xd8, 0x0,

    /* U+0070 "p" */
    0x5f, 0x6b, 0xfe, 0xa1, 0x5, 0xff, 0x83, 0x5e,
    0xc0, 0x5f, 0xb0, 0x0, 0x6f, 0x55, 0xf6, 0x0,
    0x1, 0xf9, 0x5f, 0x50, 0x0, 0xf, 0xb5, 0xf5,
    0x0, 0x0, 0xfb, 0x5f, 0x70, 0x0, 0x2f, 0x95,
    0xfd, 0x0, 0x8, 0xf5, 0x5f, 0xec, 0x69, 0xfc,
    0x5, 0xf5, 0xaf, 0xfa, 0x10, 0x5f, 0x40, 0x0,
    0x0, 0x5, 0xf4, 0x0, 0x0, 0x0, 0x5f, 0x40,
    0x0, 0x0, 0x5, 0xf4, 0x0, 0x0, 0x0,

    /* U+0071 "q" */
    0x1, 0xaf, 0xf9, 0x6f, 0x40, 0xdf, 0x86, 0xce,
    0xf4, 0x6f, 0x70, 0x0, 0xdf, 0x4a, 0xf1, 0x0,
    0x8, 0xf4, 0xcf, 0x0, 0x0, 0x6f, 0x4c, 0xf0,
    0x0, 0x6, 0xf4, 0xaf, 0x10, 0x0, 0x8f, 0x46,
    0xf7, 0x0, 0xd, 0xf4, 0xd, 0xf8, 0x6c, 0xef,
    0x40, 0x1a, 0xff, 0x96, 0xf4, 0x0, 0x0, 0x0,
    0x5f, 0x40, 0x0, 0x0, 0x5, 0xf4, 0x0, 0x0,
    0x0, 0x5f, 0x40, 0x0, 0x0, 0x5, 0xf4,

    /* U+0072 "r" */
    0xdd, 0x1a, 0xef, 0xc1, 0xdd, 0xd9, 0x55, 0xa2,
    0xdf, 0x70, 0x0, 0x0, 0xdf, 0x0, 0x0, 0x0,
    0xdd, 0x0, 0x0, 0x0, 0xdd, 0x0, 0x0, 0x0,
    0xdd, 0x0, 0x0, 0x0, 0xdd, 0x0, 0x0, 0x0,
    0xdd, 0x0, 0x0, 0x0, 0xdd, 0x0, 0x0, 0x0,

    /* U+0073 "s" */
    0x1, 0x9d, 0xfe, 0xb4, 0x0, 0xbf, 0x85, 0x7b,
    0x80, 0xf, 0x90, 0x0, 0x0, 0x0, 0xfc, 0x10,
    0x0, 0x0, 0x6, 0xff, 0xc9, 0x40, 0x0, 0x1,
    0x6a, 0xef, 0x80, 0x0, 0x0, 0x0, 0xcf, 0x0,
    0x0, 0x0, 0xb, 0xf0, 0x2f, 0x96, 0x69, 0xf9,
    0x0, 0x9d, 0xff, 0xd7, 0x0,

    /* U+0074 "t" */
    0x0, 0x18, 0x30, 0x0, 0x0, 0x3, 0xf6, 0x0,
    0x0, 0x0, 0x3f, 0x60, 0x0, 0xd, 0xff, 0xff,
    0xff, 0xf1, 0x34, 0x6f, 0x84, 0x44, 0x0, 0x3,
    0xf6, 0x0, 0x0, 0x0, 0x3f, 0x60, 0x0, 0x0,
    0x3, 0xf6, 0x0, 0x0, 0x0, 0x3f, 0x60, 0x0,
    0x0, 0x3, 0xf6, 0x0, 0x0, 0x0, 0x2f, 0x70,
    0x0, 0x0, 0x0, 0xee, 0x64, 0x40, 0x0, 0x3,
    0xcf, 0xff, 0x10,

    /* U+0075 "u" */
    0x4f, 0x50, 0x0, 0x6f, 0x34, 0xf5, 0x0, 0x6,
    0xf3, 0x4f, 0x50, 0x0, 0x6f, 0x34, 0xf5, 0x0,
    0x6, 0xf3, 0x4f, 0x50, 0x0, 0x6f, 0x34, 0xf5,
    0x0, 0x6, 0xf3, 0x4f, 0x50, 0x0, 0x8f, 0x32,
    0xf9, 0x0, 0xd, 0xf3, 0xd, 0xf9, 0x7c, 0xdf,
    0x30, 0x2b, 0xfe, 0x76, 0xf3,

    /* U+0076 "v" */
    0xe, 0xb0, 0x0, 0x0, 0xec, 0x9, 0xf1, 0x0,
    0x3, 0xf6, 0x4, 0xf6, 0x0, 0x9, 0xf1, 0x0,
    0xec, 0x0, 0xe, 0xb0, 0x0, 0x8f, 0x10, 0x4f,
    0x60, 0x0, 0x3f, 0x60, 0x9f, 0x0, 0x0, 0xd,
    0xc0, 0xea, 0x0, 0x0, 0x8, 0xf6, 0xf5, 0x0,
    0x0, 0x2, 0xff, 0xf0, 0x0, 0x0, 0x0, 0xcf,
    0xa0, 0x0,

    /* U+0077 "w" */
    0xeb, 0x0, 0x0, 0x0, 0xd, 0xba, 0xe0, 0x0,
    0x0, 0x1, 0xf7, 0x6f, 0x10, 0x1, 0x0, 0x4f,
    0x43, 0xf5, 0x7, 0xf4, 0x8, 0xf0, 0xf, 0x80,
    0xbe, 0x80, 0xbc, 0x0, 0xbc, 0xf, 0x6d, 0xe,
    0x90, 0x8, 0xf4, 0xd0, 0xf3, 0xf5, 0x0, 0x4f,
    0xb8, 0xb, 0xbf, 0x10, 0x0, 0xff, 0x40, 0x7f,
    0xe0, 0x0, 0xd, 0xf0, 0x2, 0xfa, 0x0,

    /* U+0078 "x" */
    0x9, 0xf3, 0x0, 0x5, 0xf7, 0x0, 0xd, 0xd0,
    0x2, 0xfb, 0x0, 0x0, 0x2f, 0x90, 0xce, 0x10,
    0x0, 0x0, 0x6f, 0xbf, 0x40, 0x0, 0x0, 0x0,
    0xbf, 0x80, 0x0, 0x0, 0x0, 0x1e, 0xfc, 0x0,
    0x0, 0x0, 0xb, 0xe5, 0xf9, 0x0, 0x0, 0x7,
    0xf5, 0x7, 0xf5, 0x0, 0x3, 0xf9, 0x0, 0xc,
    0xe1, 0x1, 0xed, 0x0, 0x0, 0x1f, 0xc0,

    /* U+0079 "y" */
    0xe, 0xc0, 0x0, 0x0, 0xce, 0x0, 0x8f, 0x20,
    0x0, 0x1f, 0x90, 0x2, 0xf8, 0x0, 0x7, 0xf3,
    0x0, 0xc, 0xe0, 0x0, 0xdd, 0x0, 0x0, 0x5f,
    0x40, 0x3f, 0x70, 0x0, 0x0, 0xfa, 0x9, 0xf1,
    0x0, 0x0, 0x9, 0xf1, 0xeb, 0x0, 0x0, 0x0,
    0x3f, 0xaf, 0x50, 0x0, 0x0, 0x0, 0xdf, 0xe0,
    0x0, 0x0, 0x0, 0x7, 0xf9, 0x0, 0x0, 0x0,
    0x0, 0x7f, 0x30, 0x0, 0x0, 0x0, 0xd, 0xd0,
    0x0, 0x0, 0x2, 0x5a, 0xf5, 0x0, 0x0, 0x0,
    0x6f, 0xe7, 0x0, 0x0, 0x0,

    /* U+007A "z" */
    0xf, 0xff, 0xff, 0xff, 0x20, 0x44, 0x44, 0x4e,
    0xf1, 0x0, 0x0, 0x8, 0xf5, 0x0, 0x0, 0x4,
    0xf8, 0x0, 0x0, 0x2, 0xfb, 0x0, 0x0, 0x0,
    0xde, 0x10, 0x0, 0x0, 0xaf, 0x30, 0x0, 0x0,
    0x6f, 0x60, 0x0, 0x0, 0x2f, 0xd5, 0x55, 0x55,
    0x3, 0xff, 0xff, 0xff, 0xf2,

    /* U+007B "{" */
    0x0, 0x0, 0x5c, 0xfe, 0x0, 0x1, 0xfd, 0x53,
    0x0, 0x4, 0xf6, 0x0, 0x0, 0x5, 0xf4, 0x0,
    0x0, 0x5, 0xf4, 0x0, 0x0, 0x5, 0xf4, 0x0,
    0x0, 0x7, 0xf3, 0x0, 0x0, 0x3d, 0xe0, 0x0,
    0x1f, 0xfe, 0x30, 0x0, 0x3, 0x6e, 0xd0, 0x0,
    0x0, 0x7, 0xf3, 0x0, 0x0, 0x5, 0xf4, 0x0,
    0x0, 0x5, 0xf4, 0x0, 0x0, 0x5, 0xf5, 0x0,
    0x0, 0x3, 0xfa, 0x10, 0x0, 0x0, 0xaf, 0xfe,
    0x0, 0x0, 0x1, 0x23,

    /* U+007C "|" */
    0x5f, 0x25, 0xf2, 0x5f, 0x25, 0xf2, 0x5f, 0x25,
    0xf2, 0x5f, 0x25, 0xf2, 0x5f, 0x25, 0xf2, 0x5f,
    0x25, 0xf2, 0x5f, 0x25, 0xf2, 0x5f, 0x25, 0xf2,
    0x5f, 0x25, 0xf2,

    /* U+007D "}" */
    0x1f, 0xfc, 0x30, 0x0, 0x3, 0x5e, 0xe0, 0x0,
    0x0, 0x8, 0xf1, 0x0, 0x0, 0x7, 0xf2, 0x0,
    0x0, 0x7, 0xf2, 0x0, 0x0, 0x7, 0xf2, 0x0,
    0x0, 0x6, 0xf4, 0x0, 0x0, 0x2, 0xfb, 0x20,
    0x0, 0x0, 0x5f, 0xfe, 0x0, 0x2, 0xfd, 0x53,
    0x0, 0x6, 0xf4, 0x0, 0x0, 0x7, 0xf2, 0x0,
    0x0, 0x7, 0xf2, 0x0, 0x0, 0x8, 0xf2, 0x0,
    0x0, 0x2c, 0xf0, 0x0, 0x1f, 0xff, 0x70, 0x0,
    0x3, 0x20, 0x0, 0x0,

    /* U+007E "~" */
    0x0, 0x1, 0x0, 0x0, 0x0, 0x0, 0xaf, 0xff,
    0xa5, 0x25, 0xc1, 0x3d, 0x75, 0x8d, 0xff, 0xfb,
    0x0, 0x0, 0x0, 0x2, 0x42, 0x0,

    /* U+00B0 "°" */
    0x3, 0xce, 0xb2, 0x1, 0xf7, 0x39, 0xd0, 0x5c,
    0x0, 0xf, 0x22, 0xf3, 0x6, 0xe0, 0x6, 0xff,
    0xe4, 0x0, 0x0, 0x10, 0x0,

    /* U+2022 "•" */
    0x0, 0x1, 0x0, 0x0, 0x4e, 0xfd, 0x30, 0xf,
    0xff, 0xfc, 0x2, 0xff, 0xff, 0xf0, 0xe, 0xff,
    0xfb, 0x0, 0x3c, 0xfb, 0x10,

    /* U+F001 "" */
    0x0, 0x0, 0x0, 0x0, 0x0, 0x0, 0x0, 0x27,
    0xba, 0x0, 0x0, 0x0, 0x0, 0x0, 0x0, 0x48,
    0xdf, 0xff, 0xf2, 0x0, 0x0, 0x0, 0x1, 0x6a,
    0xff, 0xff, 0xff, 0xff, 0x20, 0x0, 0x0, 0x7c,
    0xff, 0xff, 0xff, 0xff, 0xff, 0xf2, 0x0, 0x0,
    0x4f, 0xff, 0xff, 0xff, 0xff, 0xff, 0xff, 0x20,
    0x0, 0x5, 0xff, 0xff, 0xff, 0xff, 0xb7, 0x3f,
    0xf2, 0x0, 0x0, 0x5f, 0xff, 0xfe, 0x95, 0x0,
    0x1, 0xff, 0x20, 0x0, 0x5, 0xff, 0x73, 0x0,
    0x0, 0x0, 0x1f, 0xf2, 0x0, 0x0, 0x5f, 0xe0,
    0x0, 0x0, 0x0, 0x1, 0xff, 0x20, 0x0, 0x5,
    0xfe, 0x0, 0x0, 0x0, 0x0, 0x1f, 0xf2, 0x0,
    0x0, 0x5f, 0xe0, 0x0, 0x0, 0x0, 0x1, 0xff,
    0x20, 0x0, 0x5, 0xfe, 0x0, 0x0, 0x0, 0x69,
    0x8f, 0xf2, 0x0, 0x0, 0x5f, 0xe0, 0x0, 0x2,
    0xef, 0xff, 0xff, 0x20, 0x3, 0x58, 0xfe, 0x0,
    0x0, 0x8f, 0xff, 0xff, 0xf2, 0x2d, 0xff, 0xff,
    0xe0, 0x0, 0x4, 0xff, 0xff, 0xfd, 0xb, 0xff,
    0xff, 0xfe, 0x0, 0x0, 0x4, 0xbd, 0xc8, 0x10,
    0xaf, 0xff, 0xff, 0xb0, 0x0, 0x0, 0x0, 0x0,
    0x0, 0x0, 0xaf, 0xff, 0xb1, 0x0, 0x0, 0x0,
    0x0, 0x0, 0x0, 0x0, 0x1, 0x0, 0x0, 0x0,
    0x0, 0x0, 0x0, 0x0, 0x0,

    /* U+F008 "" */
    0x51, 0x6, 0x88, 0x88, 0x88, 0x88, 0x88, 0x30,
    0x15, 0xf7, 0x6e, 0xff, 0xff, 0xff, 0xff, 0xff,
    0xb6, 0x8f, 0xfd, 0xcf, 0xf3, 0x33, 0x33, 0x33,
    0x6f, 0xec, 0xdf, 0xf2, 0xc, 0xe0, 0x0, 0x0,
    0x0, 0x3f, 0x70, 0x2f, 0xf2, 0xc, 0xe0, 0x0,
    0x0, 0x0, 0x3f, 0x80, 0x2f, 0xff, 0xff, 0xe0,
    0x0, 0x0, 0x0, 0x3f, 0xff, 0xff, 0xf4, 0x2d,
    0xf9, 0x99, 0x99, 0x99, 0xbf, 0x92, 0x4f, 0xf2,
    0xc, 0xff, 0xff, 0xff, 0xff, 0xff, 0x70, 0x2f,
    0xfb, 0xaf, 0xf1, 0x11, 0x11, 0x11, 0x5f, 0xda,
    0xbf, 0xf9, 0x8e, 0xe0, 0x0, 0x0, 0x0, 0x3f,
    0xc8, 0x9f, 0xf2, 0xc, 0xe0, 0x0, 0x0, 0x0,
    0x3f, 0x70, 0x2f, 0xf6, 0x4d, 0xe0, 0x0, 0x0,
    0x0, 0x3f, 0xa4, 0x6f, 0xfe, 0xef, 0xfb, 0xbb,
    0xbb, 0xbb, 0xcf, 0xfe, 0xef, 0xc2, 0xc, 0xff,
    0xff, 0xff, 0xff, 0xff, 0x80, 0x2c,

    /* U+F00B "" */
    0x58, 0x88, 0x70, 0x28, 0x88, 0x88, 0x88, 0x88,
    0x85, 0xff, 0xff, 0xf3, 0x9f, 0xff, 0xff, 0xff,
    0xff, 0xff, 0xff, 0xff, 0xf3, 0xaf, 0xff, 0xff,
    0xff, 0xff, 0xff, 0xff, 0xff, 0xf3, 0xaf, 0xff,
    0xff, 0xff, 0xff, 0xff, 0xbf, 0xff, 0xd1, 0x6f,
    0xff, 0xff, 0xff, 0xff, 0xfb, 0x0, 0x0, 0x0,
    0x0, 0x0, 0x0, 0x0, 0x0, 0x0, 0xcf, 0xff,
    0xe1, 0x7f, 0xff, 0xff, 0xff, 0xff, 0xfc, 0xff,
    0xff, 0xf3, 0xaf, 0xff, 0xff, 0xff, 0xff, 0xff,
    0xff, 0xff, 0xf3, 0xaf, 0xff, 0xff, 0xff, 0xff,
    0xff, 0xff, 0xff, 0xf3, 0x9f, 0xff, 0xff, 0xff,
    0xff, 0xff, 0x58, 0x88, 0x60, 0x27, 0x88, 0x88,
    0x88, 0x88, 0x85, 0x47, 0x77, 0x50, 0x17, 0x77,
    0x77, 0x77, 0x77, 0x74, 0xff, 0xff, 0xf3, 0x9f,
    0xff, 0xff, 0xff, 0xff, 0xff, 0xff, 0xff, 0xf3,
    0xaf, 0xff, 0xff, 0xff, 0xff, 0xff, 0xff, 0xff,
    0xf3, 0xaf, 0xff, 0xff, 0xff, 0xff, 0xff, 0xdf,
    0xff, 0xf1, 0x7f, 0xff, 0xff, 0xff, 0xff, 0xfd,
    0x0, 0x0, 0x0, 0x0, 0x0, 0x0, 0x0, 0x0,
    0x0,

    /* U+F00C "" */
    0x0, 0x0, 0x0, 0x0, 0x0, 0x0, 0x0, 0x5,
    0x20, 0x0, 0x0, 0x0, 0x0, 0x0, 0x0, 0x0,
    0x7f, 0xf3, 0x0, 0x0, 0x0, 0x0, 0x0, 0x0,
    0x7, 0xff, 0xfe, 0x0, 0x0, 0x0, 0x0, 0x0,
    0x0, 0x7f, 0xff, 0xf8, 0x0, 0x0, 0x0, 0x0,
    0x0, 0x7, 0xff, 0xff, 0x90, 0x9, 0xd1, 0x0,
    0x0, 0x0, 0x7f, 0xff, 0xf9, 0x0, 0x9f, 0xfd,
    0x10, 0x0, 0x7, 0xff, 0xff, 0x90, 0x0, 0xdf,
    0xff, 0xd1, 0x0, 0x7f, 0xff, 0xf9, 0x0, 0x0,
    0x2e, 0xff, 0xfd, 0x17, 0xff, 0xff, 0x90, 0x0,
    0x0, 0x2, 0xef, 0xff, 0xef, 0xff, 0xf9, 0x0,
    0x0, 0x0, 0x0, 0x2e, 0xff, 0xff, 0xff, 0x90,
    0x0, 0x0, 0x0, 0x0, 0x2, 0xef, 0xff, 0xf9,
    0x0, 0x0, 0x0, 0x0, 0x0, 0x0, 0x2e, 0xff,
    0x90, 0x0, 0x0, 0x0, 0x0, 0x0, 0x0, 0x2,
    0xd8, 0x0, 0x0, 0x0, 0x0, 0x0,

    /* U+F00D "" */
    0x2d, 0xb0, 0x0, 0x0, 0x6, 0xe6, 0xd, 0xff,
    0xc0, 0x0, 0x6, 0xff, 0xf3, 0xcf, 0xff, 0xc0,
    0x6, 0xff, 0xff, 0x31, 0xdf, 0xff, 0xc7, 0xff,
    0xff, 0x50, 0x1, 0xdf, 0xff, 0xff, 0xff, 0x50,
    0x0, 0x1, 0xdf, 0xff, 0xff, 0x50, 0x0, 0x0,
    0x7, 0xff, 0xff, 0xd0, 0x0, 0x0, 0x6, 0xff,
    0xff, 0xff, 0xc0, 0x0, 0x6, 0xff, 0xff, 0xdf,
    0xff, 0xc0, 0x6, 0xff, 0xff, 0x51, 0xdf, 0xff,
    0xc0, 0xff, 0xff, 0x50, 0x1, 0xdf, 0xff, 0x58,
    0xff, 0x50, 0x0, 0x1, 0xdf, 0xd0, 0x5, 0x30,
    0x0, 0x0, 0x1, 0x61, 0x0,

    /* U+F011 "" */
    0x0, 0x0, 0x0, 0x0, 0xcd, 0x50, 0x0, 0x0,
    0x0, 0x0, 0x0, 0x0, 0x0, 0x3f, 0xfa, 0x0,
    0x0, 0x0, 0x0, 0x0, 0x7, 0xe3, 0x3, 0xff,
    0xa0, 0xb, 0xc1, 0x0, 0x0, 0x8, 0xff, 0xb0,
    0x3f, 0xfa, 0x4, 0xff, 0xd1, 0x0, 0x4, 0xff,
    0xf6, 0x3, 0xff, 0xa0, 0x1e, 0xff, 0xa0, 0x0,
    0xdf, 0xf7, 0x0, 0x3f, 0xfa, 0x0, 0x2e, 0xff,
    0x40, 0x3f, 0xfc, 0x0, 0x3, 0xff, 0xa0, 0x0,
    0x6f, 0xfa, 0x8, 0xff, 0x60, 0x0, 0x3f, 0xfa,
    0x0, 0x0, 0xef, 0xf0, 0xaf, 0xf2, 0x0, 0x3,
    0xff, 0xa0, 0x0, 0xb, 0xff, 0x1b, 0xff, 0x10,
    0x0, 0x1f, 0xf8, 0x0, 0x0, 0xbf, 0xf1, 0x9f,
    0xf3, 0x0, 0x0, 0x24, 0x0, 0x0, 0xd, 0xff,
    0x6, 0xff, 0x90, 0x0, 0x0, 0x0, 0x0, 0x2,
    0xff, 0xd0, 0x1f, 0xff, 0x20, 0x0, 0x0, 0x0,
    0x0, 0xbf, 0xf8, 0x0, 0x9f, 0xfd, 0x20, 0x0,
    0x0, 0x0, 0x9f, 0xfe, 0x10, 0x0, 0xcf, 0xfe,
    0x71, 0x0, 0x4, 0xcf, 0xff, 0x50, 0x0, 0x1,
    0xdf, 0xff, 0xfe, 0xdf, 0xff, 0xff, 0x60, 0x0,
    0x0, 0x0, 0x9f, 0xff, 0xff, 0xff, 0xfd, 0x40,
    0x0, 0x0, 0x0, 0x0, 0x28, 0xce, 0xfd, 0xa5,
    0x0, 0x0, 0x0,

    /* U+F013 "" */
    0x0, 0x0, 0x0, 0x4, 0x66, 0x40, 0x0, 0x0,
    0x0, 0x0, 0x0, 0x0, 0x3f, 0xff, 0xf3, 0x0,
    0x0, 0x0, 0x0, 0x0, 0x0, 0x4f, 0xff, 0xf4,
    0x0, 0x0, 0x0, 0x0, 0x78, 0x17, 0xff, 0xff,
    0xff, 0x71, 0x87, 0x0, 0x4, 0xff, 0xff, 0xff,
    0xff, 0xff, 0xff, 0xff, 0x40, 0xd, 0xff, 0xff,
    0xff, 0xff, 0xff, 0xff, 0xff, 0xd0, 0x3f, 0xff,
    0xff, 0xfe, 0x88, 0xef, 0xff, 0xff, 0xf3, 0x8,
    0xff, 0xff, 0xd0, 0x0, 0xd, 0xff, 0xff, 0x80,
    0x0, 0xaf, 0xff, 0x50, 0x0, 0x5, 0xff, 0xfa,
    0x0, 0x0, 0xbf, 0xff, 0x30, 0x0, 0x3, 0xff,
    0xfb, 0x0, 0x1, 0xcf, 0xff, 0x80, 0x0, 0x8,
    0xff, 0xfc, 0x10, 0x3e, 0xff, 0xff, 0xf6, 0x0,
    0x6f, 0xff, 0xff, 0xe3, 0x1f, 0xff, 0xff, 0xff,
    0xff, 0xff, 0xff, 0xff, 0xf1, 0x9, 0xff, 0xff,
    0xff, 0xff, 0xff, 0xff, 0xff, 0x90, 0x0, 0xdf,
    0x8e, 0xff, 0xff, 0xff, 0xe8, 0xfd, 0x0, 0x0,
    0x11, 0x1, 0x9f, 0xff, 0xf9, 0x10, 0x11, 0x0,
    0x0, 0x0, 0x0, 0x4f, 0xff, 0xf4, 0x0, 0x0,
    0x0, 0x0, 0x0, 0x0, 0x2c, 0xee, 0xd2, 0x0,
    0x0, 0x0, 0x0, 0x0, 0x0, 0x0, 0x0, 0x0,
    0x0, 0x0, 0x0,

    /* U+F015 "" */
    0x0, 0x0, 0x0, 0x0, 0x8, 0x92, 0x0, 0x6b,
    0xb1, 0x0, 0x0, 0x0, 0x0, 0x0, 0x2d, 0xff,
    0xe4, 0xa, 0xff, 0x20, 0x0, 0x0, 0x0, 0x0,
    0x4e, 0xff, 0xff, 0xf6, 0xaf, 0xf2, 0x0, 0x0,
    0x0, 0x0, 0x6f, 0xfe, 0x31, 0xcf, 0xff, 0xff,
    0x20, 0x0, 0x0, 0x0, 0x9f, 0xfd, 0x25, 0x70,
    0xaf, 0xff, 0xf2, 0x0, 0x0, 0x1, 0xbf, 0xfa,
    0x8, 0xff, 0xb0, 0x7f, 0xff, 0x40, 0x0, 0x2,
    0xdf, 0xf8, 0xa, 0xff, 0xff, 0xd2, 0x5f, 0xff,
    0x50, 0x4, 0xff, 0xf5, 0x1d, 0xff, 0xff, 0xff,
    0xe4, 0x2e, 0xff, 0x70, 0xdf, 0xe3, 0x3e, 0xff,
    0xff, 0xff, 0xff, 0xf6, 0x1c, 0xff, 0x13, 0xb1,
    0x5f, 0xff, 0xff, 0xff, 0xff, 0xff, 0xf8, 0x9,
    0x60, 0x0, 0xa, 0xff, 0xff, 0xff, 0xff, 0xff,
    0xff, 0xe0, 0x0, 0x0, 0x0, 0xaf, 0xff, 0xfd,
    0x88, 0xbf, 0xff, 0xfe, 0x0, 0x0, 0x0, 0xa,
    0xff, 0xff, 0x70, 0x3, 0xff, 0xff, 0xe0, 0x0,
    0x0, 0x0, 0xaf, 0xff, 0xf7, 0x0, 0x3f, 0xff,
    0xfe, 0x0, 0x0, 0x0, 0xa, 0xff, 0xff, 0x70,
    0x3, 0xff, 0xff, 0xe0, 0x0, 0x0, 0x0, 0x8f,
    0xff, 0xf5, 0x0, 0x2f, 0xff, 0xfc, 0x0, 0x0,
    0x0, 0x0, 0x0, 0x0, 0x0, 0x0, 0x0, 0x0,
    0x0, 0x0, 0x0,

    /* U+F019 "" */
    0x0, 0x0, 0x0, 0x9, 0xaa, 0x90, 0x0, 0x0,
    0x0, 0x0, 0x0, 0x0, 0x3f, 0xff, 0xf3, 0x0,
    0x0, 0x0, 0x0, 0x0, 0x0, 0x4f, 0xff, 0xf4,
    0x0, 0x0, 0x0, 0x0, 0x0, 0x0, 0x4f, 0xff,
    0xf4, 0x0, 0x0, 0x0, 0x0, 0x0, 0x0, 0x4f,
    0xff, 0xf4, 0x0, 0x0, 0x0, 0x0, 0x0, 0x0,
    0x4f, 0xff, 0xf4, 0x0, 0x0, 0x0, 0x0, 0x0,
    0x0, 0x4f, 0xff, 0xf4, 0x0, 0x0, 0x0, 0x0,
    0xc, 0xee, 0xef, 0xff, 0xfe, 0xee, 0xc0, 0x0,
    0x0, 0x8, 0xff, 0xff, 0xff, 0xff, 0xff, 0x90,
    0x0, 0x0, 0x0, 0x8f, 0xff, 0xff, 0xff, 0xf8,
    0x0, 0x0, 0x0, 0x0, 0x8, 0xff, 0xff, 0xff,
    0x80, 0x0, 0x0, 0x0, 0x0, 0x0, 0x8f, 0xff,
    0xf8, 0x0, 0x0, 0x0, 0x24, 0x44, 0x44, 0x7,
    0xff, 0x70, 0x44, 0x44, 0x42, 0xff, 0xff, 0xff,
    0xc1, 0x66, 0x1d, 0xff, 0xff, 0xff, 0xff, 0xff,
    0xff, 0xfe, 0x66, 0xef, 0xff, 0xff, 0xff, 0xff,
    0xff, 0xff, 0xff, 0xff, 0xff, 0xff, 0xff, 0xff,
    0xff, 0xff, 0xff, 0xff, 0xff, 0xff, 0x66, 0xc4,
    0xff, 0xdf, 0xff, 0xff, 0xff, 0xff, 0xff, 0xff,
    0xff, 0xfd, 0x0, 0x0, 0x0, 0x0, 0x0, 0x0,
    0x0, 0x0, 0x0,

    /* U+F01C "" */
    0x0, 0x0, 0x4, 0x44, 0x44, 0x44, 0x44, 0x41,
    0x0, 0x0, 0x0, 0x0, 0x1e, 0xff, 0xff, 0xff,
    0xff, 0xff, 0xf4, 0x0, 0x0, 0x0, 0xb, 0xff,
    0xff, 0xff, 0xff, 0xff, 0xff, 0xe1, 0x0, 0x0,
    0x6, 0xff, 0x50, 0x0, 0x0, 0x0, 0x1, 0xff,
    0xa0, 0x0, 0x1, 0xff, 0x90, 0x0, 0x0, 0x0,
    0x0, 0x5, 0xff, 0x50, 0x0, 0xbf, 0xd0, 0x0,
    0x0, 0x0, 0x0, 0x0, 0xa, 0xfe, 0x10, 0x6f,
    0xf3, 0x0, 0x0, 0x0, 0x0, 0x0, 0x0, 0x1e,
    0xfa, 0xe, 0xff, 0xcc, 0xcc, 0x20, 0x0, 0x0,
    0xbc, 0xcc, 0xef, 0xf2, 0xff, 0xff, 0xff, 0xfa,
    0x0, 0x0, 0x6f, 0xff, 0xff, 0xff, 0x4f, 0xff,
    0xff, 0xff, 0xf8, 0x88, 0x8e, 0xff, 0xff, 0xff,
    0xf4, 0xff, 0xff, 0xff, 0xff, 0xff, 0xff, 0xff,
    0xff, 0xff, 0xff, 0x4f, 0xff, 0xff, 0xff, 0xff,
    0xff, 0xff, 0xff, 0xff, 0xff, 0xf4, 0xff, 0xff,
    0xff, 0xff, 0xff, 0xff, 0xff, 0xff, 0xff, 0xff,
    0x37, 0xff, 0xff, 0xff, 0xff, 0xff, 0xff, 0xff,
    0xff, 0xff, 0xa0,

    /* U+F021 "" */
    0x0, 0x0, 0x0, 0x15, 0x66, 0x40, 0x0, 0x5,
    0xcb, 0x0, 0x0, 0x3b, 0xff, 0xff, 0xff, 0x92,
    0x7, 0xff, 0x0, 0x7, 0xff, 0xff, 0xff, 0xff,
    0xff, 0x66, 0xff, 0x0, 0x8f, 0xff, 0xa4, 0x12,
    0x5b, 0xff, 0xfd, 0xff, 0x4, 0xff, 0xe4, 0x0,
    0x0, 0x0, 0x4e, 0xff, 0xff, 0xd, 0xff, 0x30,
    0x0, 0x0, 0x45, 0x46, 0xff, 0xff, 0x4f, 0xf7,
    0x0, 0x0, 0x0, 0xdf, 0xff, 0xff, 0xff, 0x8f,
    0xf1, 0x0, 0x0, 0x0, 0xdf, 0xff, 0xff, 0xff,
    0x2, 0x10, 0x0, 0x0, 0x0, 0x12, 0x22, 0x22,
    0x21, 0x0, 0x0, 0x0, 0x0, 0x0, 0x0, 0x0,
    0x0, 0x0, 0x67, 0x77, 0x77, 0x75, 0x0, 0x0,
    0x0, 0x6, 0x73, 0xff, 0xff, 0xff, 0xfe, 0x0,
    0x0, 0x0, 0x3f, 0xf6, 0xff, 0xff, 0xee, 0xfd,
    0x0, 0x0, 0x0, 0xcf, 0xf1, 0xff, 0xff, 0x70,
    0x0, 0x0, 0x0, 0x9, 0xff, 0xa0, 0xff, 0xff,
    0xfb, 0x20, 0x0, 0x2, 0xbf, 0xfe, 0x10, 0xff,
    0x8d, 0xff, 0xfc, 0xa9, 0xcf, 0xff, 0xe2, 0x0,
    0xff, 0x61, 0x9f, 0xff, 0xff, 0xff, 0xfb, 0x10,
    0x0, 0xff, 0x70, 0x1, 0x7c, 0xee, 0xd9, 0x30,
    0x0, 0x0, 0x56, 0x20, 0x0, 0x0, 0x0, 0x0,
    0x0, 0x0, 0x0,

    /* U+F026 "" */
    0x0, 0x0, 0x0, 0x2, 0x40, 0x0, 0x0, 0x2,
    0xef, 0x0, 0x0, 0x2, 0xef, 0xf0, 0x0, 0x3,
    0xef, 0xff, 0xdf, 0xff, 0xff, 0xff, 0xff, 0xff,
    0xff, 0xff, 0xff, 0xff, 0xff, 0xff, 0xff, 0xff,
    0xff, 0xff, 0xff, 0xff, 0xff, 0xff, 0xff, 0xff,
    0xff, 0xff, 0xff, 0xff, 0xff, 0x7b, 0xbb, 0xdf,
    0xff, 0xf0, 0x0, 0x0, 0xbf, 0xff, 0x0, 0x0,
    0x0, 0xbf, 0xf0, 0x0, 0x0, 0x0, 0xbe, 0x0,
    0x0, 0x0, 0x0, 0x0,

    /* U+F027 "" */
    0x0, 0x0, 0x0, 0x2, 0x40, 0x0, 0x0, 0x0,
    0x0, 0x0, 0x2e, 0xf0, 0x0, 0x0, 0x0, 0x0,
    0x2, 0xef, 0xf0, 0x0, 0x0, 0x0, 0x0, 0x3e,
    0xff, 0xf0, 0x0, 0x0, 0xdf, 0xff, 0xff, 0xff,
    0xf0, 0x7, 0x10, 0xff, 0xff, 0xff, 0xff, 0xf0,
    0x3f, 0xd0, 0xff, 0xff, 0xff, 0xff, 0xf0, 0x8,
    0xf5, 0xff, 0xff, 0xff, 0xff, 0xf0, 0x4, 0xf7,
    0xff, 0xff, 0xff, 0xff, 0xf0, 0xd, 0xf3, 0xff,
    0xff, 0xff, 0xff, 0xf0, 0x3f, 0x70, 0x8b, 0xbb,
    0xdf, 0xff, 0xf0, 0x0, 0x0, 0x0, 0x0, 0xb,
    0xff, 0xf0, 0x0, 0x0, 0x0, 0x0, 0x0, 0xbf,
    0xf0, 0x0, 0x0, 0x0, 0x0, 0x0, 0xb, 0xe0,
    0x0, 0x0, 0x0, 0x0, 0x0, 0x0, 0x0, 0x0,
    0x0,

    /* U+F028 "" */
    0x0, 0x0, 0x0, 0x0, 0x0, 0x0, 0x0, 0x1,
    0x0, 0x0, 0x0, 0x0, 0x0, 0x0, 0x0, 0x0,
    0x0, 0x7, 0xf6, 0x0, 0x0, 0x0, 0x0, 0x0,
    0x2, 0x40, 0x0, 0x0, 0x2d, 0xf8, 0x0, 0x0,
    0x0, 0x0, 0x2, 0xef, 0x0, 0x0, 0x40, 0x1c,
    0xf4, 0x0, 0x0, 0x0, 0x2, 0xef, 0xf0, 0x0,
    0x5f, 0xb0, 0x1e, 0xe1, 0x0, 0x0, 0x3, 0xef,
    0xff, 0x0, 0x0, 0xaf, 0xa0, 0x6f, 0x70, 0xdf,
    0xff, 0xff, 0xff, 0xf0, 0x7, 0x10, 0xbf, 0x30,
    0xfd, 0xf, 0xff, 0xff, 0xff, 0xff, 0x3, 0xfd,
    0x3, 0xf9, 0xa, 0xf0, 0xff, 0xff, 0xff, 0xff,
    0xf0, 0x7, 0xf5, 0xe, 0xc0, 0x8f, 0x2f, 0xff,
    0xff, 0xff, 0xff, 0x0, 0x4f, 0x70, 0xdd, 0x7,
    0xf3, 0xff, 0xff, 0xff, 0xff, 0xf0, 0x1d, 0xf3,
    0xf, 0xb0, 0x9f, 0x2f, 0xff, 0xff, 0xff, 0xff,
    0x3, 0xf7, 0x7, 0xf6, 0xc, 0xf0, 0x7b, 0xbb,
    0xdf, 0xff, 0xf0, 0x0, 0x3, 0xfe, 0x12, 0xfa,
    0x0, 0x0, 0x0, 0xbf, 0xff, 0x0, 0x3, 0xff,
    0x40, 0xaf, 0x30, 0x0, 0x0, 0x0, 0xbf, 0xf0,
    0x0, 0x3c, 0x30, 0x6f, 0xa0, 0x0, 0x0, 0x0,
    0x0, 0xbe, 0x0, 0x0, 0x0, 0x6f, 0xe1, 0x0,
    0x0, 0x0, 0x0, 0x0, 0x0, 0x0, 0x0, 0x6f,
    0xd2, 0x0, 0x0, 0x0, 0x0, 0x0, 0x0, 0x0,
    0x0, 0x3, 0x90, 0x0, 0x0,

    /* U+F03E "" */
    0x3a, 0xbb, 0xbb, 0xbb, 0xbb, 0xbb, 0xbb, 0xbb,
    0xa3, 0xef, 0xff, 0xff, 0xff, 0xff, 0xff, 0xff,
    0xff, 0xfe, 0xff, 0xd5, 0x6e, 0xff, 0xff, 0xff,
    0xff, 0xff, 0xff, 0xff, 0x20, 0x4, 0xff, 0xff,
    0xff, 0xff, 0xff, 0xff, 0xff, 0x0, 0x2, 0xff,
    0xff, 0xff, 0xbf, 0xff, 0xff, 0xff, 0x50, 0x7,
    0xff, 0xff, 0xf5, 0x9, 0xff, 0xff, 0xff, 0xfb,
    0xbf, 0xff, 0xff, 0x50, 0x0, 0x9f, 0xff, 0xff,
    0xff, 0xcb, 0xff, 0xf5, 0x0, 0x0, 0x9, 0xff,
    0xff, 0xfc, 0x0, 0xaf, 0x50, 0x0, 0x0, 0x4,
    0xff, 0xff, 0xc0, 0x0, 0x3, 0x0, 0x0, 0x0,
    0x4, 0xff, 0xff, 0x40, 0x0, 0x0, 0x0, 0x0,
    0x0, 0x4, 0xff, 0xff, 0x74, 0x44, 0x44, 0x44,
    0x44, 0x44, 0x47, 0xff, 0xff, 0xff, 0xff, 0xff,
    0xff, 0xff, 0xff, 0xff, 0xff, 0x6f, 0xff, 0xff,
    0xff, 0xff, 0xff, 0xff, 0xff, 0xf6,

    /* U+F043 "" */
    0x0, 0x0, 0x6, 0x90, 0x0, 0x0, 0x0, 0x0,
    0x1, 0xff, 0x40, 0x0, 0x0, 0x0, 0x0, 0x6f,
    0xfa, 0x0, 0x0, 0x0, 0x0, 0xd, 0xff, 0xf2,
    0x0, 0x0, 0x0, 0x5, 0xff, 0xff, 0x90, 0x0,
    0x0, 0x0, 0xef, 0xff, 0xff, 0x30, 0x0, 0x0,
    0x9f, 0xff, 0xff, 0xfd, 0x0, 0x0, 0x5f, 0xff,
    0xff, 0xff, 0xf9, 0x0, 0xe, 0xff, 0xff, 0xff,
    0xff, 0xf3, 0x7, 0xff, 0xff, 0xff, 0xff, 0xff,
    0xa0, 0xcf, 0xff, 0xff, 0xff, 0xff, 0xff, 0xf,
    0xfb, 0xff, 0xff, 0xff, 0xff, 0xf2, 0xff, 0x4a,
    0xff, 0xff, 0xff, 0xff, 0x2c, 0xf8, 0x4f, 0xff,
    0xff, 0xff, 0xf0, 0x7f, 0xf2, 0x5c, 0xff, 0xff,
    0xfb, 0x0, 0xef, 0xe5, 0x8, 0xff, 0xff, 0x30,
    0x2, 0xef, 0xff, 0xff, 0xff, 0x50, 0x0, 0x1,
    0xaf, 0xff, 0xfb, 0x30, 0x0, 0x0, 0x0, 0x3,
    0x31, 0x0, 0x0, 0x0,

    /* U+F048 "" */
    0x6b, 0x90, 0x0, 0x0, 0x3, 0xa2, 0x9f, 0xe0,
    0x0, 0x0, 0x4f, 0xf9, 0x9f, 0xe0, 0x0, 0x5,
    0xff, 0xfa, 0x9f, 0xe0, 0x0, 0x6f, 0xff, 0xfa,
    0x9f, 0xe0, 0x7, 0xff, 0xff, 0xfa, 0x9f, 0xe0,
    0x8f, 0xff, 0xff, 0xfa, 0x9f, 0xe9, 0xff, 0xff,
    0xff, 0xfa, 0x9f, 0xff, 0xff, 0xff, 0xff, 0xfa,
    0x9f, 0xff, 0xff, 0xff, 0xff, 0xfa, 0x9f, 0xfe,
    0xff, 0xff, 0xff, 0xfa, 0x9f, 0xe1, 0xdf, 0xff,
    0xff, 0xfa, 0x9f, 0xe0, 0x1c, 0xff, 0xff, 0xfa,
    0x9f, 0xe0, 0x0, 0xbf, 0xff, 0xfa, 0x9f, 0xe0,
    0x0, 0xa, 0xff, 0xfa, 0x9f, 0xe0, 0x0, 0x0,
    0x9f, 0xfa, 0x9f, 0xe0, 0x0, 0x0, 0x8, 0xf6,
    0x0, 0x0, 0x0, 0x0, 0x0, 0x0,

    /* U+F04B "" */
    0x3a, 0x70, 0x0, 0x0, 0x0, 0x0, 0x0, 0x0,
    0xef, 0xfe, 0x50, 0x0, 0x0, 0x0, 0x0, 0x0,
    0xff, 0xff, 0xfb, 0x20, 0x0, 0x0, 0x0, 0x0,
    0xff, 0xff, 0xff, 0xf8, 0x0, 0x0, 0x0, 0x0,
    0xff, 0xff, 0xff, 0xff, 0xe6, 0x0, 0x0, 0x0,
    0xff, 0xff, 0xff, 0xff, 0xff, 0xc3, 0x0, 0x0,
    0xff, 0xff, 0xff, 0xff, 0xff, 0xff, 0x91, 0x0,
    0xff, 0xff, 0xff, 0xff, 0xff, 0xff, 0xfe, 0x60,
    0xff, 0xff, 0xff, 0xff, 0xff, 0xff, 0xff, 0xf7,
    0xff, 0xff, 0xff, 0xff, 0xff, 0xff, 0xff, 0xfa,
    0xff, 0xff, 0xff, 0xff, 0xff, 0xff, 0xff, 0xe2,
    0xff, 0xff, 0xff, 0xff, 0xff, 0xff, 0xf8, 0x0,
    0xff, 0xff, 0xff, 0xff, 0xff, 0xfb, 0x20, 0x0,
    0xff, 0xff, 0xff, 0xff, 0xfd, 0x40, 0x0, 0x0,
    0xff, 0xff, 0xff, 0xff, 0x70, 0x0, 0x0, 0x0,
    0xff, 0xff, 0xff, 0xa1, 0x0, 0x0, 0x0, 0x0,
    0xff, 0xff, 0xd3, 0x0, 0x0, 0x0, 0x0, 0x0,
    0xaf, 0xe6, 0x0, 0x0, 0x0, 0x0, 0x0, 0x0,
    0x2, 0x0, 0x0, 0x0, 0x0, 0x0, 0x0, 0x0,

    /* U+F04C "" */
    0x3a, 0xbb, 0xb9, 0x10, 0x3, 0xab, 0xbb, 0x91,
    0xef, 0xff, 0xff, 0xa0, 0xe, 0xff, 0xff, 0xfa,
    0xff, 0xff, 0xff, 0xc0, 0xf, 0xff, 0xff, 0xfc,
    0xff, 0xff, 0xff, 0xc0, 0xf, 0xff, 0xff, 0xfc,
    0xff, 0xff, 0xff, 0xc0, 0xf, 0xff, 0xff, 0xfc,
    0xff, 0xff, 0xff, 0xc0, 0xf, 0xff, 0xff, 0xfc,
    0xff, 0xff, 0xff, 0xc0, 0xf, 0xff, 0xff, 0xfc,
    0xff, 0xff, 0xff, 0xc0, 0xf, 0xff, 0xff, 0xfc,
    0xff, 0xff, 0xff, 0xc0, 0xf, 0xff, 0xff, 0xfc,
    0xff, 0xff, 0xff, 0xc0, 0xf, 0xff, 0xff, 0xfc,
    0xff, 0xff, 0xff, 0xc0, 0xf, 0xff, 0xff, 0xfc,
    0xff, 0xff, 0xff, 0xc0, 0xf, 0xff, 0xff, 0xfc,
    0xff, 0xff, 0xff, 0xc0, 0xf, 0xff, 0xff, 0xfc,
    0xff, 0xff, 0xff, 0xc0, 0xf, 0xff, 0xff, 0xfc,
    0xff, 0xff, 0xff, 0xb0, 0xf, 0xff, 0xff, 0xfb,
    0x7f, 0xff, 0xfe, 0x40, 0x7, 0xff, 0xff, 0xe4,
    0x0, 0x0, 0x0, 0x0, 0x0, 0x0, 0x0, 0x0,

    /* U+F04D "" */
    0x3a, 0xbb, 0xbb, 0xbb, 0xbb, 0xbb, 0xbb, 0x91,
    0xef, 0xff, 0xff, 0xff, 0xff, 0xff, 0xff, 0xfa,
    0xff, 0xff, 0xff, 0xff, 0xff, 0xff, 0xff, 0xfc,
    0xff, 0xff, 0xff, 0xff, 0xff, 0xff, 0xff, 0xfc,
    0xff, 0xff, 0xff, 0xff, 0xff, 0xff, 0xff, 0xfc,
    0xff, 0xff, 0xff, 0xff, 0xff, 0xff, 0xff, 0xfc,
    0xff, 0xff, 0xff, 0xff, 0xff, 0xff, 0xff, 0xfc,
    0xff, 0xff, 0xff, 0xff, 0xff, 0xff, 0xff, 0xfc,
    0xff, 0xff, 0xff, 0xff, 0xff, 0xff, 0xff, 0xfc,
    0xff, 0xff, 0xff, 0xff, 0xff, 0xff, 0xff, 0xfc,
    0xff, 0xff, 0xff, 0xff, 0xff, 0xff, 0xff, 0xfc,
    0xff, 0xff, 0xff, 0xff, 0xff, 0xff, 0xff, 0xfc,
    0xff, 0xff, 0xff, 0xff, 0xff, 0xff, 0xff, 0xfc,
    0xff, 0xff, 0xff, 0xff, 0xff, 0xff, 0xff, 0xfc,
    0xff, 0xff, 0xff, 0xff, 0xff, 0xff, 0xff, 0xfb,
    0x7f, 0xff, 0xff, 0xff, 0xff, 0xff, 0xff, 0xe4,
    0x0, 0x0, 0x0, 0x0, 0x0, 0x0, 0x0, 0x0,

    /* U+F051 "" */
    0x4a, 0x20, 0x0, 0x0, 0xa, 0xb4, 0xbf, 0xe3,
    0x0, 0x0, 0xf, 0xf8, 0xcf, 0xff, 0x40, 0x0,
    0xf, 0xf8, 0xcf, 0xff, 0xf5, 0x0, 0xf, 0xf8,
    0xcf, 0xff, 0xff, 0x60, 0xf, 0xf8, 0xcf, 0xff,
    0xff, 0xf7, 0xf, 0xf8, 0xcf, 0xff, 0xff, 0xff,
    0x9f, 0xf8, 0xcf, 0xff, 0xff, 0xff, 0xff, 0xf8,
    0xcf, 0xff, 0xff, 0xff, 0xff, 0xf8, 0xcf, 0xff,
    0xff, 0xff, 0xdf, 0xf8, 0xcf, 0xff, 0xff, 0xfc,
    0x1f, 0xf8, 0xcf, 0xff, 0xff, 0xb0, 0xf, 0xf8,
    0xcf, 0xff, 0xfa, 0x0, 0xf, 0xf8, 0xcf, 0xff,
    0x80, 0x0, 0xf, 0xf8, 0xbf, 0xf7, 0x0, 0x0,
    0xf, 0xf8, 0x7f, 0x60, 0x0, 0x0, 0xf, 0xf7,
    0x0, 0x0, 0x0, 0x0, 0x0, 0x0,

    /* U+F052 "" */
    0x0, 0x0, 0x0, 0x2, 0xca, 0x10, 0x0, 0x0,
    0x0, 0x0, 0x0, 0x0, 0x2e, 0xff, 0xc0, 0x0,
    0x0, 0x0, 0x0, 0x0, 0x1, 0xef, 0xff, 0xfb,
    0x0, 0x0, 0x0, 0x0, 0x0, 0x1d, 0xff, 0xff,
    0xff, 0xa0, 0x0, 0x0, 0x0, 0x0, 0xcf, 0xff,
    0xff, 0xff, 0xf9, 0x0, 0x0, 0x0, 0xb, 0xff,
    0xff, 0xff, 0xff, 0xff, 0x70, 0x0, 0x0, 0xaf,
    0xff, 0xff, 0xff, 0xff, 0xff, 0xf6, 0x0, 0x8,
    0xff, 0xff, 0xff, 0xff, 0xff, 0xff, 0xff, 0x40,
    0xf, 0xff, 0xff, 0xff, 0xff, 0xff, 0xff, 0xff,
    0xb0, 0xa, 0xff, 0xff, 0xff, 0xff, 0xff, 0xff,
    0xff, 0x60, 0x0, 0x34, 0x44, 0x44, 0x44, 0x44,
    0x44, 0x42, 0x0, 0x3, 0x77, 0x77, 0x77, 0x77,
    0x77, 0x77, 0x77, 0x10, 0xf, 0xff, 0xff, 0xff,
    0xff, 0xff, 0xff, 0xff, 0xb0, 0xf, 0xff, 0xff,
    0xff, 0xff, 0xff, 0xff, 0xff, 0xc0, 0xf, 0xff,
    0xff, 0xff, 0xff, 0xff, 0xff, 0xff, 0xb0, 0xc,
    0xff, 0xff, 0xff, 0xff, 0xff, 0xff, 0xff, 0x70,
    0x0, 0x0, 0x0, 0x0, 0x0, 0x0, 0x0, 0x0,
    0x0,

    /* U+F053 "" */
    0x0, 0x0, 0x0, 0x0, 0x41, 0x0, 0x0, 0x0,
    0x0, 0x9f, 0xd0, 0x0, 0x0, 0x0, 0x9f, 0xff,
    0x20, 0x0, 0x0, 0x9f, 0xff, 0x50, 0x0, 0x0,
    0x9f, 0xff, 0x50, 0x0, 0x0, 0x9f, 0xff, 0x50,
    0x0, 0x0, 0x9f, 0xff, 0x50, 0x0, 0x0, 0x9f,
    0xff, 0x50, 0x0, 0x0, 0xe, 0xff, 0xd1, 0x0,
    0x0, 0x0, 0x3e, 0xff, 0xc1, 0x0, 0x0, 0x0,
    0x3e, 0xff, 0xc1, 0x0, 0x0, 0x0, 0x3e, 0xff,
    0xc1, 0x0, 0x0, 0x0, 0x3e, 0xff, 0xc1, 0x0,
    0x0, 0x0, 0x3e, 0xff, 0xc0, 0x0, 0x0, 0x0,
    0x3e, 0xff, 0x20, 0x0, 0x0, 0x0, 0x3c, 0x60,

    /* U+F054 "" */
    0x0, 0x50, 0x0, 0x0, 0x0, 0x0, 0x9f, 0xc1,
    0x0, 0x0, 0x0, 0xe, 0xff, 0xc1, 0x0, 0x0,
    0x0, 0x2e, 0xff, 0xc1, 0x0, 0x0, 0x0, 0x2e,
    0xff, 0xc1, 0x0, 0x0, 0x0, 0x2e, 0xff, 0xc1,
    0x0, 0x0, 0x0, 0x2e, 0xff, 0xc1, 0x0, 0x0,
    0x0, 0x2e, 0xff, 0xc0, 0x0, 0x0, 0x0, 0xaf,
    0xff, 0x20, 0x0, 0x0, 0x9f, 0xff, 0x50, 0x0,
    0x0, 0x9f, 0xff, 0x50, 0x0, 0x0, 0x9f, 0xff,
    0x50, 0x0, 0x0, 0x9f, 0xff, 0x60, 0x0, 0x0,
    0x9f, 0xff, 0x60, 0x0, 0x0, 0xe, 0xff, 0x60,
    0x0, 0x0, 0x0, 0x3d, 0x50, 0x0, 0x0, 0x0,

    /* U+F067 "" */
    0x0, 0x0, 0x0, 0x39, 0x91, 0x0, 0x0, 0x0,
    0x0, 0x0, 0x0, 0xcf, 0xf8, 0x0, 0x0, 0x0,
    0x0, 0x0, 0x0, 0xdf, 0xf9, 0x0, 0x0, 0x0,
    0x0, 0x0, 0x0, 0xdf, 0xf9, 0x0, 0x0, 0x0,
    0x0, 0x0, 0x0, 0xdf, 0xf9, 0x0, 0x0, 0x0,
    0x0, 0x0, 0x0, 0xdf, 0xf9, 0x0, 0x0, 0x0,
    0x36, 0x77, 0x77, 0xef, 0xfc, 0x77, 0x77, 0x61,
    0xef, 0xff, 0xff, 0xff, 0xff, 0xff, 0xff, 0xfa,
    0xff, 0xff, 0xff, 0xff, 0xff, 0xff, 0xff, 0xfb,
    0xae, 0xff, 0xff, 0xff, 0xff, 0xff, 0xff, 0xe6,
    0x0, 0x0, 0x0, 0xdf, 0xf9, 0x0, 0x0, 0x0,
    0x0, 0x0, 0x0, 0xdf, 0xf9, 0x0, 0x0, 0x0,
    0x0, 0x0, 0x0, 0xdf, 0xf9, 0x0, 0x0, 0x0,
    0x0, 0x0, 0x0, 0xdf, 0xf9, 0x0, 0x0, 0x0,
    0x0, 0x0, 0x0, 0xdf, 0xf9, 0x0, 0x0, 0x0,
    0x0, 0x0, 0x0, 0x9f, 0xf5, 0x0, 0x0, 0x0,
    0x0, 0x0, 0x0, 0x1, 0x10, 0x0, 0x0, 0x0,

    /* U+F068 "" */
    0x36, 0x66, 0x66, 0x66, 0x66, 0x66, 0x66, 0x61,
    0xef, 0xff, 0xff, 0xff, 0xff, 0xff, 0xff, 0xfa,
    0xff, 0xff, 0xff, 0xff, 0xff, 0xff, 0xff, 0xfb,
    0xaf, 0xff, 0xff, 0xff, 0xff, 0xff, 0xff, 0xf6,

    /* U+F06E "" */
    0x0, 0x0, 0x0, 0x3, 0x68, 0x87, 0x40, 0x0,
    0x0, 0x0, 0x0, 0x0, 0x0, 0x8e, 0xff, 0xff,
    0xff, 0xf9, 0x20, 0x0, 0x0, 0x0, 0x4, 0xef,
    0xfd, 0x63, 0x25, 0xbf, 0xff, 0x70, 0x0, 0x0,
    0x7, 0xff, 0xfa, 0x0, 0x0, 0x0, 0x7f, 0xff,
    0xa0, 0x0, 0x6, 0xff, 0xfd, 0x0, 0x8, 0xfc,
    0x20, 0x9f, 0xff, 0xa0, 0x2, 0xff, 0xff, 0x50,
    0x0, 0x8f, 0xfe, 0x12, 0xff, 0xff, 0x60, 0xcf,
    0xff, 0xf2, 0x16, 0x7f, 0xff, 0xf5, 0xe, 0xff,
    0xfe, 0x1e, 0xff, 0xff, 0x12, 0xff, 0xff, 0xff,
    0x70, 0xdf, 0xff, 0xf2, 0x6f, 0xff, 0xf3, 0xe,
    0xff, 0xff, 0xf3, 0xf, 0xff, 0xfb, 0x0, 0xbf,
    0xff, 0x90, 0x4f, 0xff, 0xf8, 0x5, 0xff, 0xfe,
    0x10, 0x1, 0xdf, 0xff, 0x40, 0x28, 0x84, 0x1,
    0xef, 0xff, 0x30, 0x0, 0x1, 0xbf, 0xff, 0x60,
    0x0, 0x4, 0xef, 0xfd, 0x30, 0x0, 0x0, 0x0,
    0x6e, 0xff, 0xfb, 0xbe, 0xff, 0xf9, 0x0, 0x0,
    0x0, 0x0, 0x0, 0x5, 0xad, 0xff, 0xeb, 0x71,
    0x0, 0x0, 0x0,

    /* U+F070 "" */
    0x4a, 0x10, 0x0, 0x0, 0x0, 0x0, 0x0, 0x0,
    0x0, 0x0, 0x0, 0xe, 0xfe, 0x30, 0x0, 0x0,
    0x0, 0x0, 0x0, 0x0, 0x0, 0x0, 0x0, 0x5f,
    0xff, 0x60, 0x0, 0x15, 0x78, 0x74, 0x0, 0x0,
    0x0, 0x0, 0x0, 0x2d, 0xff, 0xa6, 0xdf, 0xff,
    0xff, 0xff, 0xa2, 0x0, 0x0, 0x0, 0x0, 0xa,
    0xff, 0xff, 0xe8, 0x32, 0x5b, 0xff, 0xf8, 0x0,
    0x0, 0x0, 0x0, 0x6, 0xff, 0xf6, 0x0, 0x10,
    0x6, 0xff, 0xfb, 0x0, 0x0, 0x0, 0x0, 0x3,
    0xef, 0xf8, 0x7f, 0xd3, 0x9, 0xff, 0xfb, 0x0,
    0x0, 0x1e, 0x70, 0x1, 0xbf, 0xfe, 0xff, 0xf2,
    0x1f, 0xff, 0xf7, 0x0, 0x9, 0xff, 0xa0, 0x0,
    0x8f, 0xff, 0xff, 0x70, 0xdf, 0xff, 0xf1, 0x0,
    0xcf, 0xff, 0xd1, 0x0, 0x5f, 0xff, 0xf9, 0xc,
    0xff, 0xff, 0x30, 0x5, 0xff, 0xff, 0x60, 0x0,
    0x2d, 0xff, 0xb0, 0xef, 0xff, 0xb0, 0x0, 0xa,
    0xff, 0xfc, 0x0, 0x0, 0xa, 0xff, 0xef, 0xff,
    0xe1, 0x0, 0x0, 0xc, 0xff, 0xf6, 0x0, 0x0,
    0x6, 0xff, 0xff, 0xf3, 0x0, 0x0, 0x0, 0xa,
    0xff, 0xf8, 0x10, 0x0, 0x3, 0xef, 0xfa, 0x0,
    0x0, 0x0, 0x0, 0x5, 0xef, 0xff, 0xcb, 0x80,
    0x1, 0xbf, 0xfb, 0x10, 0x0, 0x0, 0x0, 0x0,
    0x5a, 0xdf, 0xfe, 0x70, 0x0, 0x8f, 0xfe, 0x30,
    0x0, 0x0, 0x0, 0x0, 0x0, 0x0, 0x0, 0x0,
    0x0, 0x5f, 0xff, 0x30, 0x0, 0x0, 0x0, 0x0,
    0x0, 0x0, 0x0, 0x0, 0x0, 0x2d, 0xe1, 0x0,
    0x0, 0x0, 0x0, 0x0, 0x0, 0x0, 0x0, 0x0,
    0x0, 0x1, 0x0,

    /* U+F071 "" */
    0x0, 0x0, 0x0, 0x0, 0x1, 0xcd, 0x40, 0x0,
    0x0, 0x0, 0x0, 0x0, 0x0, 0x0, 0x0, 0xa,
    0xff, 0xe0, 0x0, 0x0, 0x0, 0x0, 0x0, 0x0,
    0x0, 0x0, 0x4f, 0xff, 0xf8, 0x0, 0x0, 0x0,
    0x0, 0x0, 0x0, 0x0, 0x0, 0xdf, 0xff, 0xff,
    0x10, 0x0, 0x0, 0x0, 0x0, 0x0, 0x0, 0x6,
    0xff, 0xff, 0xff, 0xa0, 0x0, 0x0, 0x0, 0x0,
    0x0, 0x0, 0xe, 0xff, 0xff, 0xff, 0xf3, 0x0,
    0x0, 0x0, 0x0, 0x0, 0x0, 0x8f, 0xfb, 0x33,
    0x8f, 0xfc, 0x0, 0x0, 0x0, 0x0, 0x0, 0x2,
    0xff, 0xf9, 0x0, 0x6f, 0xff, 0x60, 0x0, 0x0,
    0x0, 0x0, 0xa, 0xff, 0xfa, 0x0, 0x6f, 0xff,
    0xe0, 0x0, 0x0, 0x0, 0x0, 0x4f, 0xff, 0xfb,
    0x0, 0x7f, 0xff, 0xf8, 0x0, 0x0, 0x0, 0x0,
    0xdf, 0xff, 0xfc, 0x0, 0x8f, 0xff, 0xff, 0x10,
    0x0, 0x0, 0x6, 0xff, 0xff, 0xfd, 0x0, 0x9f,
    0xff, 0xff, 0xa0, 0x0, 0x0, 0xe, 0xff, 0xff,
    0xff, 0xcb, 0xff, 0xff, 0xff, 0xf3, 0x0, 0x0,
    0x8f, 0xff, 0xff, 0xfc, 0x0, 0x8f, 0xff, 0xff,
    0xfc, 0x0, 0x2, 0xff, 0xff, 0xff, 0xf9, 0x0,
    0x4f, 0xff, 0xff, 0xff, 0x60, 0xa, 0xff, 0xff,
    0xff, 0xfe, 0x42, 0xcf, 0xff, 0xff, 0xff, 0xe0,
    0xf, 0xff, 0xff, 0xff, 0xff, 0xff, 0xff, 0xff,
    0xff, 0xff, 0xf3, 0x9, 0xff, 0xff, 0xff, 0xff,
    0xff, 0xff, 0xff, 0xff, 0xff, 0xd0, 0x0, 0x23,
    0x33, 0x33, 0x33, 0x33, 0x33, 0x33, 0x33, 0x33,
    0x0,

    /* U+F074 "" */
    0x0, 0x0, 0x0, 0x0, 0x0, 0x0, 0x1, 0x40,
    0x0, 0x0, 0x0, 0x0, 0x0, 0x0, 0x0, 0x7,
    0xf9, 0x0, 0x12, 0x22, 0x10, 0x0, 0x0, 0x1,
    0x29, 0xff, 0x90, 0xff, 0xff, 0xe2, 0x0, 0x0,
    0x6f, 0xff, 0xff, 0xf8, 0xff, 0xff, 0xfe, 0x20,
    0x5, 0xff, 0xff, 0xff, 0xfd, 0x9a, 0xad, 0xff,
    0xd0, 0x5f, 0xff, 0xbd, 0xff, 0xe2, 0x0, 0x0,
    0xcf, 0x44, 0xff, 0xf9, 0x8, 0xfe, 0x20, 0x0,
    0x0, 0x4, 0x4f, 0xff, 0x90, 0x4, 0xd2, 0x0,
    0x0, 0x0, 0x3, 0xff, 0xfa, 0x0, 0x0, 0x10,
    0x0, 0x0, 0x0, 0x3f, 0xff, 0xa1, 0x91, 0x6,
    0xf6, 0x0, 0x0, 0x2, 0xef, 0xfb, 0xc, 0xfc,
    0x8, 0xff, 0x60, 0xef, 0xff, 0xff, 0xb0, 0x1d,
    0xff, 0xff, 0xff, 0xf6, 0xff, 0xff, 0xfc, 0x0,
    0x2, 0xef, 0xff, 0xff, 0xfe, 0xdd, 0xdd, 0xb0,
    0x0, 0x0, 0x2d, 0xde, 0xff, 0xf5, 0x0, 0x0,
    0x0, 0x0, 0x0, 0x0, 0x8, 0xff, 0x50, 0x0,
    0x0, 0x0, 0x0, 0x0, 0x0, 0x6, 0xf5, 0x0,
    0x0, 0x0, 0x0, 0x0, 0x0, 0x0, 0x0, 0x0,
    0x0,

    /* U+F077 "" */
    0x0, 0x0, 0x0, 0x4, 0x20, 0x0, 0x0, 0x0,
    0x0, 0x0, 0x0, 0x5f, 0xe2, 0x0, 0x0, 0x0,
    0x0, 0x0, 0x5, 0xff, 0xfe, 0x20, 0x0, 0x0,
    0x0, 0x0, 0x5f, 0xff, 0xff, 0xe3, 0x0, 0x0,
    0x0, 0x6, 0xff, 0xfa, 0xcf, 0xfe, 0x30, 0x0,
    0x0, 0x6f, 0xff, 0x90, 0xc, 0xff, 0xe3, 0x0,
    0x6, 0xff, 0xf9, 0x0, 0x0, 0xcf, 0xfe, 0x30,
    0x5f, 0xff, 0x90, 0x0, 0x0, 0xc, 0xff, 0xe2,
    0xaf, 0xf9, 0x0, 0x0, 0x0, 0x0, 0xcf, 0xf6,
    0x1b, 0x80, 0x0, 0x0, 0x0, 0x0, 0xb, 0x90,

    /* U+F078 "" */
    0x3, 0x20, 0x0, 0x0, 0x0, 0x0, 0x3, 0x20,
    0x6f, 0xe2, 0x0, 0x0, 0x0, 0x0, 0x5f, 0xf2,
    0xaf, 0xfe, 0x30, 0x0, 0x0, 0x5, 0xff, 0xf6,
    0x1c, 0xff, 0xe3, 0x0, 0x0, 0x5f, 0xff, 0x90,
    0x1, 0xcf, 0xfe, 0x30, 0x5, 0xff, 0xf9, 0x0,
    0x0, 0x1c, 0xff, 0xe3, 0x5f, 0xff, 0x90, 0x0,
    0x0, 0x1, 0xcf, 0xff, 0xff, 0xf9, 0x0, 0x0,
    0x0, 0x0, 0x1c, 0xff, 0xff, 0x90, 0x0, 0x0,
    0x0, 0x0, 0x1, 0xcf, 0xf9, 0x0, 0x0, 0x0,
    0x0, 0x0, 0x0, 0x1b, 0x90, 0x0, 0x0, 0x0,

    /* U+F079 "" */
    0x0, 0x0, 0x26, 0x0, 0x0, 0x0, 0x0, 0x0,
    0x0, 0x0, 0x0, 0x0, 0x0, 0x2, 0xef, 0xa0,
    0x0, 0x44, 0x44, 0x44, 0x44, 0x42, 0x0, 0x0,
    0x0, 0x2e, 0xff, 0xfa, 0x4, 0xff, 0xff, 0xff,
    0xff, 0xfd, 0x0, 0x0, 0x3, 0xef, 0xff, 0xff,
    0xa0, 0xaf, 0xff, 0xff, 0xff, 0xfe, 0x0, 0x0,
    0xe, 0xfd, 0xef, 0xcf, 0xf8, 0x0, 0x0, 0x0,
    0x5, 0xfe, 0x0, 0x0, 0xb, 0xe2, 0xdf, 0x67,
    0xf5, 0x0, 0x0, 0x0, 0x5, 0xfe, 0x0, 0x0,
    0x0, 0x0, 0xdf, 0x60, 0x0, 0x0, 0x0, 0x0,
    0x5, 0xfe, 0x0, 0x0, 0x0, 0x0, 0xdf, 0x60,
    0x0, 0x0, 0x0, 0x0, 0x5, 0xfe, 0x0, 0x0,
    0x0, 0x0, 0xdf, 0x60, 0x0, 0x0, 0x0, 0x4,
    0x15, 0xfe, 0x3, 0x20, 0x0, 0x0, 0xdf, 0x60,
    0x0, 0x0, 0x0, 0x6f, 0xd6, 0xfe, 0x4f, 0xf1,
    0x0, 0x0, 0xdf, 0x94, 0x44, 0x44, 0x41, 0x3f,
    0xff, 0xff, 0xff, 0xc0, 0x0, 0x0, 0xdf, 0xff,
    0xff, 0xff, 0xff, 0x24, 0xff, 0xff, 0xfc, 0x10,
    0x0, 0x0, 0x9f, 0xff, 0xff, 0xff, 0xfe, 0x30,
    0x4f, 0xff, 0xc0, 0x0, 0x0, 0x0, 0x0, 0x0,
    0x0, 0x0, 0x0, 0x0, 0x4, 0xfc, 0x0, 0x0,
    0x0, 0x0, 0x0, 0x0, 0x0, 0x0, 0x0, 0x0,
    0x0, 0x10, 0x0, 0x0,

    /* U+F07B "" */
    0x17, 0x88, 0x88, 0x84, 0x0, 0x0, 0x0, 0x0,
    0x0, 0xcf, 0xff, 0xff, 0xff, 0x50, 0x0, 0x0,
    0x0, 0x0, 0xff, 0xff, 0xff, 0xff, 0xf6, 0x44,
    0x44, 0x44, 0x30, 0xff, 0xff, 0xff, 0xff, 0xff,
    0xff, 0xff, 0xff, 0xfa, 0xff, 0xff, 0xff, 0xff,
    0xff, 0xff, 0xff, 0xff, 0xff, 0xff, 0xff, 0xff,
    0xff, 0xff, 0xff, 0xff, 0xff, 0xff, 0xff, 0xff,
    0xff, 0xff, 0xff, 0xff, 0xff, 0xff, 0xff, 0xff,
    0xff, 0xff, 0xff, 0xff, 0xff, 0xff, 0xff, 0xff,
    0xff, 0xff, 0xff, 0xff, 0xff, 0xff, 0xff, 0xff,
    0xff, 0xff, 0xff, 0xff, 0xff, 0xff, 0xff, 0xff,
    0xff, 0xff, 0xff, 0xff, 0xff, 0xff, 0xff, 0xff,
    0xff, 0xff, 0xff, 0xff, 0xff, 0xff, 0xff, 0xff,
    0xff, 0xff, 0xff, 0xff, 0xff, 0xff, 0xff, 0xff,
    0xff, 0xff, 0xff, 0xff, 0xff, 0x7f, 0xff, 0xff,
    0xff, 0xff, 0xff, 0xff, 0xff, 0xf6,

    /* U+F093 "" */
    0x0, 0x0, 0x0, 0x0, 0x47, 0x0, 0x0, 0x0,
    0x0, 0x0, 0x0, 0x0, 0x4, 0xff, 0x90, 0x0,
    0x0, 0x0, 0x0, 0x0, 0x0, 0x4f, 0xff, 0xf9,
    0x0, 0x0, 0x0, 0x0, 0x0, 0x4, 0xff, 0xff,
    0xff, 0x90, 0x0, 0x0, 0x0, 0x0, 0x4f, 0xff,
    0xff, 0xff, 0xf9, 0x0, 0x0, 0x0, 0x4, 0xff,
    0xff, 0xff, 0xff, 0xff, 0x90, 0x0, 0x0, 0xc,
    0xff, 0xff, 0xff, 0xff, 0xff, 0xf1, 0x0, 0x0,
    0x0, 0x11, 0x2f, 0xff, 0xf7, 0x11, 0x10, 0x0,
    0x0, 0x0, 0x0, 0x1f, 0xff, 0xf6, 0x0, 0x0,
    0x0, 0x0, 0x0, 0x0, 0x1f, 0xff, 0xf6, 0x0,
    0x0, 0x0, 0x0, 0x0, 0x0, 0x1f, 0xff, 0xf6,
    0x0, 0x0, 0x0, 0x0, 0x0, 0x0, 0x1f, 0xff,
    0xf6, 0x0, 0x0, 0x0, 0x24, 0x44, 0x42, 0x1f,
    0xff, 0xf6, 0x24, 0x44, 0x42, 0xff, 0xff, 0xfc,
    0x8, 0xbb, 0xa2, 0xcf, 0xff, 0xff, 0xff, 0xff,
    0xff, 0xa5, 0x55, 0x5a, 0xff, 0xff, 0xff, 0xff,
    0xff, 0xff, 0xff, 0xff, 0xff, 0xff, 0xff, 0xff,
    0xff, 0xff, 0xff, 0xff, 0xff, 0xff, 0x66, 0xc4,
    0xff, 0xdf, 0xff, 0xff, 0xff, 0xff, 0xff, 0xff,
    0xff, 0xfd, 0x0, 0x0, 0x0, 0x0, 0x0, 0x0,
    0x0, 0x0, 0x0,

    /* U+F095 "" */
    0x0, 0x0, 0x0, 0x0, 0x0, 0x0, 0x2, 0xb8,
    0x41, 0x0, 0x0, 0x0, 0x0, 0x0, 0x0, 0x0,
    0x9f, 0xff, 0xfb, 0x0, 0x0, 0x0, 0x0, 0x0,
    0x0, 0x1f, 0xff, 0xff, 0xf0, 0x0, 0x0, 0x0,
    0x0, 0x0, 0x7, 0xff, 0xff, 0xfe, 0x0, 0x0,
    0x0, 0x0, 0x0, 0x0, 0xdf, 0xff, 0xff, 0xc0,
    0x0, 0x0, 0x0, 0x0, 0x0, 0xc, 0xff, 0xff,
    0xf9, 0x0, 0x0, 0x0, 0x0, 0x0, 0x0, 0xa,
    0xff, 0xff, 0x50, 0x0, 0x0, 0x0, 0x0, 0x0,
    0x0, 0xc, 0xff, 0xf1, 0x0, 0x0, 0x0, 0x0,
    0x0, 0x0, 0x3, 0xff, 0xfa, 0x0, 0x0, 0x0,
    0x0, 0x0, 0x0, 0x0, 0xdf, 0xff, 0x20, 0x0,
    0x0, 0x0, 0x0, 0x0, 0x0, 0xaf, 0xff, 0x90,
    0x0, 0x0, 0x4, 0xa5, 0x0, 0x0, 0xaf, 0xff,
    0xd0, 0x0, 0x0, 0x7d, 0xff, 0xf4, 0x2, 0xcf,
    0xff, 0xe2, 0x0, 0x0, 0xdf, 0xff, 0xff, 0xe9,
    0xff, 0xff, 0xf3, 0x0, 0x0, 0xd, 0xff, 0xff,
    0xff, 0xff, 0xff, 0xe2, 0x0, 0x0, 0x0, 0x9f,
    0xff, 0xff, 0xff, 0xff, 0xa1, 0x0, 0x0, 0x0,
    0x6, 0xff, 0xff, 0xff, 0xfc, 0x40, 0x0, 0x0,
    0x0, 0x0, 0x2f, 0xff, 0xfd, 0x83, 0x0, 0x0,
    0x0, 0x0, 0x0, 0x0, 0x23, 0x20, 0x0, 0x0,
    0x0, 0x0, 0x0, 0x0, 0x0,

    /* U+F0C4 "" */
    0x0, 0x35, 0x20, 0x0, 0x0, 0x0, 0x0, 0x0,
    0x1c, 0xff, 0xfa, 0x0, 0x0, 0x1, 0x9c, 0xa1,
    0xaf, 0xfe, 0xff, 0x60, 0x0, 0x2e, 0xff, 0xf9,
    0xef, 0x60, 0xaf, 0xb0, 0x3, 0xef, 0xff, 0xb0,
    0xef, 0x92, 0xcf, 0x90, 0x3e, 0xff, 0xfa, 0x0,
    0x7f, 0xff, 0xff, 0xe6, 0xff, 0xff, 0xa0, 0x0,
    0x8, 0xff, 0xff, 0xff, 0xff, 0xfa, 0x0, 0x0,
    0x0, 0x1, 0xcf, 0xff, 0xff, 0xa0, 0x0, 0x0,
    0x0, 0x0, 0x3f, 0xff, 0xff, 0x10, 0x0, 0x0,
    0x0, 0x36, 0xef, 0xff, 0xff, 0xd1, 0x0, 0x0,
    0x1c, 0xff, 0xff, 0xff, 0xff, 0xfd, 0x10, 0x0,
    0xaf, 0xfe, 0xff, 0xc2, 0xdf, 0xff, 0xd1, 0x0,
    0xef, 0x60, 0xaf, 0xa0, 0x1c, 0xff, 0xfe, 0x20,
    0xef, 0x92, 0xcf, 0xa0, 0x0, 0xcf, 0xff, 0xe2,
    0x7f, 0xff, 0xff, 0x40, 0x0, 0xb, 0xff, 0xf9,
    0x8, 0xff, 0xe5, 0x0, 0x0, 0x0, 0x58, 0x50,
    0x0, 0x1, 0x0, 0x0, 0x0, 0x0, 0x0, 0x0,

    /* U+F0C5 "" */
    0x0, 0x0, 0x6f, 0xff, 0xff, 0xf1, 0x68, 0x0,
    0x0, 0x0, 0xaf, 0xff, 0xff, 0xf1, 0x7f, 0x80,
    0x0, 0x0, 0xaf, 0xff, 0xff, 0xf1, 0x7f, 0xf8,
    0x36, 0x62, 0xaf, 0xff, 0xff, 0xf1, 0x36, 0x66,
    0xff, 0xf6, 0xaf, 0xff, 0xff, 0xf6, 0x22, 0x22,
    0xff, 0xf6, 0xaf, 0xff, 0xff, 0xff, 0xff, 0xfe,
    0xff, 0xf6, 0xaf, 0xff, 0xff, 0xff, 0xff, 0xfe,
    0xff, 0xf6, 0xaf, 0xff, 0xff, 0xff, 0xff, 0xfe,
    0xff, 0xf6, 0xaf, 0xff, 0xff, 0xff, 0xff, 0xfe,
    0xff, 0xf6, 0xaf, 0xff, 0xff, 0xff, 0xff, 0xfe,
    0xff, 0xf6, 0xaf, 0xff, 0xff, 0xff, 0xff, 0xfe,
    0xff, 0xf6, 0xaf, 0xff, 0xff, 0xff, 0xff, 0xfe,
    0xff, 0xf6, 0xaf, 0xff, 0xff, 0xff, 0xff, 0xfe,
    0xff, 0xf6, 0xaf, 0xff, 0xff, 0xff, 0xff, 0xfe,
    0xff, 0xf7, 0x6f, 0xff, 0xff, 0xff, 0xff, 0xfa,
    0xff, 0xfe, 0x30, 0x0, 0x0, 0x0, 0x0, 0x0,
    0xff, 0xff, 0xff, 0xff, 0xff, 0xf1, 0x0, 0x0,
    0xef, 0xff, 0xff, 0xff, 0xff, 0xf0, 0x0, 0x0,
    0x14, 0x44, 0x44, 0x44, 0x44, 0x20, 0x0, 0x0,

    /* U+F0C7 "" */
    0x5, 0x66, 0x66, 0x66, 0x66, 0x64, 0x0, 0x0,
    0xcf, 0xff, 0xff, 0xff, 0xff, 0xff, 0x90, 0x0,
    0xff, 0xed, 0xdd, 0xdd, 0xdd, 0xef, 0xf9, 0x0,
    0xff, 0x40, 0x0, 0x0, 0x0, 0xf, 0xff, 0x90,
    0xff, 0x40, 0x0, 0x0, 0x0, 0xe, 0xff, 0xf6,
    0xff, 0x40, 0x0, 0x0, 0x0, 0xe, 0xff, 0xf9,
    0xff, 0x40, 0x0, 0x0, 0x0, 0xf, 0xff, 0xf9,
    0xff, 0xff, 0xff, 0xff, 0xff, 0xff, 0xff, 0xf9,
    0xff, 0xff, 0xff, 0xff, 0xff, 0xff, 0xff, 0xf9,
    0xff, 0xff, 0xff, 0xc5, 0x7f, 0xff, 0xff, 0xf9,
    0xff, 0xff, 0xfe, 0x0, 0x5, 0xff, 0xff, 0xf9,
    0xff, 0xff, 0xfa, 0x0, 0x1, 0xff, 0xff, 0xf9,
    0xff, 0xff, 0xfd, 0x0, 0x4, 0xff, 0xff, 0xf9,
    0xff, 0xff, 0xff, 0x93, 0x4d, 0xff, 0xff, 0xf9,
    0xff, 0xff, 0xff, 0xff, 0xff, 0xff, 0xff, 0xf8,
    0x8f, 0xff, 0xff, 0xff, 0xff, 0xff, 0xff, 0xe3,
    0x1, 0x22, 0x22, 0x22, 0x22, 0x22, 0x21, 0x0,

    /* U+F0C9 "" */
    0x79, 0x99, 0x99, 0x99, 0x99, 0x99, 0x99, 0x95,
    0xff, 0xff, 0xff, 0xff, 0xff, 0xff, 0xff, 0xfc,
    0xdf, 0xff, 0xff, 0xff, 0xff, 0xff, 0xff, 0xfa,
    0x0, 0x0, 0x0, 0x0, 0x0, 0x0, 0x0, 0x0,
    0x0, 0x0, 0x0, 0x0, 0x0, 0x0, 0x0, 0x0,
    0x0, 0x0, 0x0, 0x0, 0x0, 0x0, 0x0, 0x0,
    0xef, 0xff, 0xff, 0xff, 0xff, 0xff, 0xff, 0xfa,
    0xff, 0xff, 0xff, 0xff, 0xff, 0xff, 0xff, 0xfb,
    0x68, 0x88, 0x88, 0x88, 0x88, 0x88, 0x88, 0x84,
    0x0, 0x0, 0x0, 0x0, 0x0, 0x0, 0x0, 0x0,
    0x0, 0x0, 0x0, 0x0, 0x0, 0x0, 0x0, 0x0,
    0x67, 0x77, 0x77, 0x77, 0x77, 0x77, 0x77, 0x74,
    0xff, 0xff, 0xff, 0xff, 0xff, 0xff, 0xff, 0xfb,
    0xef, 0xff, 0xff, 0xff, 0xff, 0xff, 0xff, 0xfa,
    0x0, 0x0, 0x0, 0x0, 0x0, 0x0, 0x0, 0x0,

    /* U+F0E0 "" */
    0x3, 0x44, 0x44, 0x44, 0x44, 0x44, 0x44, 0x44,
    0x30, 0xaf, 0xff, 0xff, 0xff, 0xff, 0xff, 0xff,
    0xff, 0xfa, 0xff, 0xff, 0xff, 0xff, 0xff, 0xff,
    0xff, 0xff, 0xff, 0xcf, 0xff, 0xff, 0xff, 0xff,
    0xff, 0xff, 0xff, 0xfc, 0xa, 0xff, 0xff, 0xff,
    0xff, 0xff, 0xff, 0xff, 0xa0, 0xa1, 0x6f, 0xff,
    0xff, 0xff, 0xff, 0xff, 0xf6, 0x3d, 0xfe, 0x42,
    0xdf, 0xff, 0xff, 0xff, 0xfd, 0x26, 0xff, 0xff,
    0xf9, 0x19, 0xff, 0xff, 0xff, 0x91, 0xbf, 0xff,
    0xff, 0xff, 0xd3, 0x5f, 0xff, 0xe5, 0x4e, 0xff,
    0xff, 0xff, 0xff, 0xff, 0x71, 0x99, 0x17, 0xff,
    0xff, 0xff, 0xff, 0xff, 0xff, 0xfd, 0x77, 0xdf,
    0xff, 0xff, 0xff, 0xff, 0xff, 0xff, 0xff, 0xff,
    0xff, 0xff, 0xff, 0xff, 0xff, 0xff, 0xff, 0xff,
    0xff, 0xff, 0xff, 0xff, 0xff, 0x7f, 0xff, 0xff,
    0xff, 0xff, 0xff, 0xff, 0xff, 0xf6,

    /* U+F0E7 "" */
    0x0, 0xaf, 0xff, 0xff, 0xa0, 0x0, 0x0, 0xf,
    0xff, 0xff, 0xfb, 0x0, 0x0, 0x1, 0xff, 0xff,
    0xff, 0x60, 0x0, 0x0, 0x3f, 0xff, 0xff, 0xf1,
    0x0, 0x0, 0x5, 0xff, 0xff, 0xfb, 0x0, 0x0,
    0x0, 0x8f, 0xff, 0xff, 0xa5, 0x55, 0x40, 0xa,
    0xff, 0xff, 0xff, 0xff, 0xff, 0x30, 0xcf, 0xff,
    0xff, 0xff, 0xff, 0xc0, 0xe, 0xff, 0xff, 0xff,
    0xff, 0xf3, 0x0, 0xef, 0xff, 0xff, 0xff, 0xfa,
    0x0, 0x1, 0x22, 0x23, 0xff, 0xff, 0x10, 0x0,
    0x0, 0x0, 0x4f, 0xff, 0x70, 0x0, 0x0, 0x0,
    0x8, 0xff, 0xe0, 0x0, 0x0, 0x0, 0x0, 0xcf,
    0xf5, 0x0, 0x0, 0x0, 0x0, 0xf, 0xfc, 0x0,
    0x0, 0x0, 0x0, 0x3, 0xff, 0x30, 0x0, 0x0,
    0x0, 0x0, 0x7f, 0x90, 0x0, 0x0, 0x0, 0x0,
    0x7, 0xe1, 0x0, 0x0, 0x0, 0x0, 0x0, 0x0,
    0x0, 0x0, 0x0, 0x0,

    /* U+F0EA "" */
    0x0, 0x0, 0x8d, 0x90, 0x0, 0x0, 0x0, 0x0,
    0x8b, 0xbc, 0xfa, 0xfd, 0xbb, 0x90, 0x0, 0x0,
    0xff, 0xff, 0xd0, 0xcf, 0xff, 0xf1, 0x0, 0x0,
    0xff, 0xff, 0xf8, 0xff, 0xff, 0xf1, 0x0, 0x0,
    0xff, 0xff, 0xff, 0xff, 0xff, 0xf1, 0x0, 0x0,
    0xff, 0xff, 0xf3, 0x0, 0x0, 0x0, 0x0, 0x0,
    0xff, 0xff, 0x95, 0xff, 0xff, 0xf1, 0x79, 0x0,
    0xff, 0xff, 0x88, 0xff, 0xff, 0xf1, 0x7f, 0xb0,
    0xff, 0xff, 0x88, 0xff, 0xff, 0xf1, 0x7f, 0xfa,
    0xff, 0xff, 0x88, 0xff, 0xff, 0xf2, 0x2, 0x21,
    0xff, 0xff, 0x88, 0xff, 0xff, 0xff, 0xdd, 0xdc,
    0xff, 0xff, 0x88, 0xff, 0xff, 0xff, 0xff, 0xfe,
    0xff, 0xff, 0x88, 0xff, 0xff, 0xff, 0xff, 0xfe,
    0xff, 0xff, 0x88, 0xff, 0xff, 0xff, 0xff, 0xfe,
    0x7a, 0xaa, 0x58, 0xff, 0xff, 0xff, 0xff, 0xfe,
    0x0, 0x0, 0x8, 0xff, 0xff, 0xff, 0xff, 0xfe,
    0x0, 0x0, 0x8, 0xff, 0xff, 0xff, 0xff, 0xfe,
    0x0, 0x0, 0x6, 0xff, 0xff, 0xff, 0xff, 0xfc,
    0x0, 0x0, 0x0, 0x0, 0x0, 0x0, 0x0, 0x0,

    /* U+F0F3 "" */
    0x0, 0x0, 0x0, 0x8, 0x60, 0x0, 0x0, 0x0,
    0x0, 0x0, 0x0, 0x3f, 0xf0, 0x0, 0x0, 0x0,
    0x0, 0x0, 0x6, 0xcf, 0xfa, 0x40, 0x0, 0x0,
    0x0, 0x1, 0xcf, 0xff, 0xff, 0xf9, 0x0, 0x0,
    0x0, 0xc, 0xff, 0xff, 0xff, 0xff, 0x80, 0x0,
    0x0, 0x5f, 0xff, 0xff, 0xff, 0xff, 0xf1, 0x0,
    0x0, 0x9f, 0xff, 0xff, 0xff, 0xff, 0xf5, 0x0,
    0x0, 0xbf, 0xff, 0xff, 0xff, 0xff, 0xf7, 0x0,
    0x0, 0xcf, 0xff, 0xff, 0xff, 0xff, 0xf8, 0x0,
    0x0, 0xef, 0xff, 0xff, 0xff, 0xff, 0xfa, 0x0,
    0x2, 0xff, 0xff, 0xff, 0xff, 0xff, 0xfe, 0x0,
    0x8, 0xff, 0xff, 0xff, 0xff, 0xff, 0xff, 0x40,
    0x3f, 0xff, 0xff, 0xff, 0xff, 0xff, 0xff, 0xd1,
    0xef, 0xff, 0xff, 0xff, 0xff, 0xff, 0xff, 0xfa,
    0xaf, 0xff, 0xff, 0xff, 0xff, 0xff, 0xff, 0xf7,
    0x0, 0x0, 0x0, 0x0, 0x0, 0x0, 0x0, 0x0,
    0x0, 0x0, 0x4, 0xff, 0xff, 0x0, 0x0, 0x0,
    0x0, 0x0, 0x0, 0xbf, 0xf7, 0x0, 0x0, 0x0,
    0x0, 0x0, 0x0, 0x2, 0x10, 0x0, 0x0, 0x0,

    /* U+F11C "" */
    0x4, 0x44, 0x44, 0x44, 0x44, 0x44, 0x44, 0x44,
    0x44, 0x41, 0xb, 0xff, 0xff, 0xff, 0xff, 0xff,
    0xff, 0xff, 0xff, 0xff, 0xe0, 0xff, 0xff, 0xff,
    0xff, 0xff, 0xff, 0xff, 0xff, 0xff, 0xff, 0x3f,
    0xf4, 0x4, 0xd0, 0x2f, 0x0, 0xf3, 0x3, 0xf0,
    0xf, 0xf4, 0xff, 0x40, 0x5d, 0x2, 0xf0, 0xf,
    0x40, 0x4f, 0x0, 0xff, 0x4f, 0xff, 0xff, 0xff,
    0xff, 0xff, 0xff, 0xff, 0xff, 0xff, 0xf4, 0xff,
    0xff, 0x22, 0xb7, 0x29, 0xa2, 0x4f, 0x42, 0xcf,
    0xff, 0x4f, 0xff, 0xf0, 0xa, 0x60, 0x79, 0x2,
    0xf2, 0xb, 0xff, 0xf4, 0xff, 0xff, 0xdd, 0xfe,
    0xdf, 0xfd, 0xef, 0xed, 0xff, 0xff, 0x4f, 0xf8,
    0x48, 0xe4, 0x44, 0x44, 0x44, 0x47, 0xf4, 0x5f,
    0xf4, 0xff, 0x40, 0x4d, 0x0, 0x0, 0x0, 0x0,
    0x3e, 0x0, 0xff, 0x4f, 0xf7, 0x48, 0xe4, 0x44,
    0x44, 0x44, 0x47, 0xf4, 0x4f, 0xf4, 0xff, 0xff,
    0xff, 0xff, 0xff, 0xff, 0xff, 0xff, 0xff, 0xff,
    0x37, 0xff, 0xff, 0xff, 0xff, 0xff, 0xff, 0xff,
    0xff, 0xff, 0xa0,

    /* U+F124 "" */
    0x0, 0x0, 0x0, 0x0, 0x0, 0x0, 0x0, 0x0,
    0x0, 0x0, 0x0, 0x0, 0x0, 0x0, 0x0, 0x0,
    0x0, 0x1, 0x8b, 0x30, 0x0, 0x0, 0x0, 0x0,
    0x0, 0x0, 0x2, 0xaf, 0xff, 0xd0, 0x0, 0x0,
    0x0, 0x0, 0x0, 0x3, 0xbf, 0xff, 0xff, 0xd0,
    0x0, 0x0, 0x0, 0x0, 0x5, 0xcf, 0xff, 0xff,
    0xff, 0x70, 0x0, 0x0, 0x0, 0x6, 0xdf, 0xff,
    0xff, 0xff, 0xfe, 0x0, 0x0, 0x0, 0x17, 0xef,
    0xff, 0xff, 0xff, 0xff, 0xf8, 0x0, 0x0, 0x29,
    0xff, 0xff, 0xff, 0xff, 0xff, 0xff, 0xf1, 0x0,
    0x7, 0xff, 0xff, 0xff, 0xff, 0xff, 0xff, 0xff,
    0x90, 0x0, 0xf, 0xff, 0xff, 0xff, 0xff, 0xff,
    0xff, 0xff, 0x20, 0x0, 0xb, 0xff, 0xff, 0xff,
    0xff, 0xff, 0xff, 0xfb, 0x0, 0x0, 0x0, 0x56,
    0x66, 0x66, 0x7f, 0xff, 0xff, 0xf3, 0x0, 0x0,
    0x0, 0x0, 0x0, 0x0, 0x2f, 0xff, 0xff, 0xc0,
    0x0, 0x0, 0x0, 0x0, 0x0, 0x0, 0x2f, 0xff,
    0xff, 0x50, 0x0, 0x0, 0x0, 0x0, 0x0, 0x0,
    0x2f, 0xff, 0xfd, 0x0, 0x0, 0x0, 0x0, 0x0,
    0x0, 0x0, 0x2f, 0xff, 0xf6, 0x0, 0x0, 0x0,
    0x0, 0x0, 0x0, 0x0, 0x2f, 0xff, 0xe0, 0x0,
    0x0, 0x0, 0x0, 0x0, 0x0, 0x0, 0x1f, 0xff,
    0x70, 0x0, 0x0, 0x0, 0x0, 0x0, 0x0, 0x0,
    0xc, 0xfd, 0x0, 0x0, 0x0, 0x0, 0x0, 0x0,
    0x0, 0x0, 0x0, 0x30, 0x0, 0x0, 0x0, 0x0,

    /* U+F15B "" */
    0x58, 0x88, 0x88, 0x87, 0x6, 0x0, 0x0, 0xff,
    0xff, 0xff, 0xfe, 0xf, 0x90, 0x0, 0xff, 0xff,
    0xff, 0xfe, 0xf, 0xf9, 0x0, 0xff, 0xff, 0xff,
    0xfe, 0xf, 0xff, 0x90, 0xff, 0xff, 0xff, 0xfe,
    0xf, 0xff, 0xf5, 0xff, 0xff, 0xff, 0xff, 0x32,
    0x22, 0x21, 0xff, 0xff, 0xff, 0xff, 0xff, 0xff,
    0xf8, 0xff, 0xff, 0xff, 0xff, 0xff, 0xff, 0xf8,
    0xff, 0xff, 0xff, 0xff, 0xff, 0xff, 0xf8, 0xff,
    0xff, 0xff, 0xff, 0xff, 0xff, 0xf8, 0xff, 0xff,
    0xff, 0xff, 0xff, 0xff, 0xf8, 0xff, 0xff, 0xff,
    0xff, 0xff, 0xff, 0xf8, 0xff, 0xff, 0xff, 0xff,
    0xff, 0xff, 0xf8, 0xff, 0xff, 0xff, 0xff, 0xff,
    0xff, 0xf8, 0xff, 0xff, 0xff, 0xff, 0xff, 0xff,
    0xf8, 0xff, 0xff, 0xff, 0xff, 0xff, 0xff, 0xf8,
    0xff, 0xff, 0xff, 0xff, 0xff, 0xff, 0xf8, 0xef,
    0xff, 0xff, 0xff, 0xff, 0xff, 0xf6, 0x14, 0x44,
    0x44, 0x44, 0x44, 0x44, 0x30,

    /* U+F1EB "" */
    0x0, 0x0, 0x0, 0x0, 0x0, 0x0, 0x0, 0x0,
    0x0, 0x0, 0x0, 0x0, 0x0, 0x0, 0x0, 0x36,
    0x89, 0xa9, 0x74, 0x10, 0x0, 0x0, 0x0, 0x0,
    0x0, 0x29, 0xef, 0xff, 0xff, 0xff, 0xff, 0xc6,
    0x0, 0x0, 0x0, 0x1, 0xaf, 0xff, 0xff, 0xff,
    0xff, 0xff, 0xff, 0xfe, 0x60, 0x0, 0x6, 0xff,
    0xff, 0xfc, 0x75, 0x43, 0x46, 0x9e, 0xff, 0xff,
    0xb1, 0x8, 0xff, 0xfe, 0x71, 0x0, 0x0, 0x0,
    0x0, 0x3, 0xcf, 0xff, 0xe2, 0xcf, 0xfa, 0x10,
    0x0, 0x0, 0x0, 0x0, 0x0, 0x0, 0x4e, 0xff,
    0x40, 0xb6, 0x0, 0x0, 0x59, 0xde, 0xfe, 0xc7,
    0x20, 0x0, 0x1b, 0x50, 0x0, 0x0, 0x5, 0xdf,
    0xff, 0xff, 0xff, 0xff, 0xa1, 0x0, 0x0, 0x0,
    0x0, 0x9, 0xff, 0xff, 0xfe, 0xde, 0xff, 0xff,
    0xe3, 0x0, 0x0, 0x0, 0x0, 0xdf, 0xfc, 0x40,
    0x0, 0x2, 0x8f, 0xff, 0x50, 0x0, 0x0, 0x0,
    0x1, 0xb6, 0x0, 0x0, 0x0, 0x0, 0x1b, 0x60,
    0x0, 0x0, 0x0, 0x0, 0x0, 0x0, 0x0, 0x35,
    0x0, 0x0, 0x0, 0x0, 0x0, 0x0, 0x0, 0x0,
    0x0, 0x0, 0x7f, 0xfe, 0x10, 0x0, 0x0, 0x0,
    0x0, 0x0, 0x0, 0x0, 0x0, 0xe, 0xff, 0xf6,
    0x0, 0x0, 0x0, 0x0, 0x0, 0x0, 0x0, 0x0,
    0x0, 0xdf, 0xff, 0x50, 0x0, 0x0, 0x0, 0x0,
    0x0, 0x0, 0x0, 0x0, 0x4, 0xff, 0xb0, 0x0,
    0x0, 0x0, 0x0, 0x0, 0x0, 0x0, 0x0, 0x0,
    0x0, 0x10, 0x0, 0x0, 0x0, 0x0, 0x0,

    /* U+F240 "" */
    0x4, 0x44, 0x44, 0x44, 0x44, 0x44, 0x44, 0x44,
    0x44, 0x44, 0x10, 0xa, 0xff, 0xff, 0xff, 0xff,
    0xff, 0xff, 0xff, 0xff, 0xff, 0xfe, 0x10, 0xff,
    0xff, 0xff, 0xff, 0xff, 0xff, 0xff, 0xff, 0xff,
    0xff, 0xf5, 0xf, 0xf4, 0x0, 0x0, 0x0, 0x0,
    0x0, 0x0, 0x0, 0x0, 0xff, 0xf3, 0xff, 0x4a,
    0xff, 0xff, 0xff, 0xff, 0xff, 0xff, 0xff, 0xf,
    0xff, 0x5f, 0xf4, 0xaf, 0xff, 0xff, 0xff, 0xff,
    0xff, 0xff, 0xf0, 0x3f, 0xf5, 0xff, 0x4a, 0xff,
    0xff, 0xff, 0xff, 0xff, 0xff, 0xff, 0x0, 0xef,
    0x5f, 0xf4, 0xaf, 0xff, 0xff, 0xff, 0xff, 0xff,
    0xff, 0xf0, 0x8f, 0xf5, 0xff, 0x45, 0x88, 0x88,
    0x88, 0x88, 0x88, 0x88, 0x88, 0xf, 0xff, 0x5f,
    0xf7, 0x44, 0x44, 0x44, 0x44, 0x44, 0x44, 0x44,
    0x45, 0xff, 0xc1, 0xff, 0xff, 0xff, 0xff, 0xff,
    0xff, 0xff, 0xff, 0xff, 0xff, 0xf5, 0x6, 0xef,
    0xff, 0xff, 0xff, 0xff, 0xff, 0xff, 0xff, 0xff,
    0xfb, 0x0,

    /* U+F241 "" */
    0x4, 0x44, 0x44, 0x44, 0x44, 0x44, 0x44, 0x44,
    0x44, 0x44, 0x10, 0xa, 0xff, 0xff, 0xff, 0xff,
    0xff, 0xff, 0xff, 0xff, 0xff, 0xfe, 0x10, 0xff,
    0xff, 0xff, 0xff, 0xff, 0xff, 0xff, 0xff, 0xff,
    0xff, 0xf5, 0xf, 0xf4, 0x0, 0x0, 0x0, 0x0,
    0x0, 0x0, 0x0, 0x0, 0xff, 0xf3, 0xff, 0x4d,
    0xff, 0xff, 0xff, 0xff, 0xff, 0x60, 0x0, 0xf,
    0xff, 0x5f, 0xf4, 0xdf, 0xff, 0xff, 0xff, 0xff,
    0xf6, 0x0, 0x0, 0x3f, 0xf5, 0xff, 0x4d, 0xff,
    0xff, 0xff, 0xff, 0xff, 0x60, 0x0, 0x0, 0xef,
    0x5f, 0xf4, 0xdf, 0xff, 0xff, 0xff, 0xff, 0xf6,
    0x0, 0x0, 0x8f, 0xf5, 0xff, 0x46, 0x88, 0x88,
    0x88, 0x88, 0x88, 0x30, 0x0, 0xf, 0xff, 0x5f,
    0xf7, 0x44, 0x44, 0x44, 0x44, 0x44, 0x44, 0x44,
    0x45, 0xff, 0xc1, 0xff, 0xff, 0xff, 0xff, 0xff,
    0xff, 0xff, 0xff, 0xff, 0xff, 0xf5, 0x6, 0xef,
    0xff, 0xff, 0xff, 0xff, 0xff, 0xff, 0xff, 0xff,
    0xfb, 0x0,

    /* U+F242 "" */
    0x4, 0x44, 0x44, 0x44, 0x44, 0x44, 0x44, 0x44,
    0x44, 0x44, 0x10, 0xa, 0xff, 0xff, 0xff, 0xff,
    0xff, 0xff, 0xff, 0xff, 0xff, 0xfe, 0x10, 0xff,
    0xff, 0xff, 0xff, 0xff, 0xff, 0xff, 0xff, 0xff,
    0xff, 0xf5, 0xf, 0xf4, 0x0, 0x0, 0x0, 0x0,
    0x0, 0x0, 0x0, 0x0, 0xff, 0xf3, 0xff, 0x4c,
    0xff, 0xff, 0xff, 0xf1, 0x0, 0x0, 0x0, 0xf,
    0xff, 0x5f, 0xf4, 0xcf, 0xff, 0xff, 0xff, 0x10,
    0x0, 0x0, 0x0, 0x3f, 0xf5, 0xff, 0x4c, 0xff,
    0xff, 0xff, 0xf1, 0x0, 0x0, 0x0, 0x0, 0xef,
    0x5f, 0xf4, 0xcf, 0xff, 0xff, 0xff, 0x10, 0x0,
    0x0, 0x0, 0x8f, 0xf5, 0xff, 0x46, 0x88, 0x88,
    0x88, 0x80, 0x0, 0x0, 0x0, 0xf, 0xff, 0x5f,
    0xf7, 0x44, 0x44, 0x44, 0x44, 0x44, 0x44, 0x44,
    0x45, 0xff, 0xc1, 0xff, 0xff, 0xff, 0xff, 0xff,
    0xff, 0xff, 0xff, 0xff, 0xff, 0xf5, 0x6, 0xef,
    0xff, 0xff, 0xff, 0xff, 0xff, 0xff, 0xff, 0xff,
    0xfb, 0x0,

    /* U+F243 "" */
    0x4, 0x44, 0x44, 0x44, 0x44, 0x44, 0x44, 0x44,
    0x44, 0x44, 0x10, 0xa, 0xff, 0xff, 0xff, 0xff,
    0xff, 0xff, 0xff, 0xff, 0xff, 0xfe, 0x10, 0xff,
    0xff, 0xff, 0xff, 0xff, 0xff, 0xff, 0xff, 0xff,
    0xff, 0xf5, 0xf, 0xf4, 0x0, 0x0, 0x0, 0x0,
    0x0, 0x0, 0x0, 0x0, 0xff, 0xf3, 0xff, 0x49,
    0xff, 0xfe, 0x0, 0x0, 0x0, 0x0, 0x0, 0xf,
    0xff, 0x5f, 0xf4, 0x9f, 0xff, 0xe0, 0x0, 0x0,
    0x0, 0x0, 0x0, 0x3f, 0xf5, 0xff, 0x49, 0xff,
    0xfe, 0x0, 0x0, 0x0, 0x0, 0x0, 0x0, 0xef,
    0x5f, 0xf4, 0x9f, 0xff, 0xe0, 0x0, 0x0, 0x0,
    0x0, 0x0, 0x8f, 0xf5, 0xff, 0x44, 0x88, 0x87,
    0x0, 0x0, 0x0, 0x0, 0x0, 0xf, 0xff, 0x5f,
    0xf7, 0x44, 0x44, 0x44, 0x44, 0x44, 0x44, 0x44,
    0x45, 0xff, 0xc1, 0xff, 0xff, 0xff, 0xff, 0xff,
    0xff, 0xff, 0xff, 0xff, 0xff, 0xf5, 0x6, 0xef,
    0xff, 0xff, 0xff, 0xff, 0xff, 0xff, 0xff, 0xff,
    0xfb, 0x0,

    /* U+F244 "" */
    0x4, 0x44, 0x44, 0x44, 0x44, 0x44, 0x44, 0x44,
    0x44, 0x44, 0x10, 0xa, 0xff, 0xff, 0xff, 0xff,
    0xff, 0xff, 0xff, 0xff, 0xff, 0xfe, 0x10, 0xff,
    0xff, 0xff, 0xff, 0xff, 0xff, 0xff, 0xff, 0xff,
    0xff, 0xf5, 0xf, 0xf4, 0x0, 0x0, 0x0, 0x0,
    0x0, 0x0, 0x0, 0x0, 0xff, 0xf3, 0xff, 0x40,
    0x0, 0x0, 0x0, 0x0, 0x0, 0x0, 0x0, 0xf,
    0xff, 0x5f, 0xf4, 0x0, 0x0, 0x0, 0x0, 0x0,
    0x0, 0x0, 0x0, 0x3f, 0xf5, 0xff, 0x40, 0x0,
    0x0, 0x0, 0x0, 0x0, 0x0, 0x0, 0x0, 0xef,
    0x5f, 0xf4, 0x0, 0x0, 0x0, 0x0, 0x0, 0x0,
    0x0, 0x0, 0x8f, 0xf5, 0xff, 0x40, 0x0, 0x0,
    0x0, 0x0, 0x0, 0x0, 0x0, 0xf, 0xff, 0x5f,
    0xf7, 0x44, 0x44, 0x44, 0x44, 0x44, 0x44, 0x44,
    0x45, 0xff, 0xc1, 0xff, 0xff, 0xff, 0xff, 0xff,
    0xff, 0xff, 0xff, 0xff, 0xff, 0xf5, 0x6, 0xef,
    0xff, 0xff, 0xff, 0xff, 0xff, 0xff, 0xff, 0xff,
    0xfb, 0x0,

    /* U+F287 "" */
    0x0, 0x0, 0x0, 0x0, 0x0, 0x0, 0x78, 0x10,
    0x0, 0x0, 0x0, 0x0, 0x0, 0x0, 0x0, 0x0,
    0x26, 0x9f, 0xfd, 0x0, 0x0, 0x0, 0x0, 0x0,
    0x0, 0x0, 0x0, 0x4f, 0xef, 0xff, 0xf0, 0x0,
    0x0, 0x0, 0x0, 0x0, 0x0, 0x0, 0xe, 0x80,
    0x2e, 0xf7, 0x0, 0x0, 0x0, 0x0, 0x0, 0x20,
    0x0, 0x6, 0xe0, 0x0, 0x0, 0x0, 0x0, 0x0,
    0x0, 0x3, 0xef, 0xe3, 0x0, 0xd7, 0x0, 0x0,
    0x0, 0x0, 0x2, 0xa1, 0x0, 0xcf, 0xff, 0xd4,
    0x9f, 0x55, 0x55, 0x55, 0x55, 0x55, 0x7f, 0xf7,
    0xf, 0xff, 0xff, 0xff, 0xff, 0xff, 0xff, 0xff,
    0xff, 0xff, 0xff, 0xf5, 0xaf, 0xff, 0xa0, 0x0,
    0xb, 0xb0, 0x0, 0x0, 0x0, 0x3f, 0xb2, 0x0,
    0x9c, 0x90, 0x0, 0x0, 0x3f, 0x30, 0x0, 0x0,
    0x1, 0x50, 0x0, 0x0, 0x0, 0x0, 0x0, 0x0,
    0xbb, 0x2, 0xbb, 0xb5, 0x0, 0x0, 0x0, 0x0,
    0x0, 0x0, 0x0, 0x2, 0xf9, 0x9f, 0xff, 0x80,
    0x0, 0x0, 0x0, 0x0, 0x0, 0x0, 0x0, 0x3,
    0xbd, 0xff, 0xf8, 0x0, 0x0, 0x0, 0x0, 0x0,
    0x0, 0x0, 0x0, 0x0, 0x3f, 0xff, 0x80, 0x0,
    0x0, 0x0, 0x0, 0x0, 0x0, 0x0, 0x0, 0x0,
    0x0, 0x0, 0x0, 0x0, 0x0,

    /* U+F293 "" */
    0x0, 0x1, 0x7b, 0xdd, 0xb8, 0x20, 0x0, 0x0,
    0x5f, 0xff, 0xdf, 0xff, 0xf6, 0x0, 0x4, 0xff,
    0xff, 0x68, 0xff, 0xff, 0x40, 0xe, 0xff, 0xff,
    0x60, 0x8f, 0xff, 0xd0, 0x4f, 0xff, 0xff, 0x60,
    0x9, 0xff, 0xf3, 0x8f, 0xf6, 0xbf, 0x61, 0xc0,
    0x9f, 0xf7, 0xbf, 0xf6, 0xb, 0x60, 0xe2, 0x5f,
    0xf9, 0xdf, 0xff, 0x50, 0x20, 0x33, 0xff, 0xfb,
    0xef, 0xff, 0xf5, 0x0, 0x2e, 0xff, 0xfc, 0xef,
    0xff, 0xfc, 0x0, 0x7f, 0xff, 0xfc, 0xdf, 0xff,
    0xd1, 0x0, 0x9, 0xff, 0xfc, 0xcf, 0xfc, 0x13,
    0x50, 0x90, 0xaf, 0xfb, 0xaf, 0xf2, 0x4f, 0x60,
    0xf3, 0x2f, 0xf9, 0x6f, 0xfd, 0xff, 0x70, 0x52,
    0xef, 0xf6, 0x1f, 0xff, 0xff, 0x70, 0x2e, 0xff,
    0xf1, 0x9, 0xff, 0xff, 0x72, 0xef, 0xff, 0x90,
    0x0, 0xbf, 0xff, 0xae, 0xff, 0xfd, 0x10, 0x0,
    0x5, 0xcf, 0xff, 0xfd, 0x80, 0x0, 0x0, 0x0,
    0x0, 0x11, 0x0, 0x0, 0x0,

    /* U+F2ED "" */
    0x0, 0x0, 0x5, 0x88, 0x88, 0x30, 0x0, 0x0,
    0x56, 0x66, 0x7f, 0xff, 0xff, 0xe6, 0x66, 0x63,
    0xff, 0xff, 0xff, 0xff, 0xff, 0xff, 0xff, 0xfb,
    0xcd, 0xdd, 0xdd, 0xdd, 0xdd, 0xdd, 0xdd, 0xd8,
    0x3, 0x44, 0x44, 0x44, 0x44, 0x44, 0x44, 0x20,
    0xe, 0xff, 0xff, 0xff, 0xff, 0xff, 0xff, 0xa0,
    0xe, 0xff, 0xff, 0xff, 0xff, 0xff, 0xff, 0xa0,
    0xe, 0xff, 0x1f, 0xf6, 0xaf, 0xc4, 0xff, 0xa0,
    0xe, 0xff, 0xf, 0xf5, 0x9f, 0xb3, 0xff, 0xa0,
    0xe, 0xff, 0xf, 0xf5, 0x9f, 0xb3, 0xff, 0xa0,
    0xe, 0xff, 0xf, 0xf5, 0x9f, 0xb3, 0xff, 0xa0,
    0xe, 0xff, 0xf, 0xf5, 0x9f, 0xb3, 0xff, 0xa0,
    0xe, 0xff, 0xf, 0xf5, 0x9f, 0xb3, 0xff, 0xa0,
    0xe, 0xff, 0xf, 0xf5, 0x9f, 0xb3, 0xff, 0xa0,
    0xe, 0xff, 0xf, 0xf5, 0x9f, 0xb3, 0xff, 0xa0,
    0xe, 0xff, 0x1f, 0xf6, 0xaf, 0xc4, 0xff, 0xa0,
    0xd, 0xff, 0xff, 0xff, 0xff, 0xff, 0xff, 0x90,
    0x8, 0xff, 0xff, 0xff, 0xff, 0xff, 0xff, 0x40,
    0x0, 0x24, 0x44, 0x44, 0x44, 0x44, 0x31, 0x0,

    /* U+F304 "" */
    0x0, 0x0, 0x0, 0x0, 0x0, 0x0, 0x0, 0x8a,
    0x30, 0x0, 0x0, 0x0, 0x0, 0x0, 0x0, 0x0,
    0xbf, 0xff, 0x30, 0x0, 0x0, 0x0, 0x0, 0x0,
    0x0, 0xbf, 0xff, 0xff, 0x30, 0x0, 0x0, 0x0,
    0x0, 0x0, 0x34, 0xff, 0xff, 0xfd, 0x0, 0x0,
    0x0, 0x0, 0x0, 0xbf, 0x44, 0xff, 0xff, 0xe0,
    0x0, 0x0, 0x0, 0x0, 0xbf, 0xff, 0x44, 0xff,
    0xf4, 0x0, 0x0, 0x0, 0x0, 0xbf, 0xff, 0xff,
    0x44, 0xf4, 0x0, 0x0, 0x0, 0x0, 0xbf, 0xff,
    0xff, 0xff, 0x41, 0x0, 0x0, 0x0, 0x0, 0xbf,
    0xff, 0xff, 0xff, 0xf4, 0x0, 0x0, 0x0, 0x0,
    0xbf, 0xff, 0xff, 0xff, 0xf4, 0x0, 0x0, 0x0,
    0x0, 0xbf, 0xff, 0xff, 0xff, 0xf4, 0x0, 0x0,
    0x0, 0x0, 0xbf, 0xff, 0xff, 0xff, 0xf4, 0x0,
    0x0, 0x0, 0x0, 0xbf, 0xff, 0xff, 0xff, 0xf4,
    0x0, 0x0, 0x0, 0x0, 0x8f, 0xff, 0xff, 0xff,
    0xf4, 0x0, 0x0, 0x0, 0x0, 0xa, 0xff, 0xff,
    0xff, 0xf4, 0x0, 0x0, 0x0, 0x0, 0x0, 0xcf,
    0xff, 0xff, 0xf4, 0x0, 0x0, 0x0, 0x0, 0x0,
    0xe, 0xff, 0xff, 0xf4, 0x0, 0x0, 0x0, 0x0,
    0x0, 0x0, 0xff, 0xff, 0xd4, 0x0, 0x0, 0x0,
    0x0, 0x0, 0x0, 0x2, 0x31, 0x0, 0x0, 0x0,
    0x0, 0x0, 0x0, 0x0, 0x0,

    /* U+F55A "" */
    0x0, 0x0, 0x0, 0x57, 0x88, 0x88, 0x88, 0x88,
    0x88, 0x88, 0x72, 0x0, 0x0, 0x0, 0xaf, 0xff,
    0xff, 0xff, 0xff, 0xff, 0xff, 0xff, 0xf2, 0x0,
    0x0, 0xbf, 0xff, 0xff, 0xff, 0xff, 0xff, 0xff,
    0xff, 0xff, 0x70, 0x0, 0xbf, 0xff, 0xff, 0xf8,
    0xaf, 0xff, 0xa8, 0xff, 0xff, 0xf8, 0x0, 0xbf,
    0xff, 0xff, 0xfa, 0x0, 0xaf, 0xa0, 0xa, 0xff,
    0xff, 0x80, 0xbf, 0xff, 0xff, 0xff, 0xf3, 0x0,
    0x60, 0x3, 0xff, 0xff, 0xf8, 0xaf, 0xff, 0xff,
    0xff, 0xff, 0xf3, 0x0, 0x3, 0xff, 0xff, 0xff,
    0x8e, 0xff, 0xff, 0xff, 0xff, 0xff, 0x90, 0x0,
    0x9f, 0xff, 0xff, 0xf8, 0x4f, 0xff, 0xff, 0xff,
    0xff, 0xa0, 0x0, 0x0, 0xaf, 0xff, 0xff, 0x80,
    0x4f, 0xff, 0xff, 0xff, 0xb0, 0x3, 0xe3, 0x0,
    0xbf, 0xff, 0xf8, 0x0, 0x4f, 0xff, 0xff, 0xfe,
    0x13, 0xff, 0xf3, 0x1e, 0xff, 0xff, 0x80, 0x0,
    0x4f, 0xff, 0xff, 0xfe, 0xff, 0xff, 0xfe, 0xff,
    0xff, 0xf7, 0x0, 0x0, 0x4f, 0xff, 0xff, 0xff,
    0xff, 0xff, 0xff, 0xff, 0xff, 0x50, 0x0, 0x0,
    0x3d, 0xff, 0xff, 0xff, 0xff, 0xff, 0xff, 0xff,
    0x90,

    /* U+F7C2 "" */
    0x0, 0x1, 0xcf, 0xff, 0xff, 0xfe, 0x60, 0x0,
    0x1c, 0xff, 0xff, 0xff, 0xff, 0xf2, 0x0, 0xcf,
    0x47, 0xf4, 0xd8, 0x4f, 0xf5, 0xc, 0xff, 0x3,
    0xe0, 0xc5, 0xe, 0xf5, 0xcf, 0xff, 0x3, 0xe0,
    0xc5, 0xe, 0xf5, 0xff, 0xff, 0x24, 0xe2, 0xc6,
    0x2e, 0xf5, 0xff, 0xff, 0xff, 0xff, 0xff, 0xff,
    0xf5, 0xff, 0xff, 0xff, 0xff, 0xff, 0xff, 0xf5,
    0xff, 0xff, 0xff, 0xff, 0xff, 0xff, 0xf5, 0xff,
    0xff, 0xff, 0xff, 0xff, 0xff, 0xf5, 0xff, 0xff,
    0xff, 0xff, 0xff, 0xff, 0xf5, 0xff, 0xff, 0xff,
    0xff, 0xff, 0xff, 0xf5, 0xff, 0xff, 0xff, 0xff,
    0xff, 0xff, 0xf5, 0xff, 0xff, 0xff, 0xff, 0xff,
    0xff, 0xf5, 0xff, 0xff, 0xff, 0xff, 0xff, 0xff,
    0xf5, 0xff, 0xff, 0xff, 0xff, 0xff, 0xff, 0xf5,
    0xef, 0xff, 0xff, 0xff, 0xff, 0xff, 0xf3, 0x5f,
    0xff, 0xff, 0xff, 0xff, 0xff, 0xa0, 0x1, 0x34,
    0x44, 0x44, 0x44, 0x42, 0x0,

    /* U+F8A2 "" */
    0x0, 0x0, 0x0, 0x0, 0x0, 0x0, 0x0, 0x0,
    0x3, 0x0, 0x0, 0x0, 0x0, 0x0, 0x0, 0x0,
    0x0, 0x5, 0xf1, 0x0, 0x0, 0x0, 0x0, 0x0,
    0x0, 0x0, 0x5, 0xff, 0x10, 0x0, 0x3e, 0x90,
    0x0, 0x0, 0x0, 0x0, 0xbf, 0xf1, 0x0, 0x4f,
    0xfb, 0x0, 0x0, 0x0, 0x0, 0xb, 0xff, 0x10,
    0x5f, 0xff, 0xb0, 0x0, 0x0, 0x0, 0x0, 0xbf,
    0xf1, 0x6f, 0xff, 0xff, 0xff, 0xff, 0xff, 0xff,
    0xff, 0xff, 0x1d, 0xff, 0xff, 0xff, 0xff, 0xff,
    0xff, 0xff, 0xff, 0xf1, 0x3e, 0xff, 0xfe, 0xcc,
    0xcc, 0xcc, 0xcc, 0xcc, 0xca, 0x0, 0x2e, 0xff,
    0xb0, 0x0, 0x0, 0x0, 0x0, 0x0, 0x0, 0x0,
    0x1d, 0xfb, 0x0, 0x0, 0x0, 0x0, 0x0, 0x0,
    0x0, 0x0, 0x1b, 0x60, 0x0, 0x0, 0x0, 0x0,
    0x0, 0x0
};


/*---------------------
 *  GLYPH DESCRIPTION
 *--------------------*/

static const lv_font_fmt_txt_glyph_dsc_t glyph_dsc[] = {
    {.bitmap_index = 0, .adv_w = 0, .box_w = 0, .box_h = 0, .ofs_x = 0, .ofs_y = 0} /* id = 0 reserved */,
    {.bitmap_index = 0, .adv_w = 173, .box_w = 0, .box_h = 0, .ofs_x = 0, .ofs_y = 0},
    {.bitmap_index = 0, .adv_w = 173, .box_w = 3, .box_h = 13, .ofs_x = 4, .ofs_y = 0},
    {.bitmap_index = 20, .adv_w = 173, .box_w = 6, .box_h = 5, .ofs_x = 2, .ofs_y = 8},
    {.bitmap_index = 35, .adv_w = 173, .box_w = 11, .box_h = 13, .ofs_x = 0, .ofs_y = 0},
    {.bitmap_index = 107, .adv_w = 173, .box_w = 9, .box_h = 17, .ofs_x = 1, .ofs_y = -3},
    {.bitmap_index = 184, .adv_w = 173, .box_w = 11, .box_h = 12, .ofs_x = 0, .ofs_y = 0},
    {.bitmap_index = 250, .adv_w = 173, .box_w = 11, .box_h = 13, .ofs_x = 0, .ofs_y = 0},
    {.bitmap_index = 322, .adv_w = 173, .box_w = 3, .box_h = 5, .ofs_x = 4, .ofs_y = 8},
    {.bitmap_index = 330, .adv_w = 173, .box_w = 5, .box_h = 16, .ofs_x = 3, .ofs_y = -2},
    {.bitmap_index = 370, .adv_w = 173, .box_w = 5, .box_h = 16, .ofs_x = 3, .ofs_y = -2},
    {.bitmap_index = 410, .adv_w = 173, .box_w = 9, .box_h = 9, .ofs_x = 1, .ofs_y = 4},
    {.bitmap_index = 451, .adv_w = 173, .box_w = 11, .box_h = 10, .ofs_x = 0, .ofs_y = 1},
    {.bitmap_index = 506, .adv_w = 173, .box_w = 4, .box_h = 6, .ofs_x = 3, .ofs_y = -2},
    {.bitmap_index = 518, .adv_w = 173, .box_w = 5, .box_h = 3, .ofs_x = 3, .ofs_y = 3},
    {.bitmap_index = 526, .adv_w = 173, .box_w = 3, .box_h = 3, .ofs_x = 4, .ofs_y = 0},
    {.bitmap_index = 531, .adv_w = 173, .box_w = 10, .box_h = 15, .ofs_x = 0, .ofs_y = -2},
    {.bitmap_index = 606, .adv_w = 173, .box_w = 9, .box_h = 13, .ofs_x = 1, .ofs_y = 0},
    {.bitmap_index = 665, .adv_w = 173, .box_w = 8, .box_h = 13, .ofs_x = 2, .ofs_y = 0},
    {.bitmap_index = 717, .adv_w = 173, .box_w = 9, .box_h = 13, .ofs_x = 1, .ofs_y = 0},
    {.bitmap_index = 776, .adv_w = 173, .box_w = 9, .box_h = 13, .ofs_x = 1, .ofs_y = 0},
    {.bitmap_index = 835, .adv_w = 173, .box_w = 10, .box_h = 13, .ofs_x = 0, .ofs_y = 0},
    {.bitmap_index = 900, .adv_w = 173, .box_w = 9, .box_h = 13, .ofs_x = 1, .ofs_y = 0},
    {.bitmap_index = 959, .adv_w = 173, .box_w = 9, .box_h = 13, .ofs_x = 1, .ofs_y = 0},
    {.bitmap_index = 1018, .adv_w = 173, .box_w = 9, .box_h = 13, .ofs_x = 1, .ofs_y = 0},
    {.bitmap_index = 1077, .adv_w = 173, .box_w = 9, .box_h = 13, .ofs_x = 1, .ofs_y = 0},
    {.bitmap_index = 1136, .adv_w = 173, .box_w = 9, .box_h = 13, .ofs_x = 1, .ofs_y = 0},
    {.bitmap_index = 1195, .adv_w = 173, .box_w = 3, .box_h = 9, .ofs_x = 4, .ofs_y = 0},
    {.bitmap_index = 1209, .adv_w = 173, .box_w = 4, .box_h = 12, .ofs_x = 3, .ofs_y = -2},
    {.bitmap_index = 1233, .adv_w = 173, .box_w = 11, .box_h = 9, .ofs_x = 0, .ofs_y = 1},
    {.bitmap_index = 1283, .adv_w = 173, .box_w = 11, .box_h = 6, .ofs_x = 0, .ofs_y = 3},
    {.bitmap_index = 1316, .adv_w = 173, .box_w = 11, .box_h = 9, .ofs_x = 0, .ofs_y = 1},
    {.bitmap_index = 1366, .adv_w = 173, .box_w = 8, .box_h = 13, .ofs_x = 2, .ofs_y = 0},
    {.bitmap_index = 1418, .adv_w = 173, .box_w = 11, .box_h = 17, .ofs_x = 0, .ofs_y = -4},
    {.bitmap_index = 1512, .adv_w = 173, .box_w = 11, .box_h = 13, .ofs_x = 0, .ofs_y = 0},
    {.bitmap_index = 1584, .adv_w = 173, .box_w = 9, .box_h = 13, .ofs_x = 1, .ofs_y = 0},
    {.bitmap_index = 1643, .adv_w = 173, .box_w = 9, .box_h = 13, .ofs_x = 1, .ofs_y = 0},
    {.bitmap_index = 1702, .adv_w = 173, .box_w = 9, .box_h = 13, .ofs_x = 1, .ofs_y = 0},
    {.bitmap_index = 1761, .adv_w = 173, .box_w = 9, .box_h = 13, .ofs_x = 1, .ofs_y = 0},
    {.bitmap_index = 1820, .adv_w = 173, .box_w = 8, .box_h = 13, .ofs_x = 2, .ofs_y = 0},
    {.bitmap_index = 1872, .adv_w = 173, .box_w = 10, .box_h = 13, .ofs_x = 0, .ofs_y = 0},
    {.bitmap_index = 1937, .adv_w = 173, .box_w = 9, .box_h = 13, .ofs_x = 1, .ofs_y = 0},
    {.bitmap_index = 1996, .adv_w = 173, .box_w = 9, .box_h = 13, .ofs_x = 1, .ofs_y = 0},
    {.bitmap_index = 2055, .adv_w = 173, .box_w = 9, .box_h = 13, .ofs_x = 0, .ofs_y = 0},
    {.bitmap_index = 2114, .adv_w = 173, .box_w = 10, .box_h = 13, .ofs_x = 1, .ofs_y = 0},
    {.bitmap_index = 2179, .adv_w = 173, .box_w = 10, .box_h = 13, .ofs_x = 1, .ofs_y = 0},
    {.bitmap_index = 2244, .adv_w = 173, .box_w = 11, .box_h = 13, .ofs_x = 0, .ofs_y = 0},
    {.bitmap_index = 2316, .adv_w = 173, .box_w = 9, .box_h = 13, .ofs_x = 1, .ofs_y = 0},
    {.bitmap_index = 2375, .adv_w = 173, .box_w = 9, .box_h = 13, .ofs_x = 1, .ofs_y = 0},
    {.bitmap_index = 2434, .adv_w = 173, .box_w = 10, .box_h = 13, .ofs_x = 1, .ofs_y = 0},
    {.bitmap_index = 2499, .adv_w = 173, .box_w = 9, .box_h = 16, .ofs_x = 1, .ofs_y = -3},
    {.bitmap_index = 2571, .adv_w = 173, .box_w = 10, .box_h = 13, .ofs_x = 1, .ofs_y = 0},
    {.bitmap_index = 2636, .adv_w = 173, .box_w = 9, .box_h = 13, .ofs_x = 1, .ofs_y = 0},
    {.bitmap_index = 2695, .adv_w = 173, .box_w = 11, .box_h = 13, .ofs_x = 0, .ofs_y = 0},
    {.bitmap_index = 2767, .adv_w = 173, .box_w = 9, .box_h = 13, .ofs_x = 1, .ofs_y = 0},
    {.bitmap_index = 2826, .adv_w = 173, .box_w = 11, .box_h = 13, .ofs_x = 0, .ofs_y = 0},
    {.bitmap_index = 2898, .adv_w = 173, .box_w = 11, .box_h = 13, .ofs_x = 0, .ofs_y = 0},
    {.bitmap_index = 2970, .adv_w = 173, .box_w = 11, .box_h = 13, .ofs_x = 0, .ofs_y = 0},
    {.bitmap_index = 3042, .adv_w = 173, .box_w = 11, .box_h = 13, .ofs_x = 0, .ofs_y = 0},
    {.bitmap_index = 3114, .adv_w = 173, .box_w = 10, .box_h = 13, .ofs_x = 1, .ofs_y = 0},
    {.bitmap_index = 3179, .adv_w = 173, .box_w = 4, .box_h = 17, .ofs_x = 4, .ofs_y = -3},
    {.bitmap_index = 3213, .adv_w = 173, .box_w = 10, .box_h = 15, .ofs_x = 0, .ofs_y = -2},
    {.bitmap_index = 3288, .adv_w = 173, .box_w = 4, .box_h = 17, .ofs_x = 3, .ofs_y = -3},
    {.bitmap_index = 3322, .adv_w = 173, .box_w = 11, .box_h = 5, .ofs_x = 0, .ofs_y = 8},
    {.bitmap_index = 3350, .adv_w = 173, .box_w = 11, .box_h = 1, .ofs_x = 0, .ofs_y = -4},
    {.bitmap_index = 3356, .adv_w = 173, .box_w = 5, .box_h = 4, .ofs_x = 2, .ofs_y = 11},
    {.bitmap_index = 3366, .adv_w = 173, .box_w = 9, .box_h = 10, .ofs_x = 1, .ofs_y = 0},
    {.bitmap_index = 3411, .adv_w = 173, .box_w = 9, .box_h = 14, .ofs_x = 1, .ofs_y = 0},
    {.bitmap_index = 3474, .adv_w = 173, .box_w = 9, .box_h = 10, .ofs_x = 1, .ofs_y = 0},
    {.bitmap_index = 3519, .adv_w = 173, .box_w = 9, .box_h = 14, .ofs_x = 1, .ofs_y = 0},
    {.bitmap_index = 3582, .adv_w = 173, .box_w = 9, .box_h = 10, .ofs_x = 1, .ofs_y = 0},
    {.bitmap_index = 3627, .adv_w = 173, .box_w = 9, .box_h = 14, .ofs_x = 1, .ofs_y = 0},
    {.bitmap_index = 3690, .adv_w = 173, .box_w = 9, .box_h = 14, .ofs_x = 1, .ofs_y = -4},
    {.bitmap_index = 3753, .adv_w = 173, .box_w = 9, .box_h = 14, .ofs_x = 1, .ofs_y = 0},
    {.bitmap_index = 3816, .adv_w = 173, .box_w = 9, .box_h = 14, .ofs_x = 1, .ofs_y = 0},
    {.bitmap_index = 3879, .adv_w = 173, .box_w = 6, .box_h = 18, .ofs_x = 1, .ofs_y = -4},
    {.bitmap_index = 3933, .adv_w = 173, .box_w = 9, .box_h = 14, .ofs_x = 2, .ofs_y = 0},
    {.bitmap_index = 3996, .adv_w = 173, .box_w = 9, .box_h = 14, .ofs_x = 1, .ofs_y = 0},
    {.bitmap_index = 4059, .adv_w = 173, .box_w = 10, .box_h = 10, .ofs_x = 0, .ofs_y = 0},
    {.bitmap_index = 4109, .adv_w = 173, .box_w = 9, .box_h = 10, .ofs_x = 1, .ofs_y = 0},
    {.bitmap_index = 4154, .adv_w = 173, .box_w = 9, .box_h = 10, .ofs_x = 1, .ofs_y = 0},
    {.bitmap_index = 4199, .adv_w = 173, .box_w = 9, .box_h = 14, .ofs_x = 1, .ofs_y = -4},
    {.bitmap_index = 4262, .adv_w = 173, .box_w = 9, .box_h = 14, .ofs_x = 1, .ofs_y = -4},
    {.bitmap_index = 4325, .adv_w = 173, .box_w = 8, .box_h = 10, .ofs_x = 3, .ofs_y = 0},
    {.bitmap_index = 4365, .adv_w = 173, .box_w = 9, .box_h = 10, .ofs_x = 1, .ofs_y = 0},
    {.bitmap_index = 4410, .adv_w = 173, .box_w = 9, .box_h = 13, .ofs_x = 1, .ofs_y = 0},
    {.bitmap_index = 4469, .adv_w = 173, .box_w = 9, .box_h = 10, .ofs_x = 1, .ofs_y = 0},
    {.bitmap_index = 4514, .adv_w = 173, .box_w = 10, .box_h = 10, .ofs_x = 0, .ofs_y = 0},
    {.bitmap_index = 4564, .adv_w = 173, .box_w = 11, .box_h = 10, .ofs_x = 0, .ofs_y = 0},
    {.bitmap_index = 4619, .adv_w = 173, .box_w = 11, .box_h = 10, .ofs_x = 0, .ofs_y = 0},
    {.bitmap_index = 4674, .adv_w = 173, .box_w = 11, .box_h = 14, .ofs_x = 0, .ofs_y = -4},
    {.bitmap_index = 4751, .adv_w = 173, .box_w = 9, .box_h = 10, .ofs_x = 1, .ofs_y = 0},
    {.bitmap_index = 4796, .adv_w = 173, .box_w = 8, .box_h = 17, .ofs_x = 1, .ofs_y = -3},
    {.bitmap_index = 4864, .adv_w = 173, .box_w = 3, .box_h = 18, .ofs_x = 4, .ofs_y = -4},
    {.bitmap_index = 4891, .adv_w = 173, .box_w = 8, .box_h = 17, .ofs_x = 1, .ofs_y = -3},
    {.bitmap_index = 4959, .adv_w = 173, .box_w = 11, .box_h = 4, .ofs_x = 0, .ofs_y = 4},
    {.bitmap_index = 4981, .adv_w = 173, .box_w = 7, .box_h = 6, .ofs_x = 2, .ofs_y = 7},
    {.bitmap_index = 5002, .adv_w = 173, .box_w = 7, .box_h = 6, .ofs_x = 2, .ofs_y = 4},
    {.bitmap_index = 5023, .adv_w = 288, .box_w = 19, .box_h = 19, .ofs_x = 0, .ofs_y = -3},
    {.bitmap_index = 5204, .adv_w = 288, .box_w = 18, .box_h = 14, .ofs_x = 0, .ofs_y = 0},
    {.bitmap_index = 5330, .adv_w = 288, .box_w = 18, .box_h = 17, .ofs_x = 0, .ofs_y = -2},
    {.bitmap_index = 5483, .adv_w = 288, .box_w = 18, .box_h = 14, .ofs_x = 0, .ofs_y = 0},
    {.bitmap_index = 5609, .adv_w = 198, .box_w = 13, .box_h = 13, .ofs_x = 0, .ofs_y = 0},
    {.bitmap_index = 5694, .adv_w = 288, .box_w = 19, .box_h = 18, .ofs_x = 0, .ofs_y = -2},
    {.bitmap_index = 5865, .adv_w = 288, .box_w = 18, .box_h = 19, .ofs_x = 0, .ofs_y = -3},
    {.bitmap_index = 6036, .adv_w = 324, .box_w = 21, .box_h = 17, .ofs_x = 0, .ofs_y = -2},
    {.bitmap_index = 6215, .adv_w = 288, .box_w = 18, .box_h = 19, .ofs_x = 0, .ofs_y = -3},
    {.bitmap_index = 6386, .adv_w = 324, .box_w = 21, .box_h = 14, .ofs_x = 0, .ofs_y = 0},
    {.bitmap_index = 6533, .adv_w = 288, .box_w = 18, .box_h = 19, .ofs_x = 0, .ofs_y = -3},
    {.bitmap_index = 6704, .adv_w = 144, .box_w = 9, .box_h = 15, .ofs_x = 0, .ofs_y = -1},
    {.bitmap_index = 6772, .adv_w = 216, .box_w = 14, .box_h = 15, .ofs_x = 0, .ofs_y = -1},
    {.bitmap_index = 6877, .adv_w = 324, .box_w = 21, .box_h = 18, .ofs_x = 0, .ofs_y = -2},
    {.bitmap_index = 7066, .adv_w = 288, .box_w = 18, .box_h = 14, .ofs_x = 0, .ofs_y = 0},
    {.bitmap_index = 7192, .adv_w = 198, .box_w = 13, .box_h = 19, .ofs_x = 0, .ofs_y = -3},
    {.bitmap_index = 7316, .adv_w = 252, .box_w = 12, .box_h = 17, .ofs_x = 2, .ofs_y = -2},
    {.bitmap_index = 7418, .adv_w = 252, .box_w = 16, .box_h = 19, .ofs_x = 0, .ofs_y = -3},
    {.bitmap_index = 7570, .adv_w = 252, .box_w = 16, .box_h = 17, .ofs_x = 0, .ofs_y = -2},
    {.bitmap_index = 7706, .adv_w = 252, .box_w = 16, .box_h = 17, .ofs_x = 0, .ofs_y = -2},
    {.bitmap_index = 7842, .adv_w = 252, .box_w = 12, .box_h = 17, .ofs_x = 2, .ofs_y = -2},
    {.bitmap_index = 7944, .adv_w = 252, .box_w = 18, .box_h = 17, .ofs_x = -1, .ofs_y = -2},
    {.bitmap_index = 8097, .adv_w = 180, .box_w = 11, .box_h = 16, .ofs_x = 0, .ofs_y = -1},
    {.bitmap_index = 8185, .adv_w = 180, .box_w = 11, .box_h = 16, .ofs_x = 0, .ofs_y = -1},
    {.bitmap_index = 8273, .adv_w = 252, .box_w = 16, .box_h = 17, .ofs_x = 0, .ofs_y = -2},
    {.bitmap_index = 8409, .adv_w = 252, .box_w = 16, .box_h = 4, .ofs_x = 0, .ofs_y = 5},
    {.bitmap_index = 8441, .adv_w = 324, .box_w = 21, .box_h = 14, .ofs_x = 0, .ofs_y = 0},
    {.bitmap_index = 8588, .adv_w = 360, .box_w = 23, .box_h = 19, .ofs_x = 0, .ofs_y = -3},
    {.bitmap_index = 8807, .adv_w = 324, .box_w = 22, .box_h = 19, .ofs_x = -1, .ofs_y = -3},
    {.bitmap_index = 9016, .adv_w = 288, .box_w = 18, .box_h = 17, .ofs_x = 0, .ofs_y = -2},
    {.bitmap_index = 9169, .adv_w = 252, .box_w = 16, .box_h = 10, .ofs_x = 0, .ofs_y = 2},
    {.bitmap_index = 9249, .adv_w = 252, .box_w = 16, .box_h = 10, .ofs_x = 0, .ofs_y = 2},
    {.bitmap_index = 9329, .adv_w = 360, .box_w = 24, .box_h = 15, .ofs_x = -1, .ofs_y = -1},
    {.bitmap_index = 9509, .adv_w = 288, .box_w = 18, .box_h = 14, .ofs_x = 0, .ofs_y = 0},
    {.bitmap_index = 9635, .adv_w = 288, .box_w = 18, .box_h = 19, .ofs_x = 0, .ofs_y = -3},
    {.bitmap_index = 9806, .adv_w = 288, .box_w = 19, .box_h = 19, .ofs_x = -1, .ofs_y = -3},
    {.bitmap_index = 9987, .adv_w = 252, .box_w = 16, .box_h = 17, .ofs_x = 0, .ofs_y = -2},
    {.bitmap_index = 10123, .adv_w = 252, .box_w = 16, .box_h = 19, .ofs_x = 0, .ofs_y = -3},
    {.bitmap_index = 10275, .adv_w = 252, .box_w = 16, .box_h = 17, .ofs_x = 0, .ofs_y = -2},
    {.bitmap_index = 10411, .adv_w = 252, .box_w = 16, .box_h = 15, .ofs_x = 0, .ofs_y = -1},
    {.bitmap_index = 10531, .adv_w = 288, .box_w = 18, .box_h = 14, .ofs_x = 0, .ofs_y = 0},
    {.bitmap_index = 10657, .adv_w = 180, .box_w = 13, .box_h = 19, .ofs_x = -1, .ofs_y = -3},
    {.bitmap_index = 10781, .adv_w = 252, .box_w = 16, .box_h = 19, .ofs_x = 0, .ofs_y = -3},
    {.bitmap_index = 10933, .adv_w = 252, .box_w = 16, .box_h = 19, .ofs_x = 0, .ofs_y = -3},
    {.bitmap_index = 11085, .adv_w = 324, .box_w = 21, .box_h = 14, .ofs_x = 0, .ofs_y = 0},
    {.bitmap_index = 11232, .adv_w = 288, .box_w = 20, .box_h = 20, .ofs_x = -1, .ofs_y = -3},
    {.bitmap_index = 11432, .adv_w = 216, .box_w = 14, .box_h = 19, .ofs_x = 0, .ofs_y = -3},
    {.bitmap_index = 11565, .adv_w = 360, .box_w = 23, .box_h = 18, .ofs_x = 0, .ofs_y = -2},
    {.bitmap_index = 11772, .adv_w = 360, .box_w = 23, .box_h = 12, .ofs_x = 0, .ofs_y = 1},
    {.bitmap_index = 11910, .adv_w = 360, .box_w = 23, .box_h = 12, .ofs_x = 0, .ofs_y = 1},
    {.bitmap_index = 12048, .adv_w = 360, .box_w = 23, .box_h = 12, .ofs_x = 0, .ofs_y = 1},
    {.bitmap_index = 12186, .adv_w = 360, .box_w = 23, .box_h = 12, .ofs_x = 0, .ofs_y = 1},
    {.bitmap_index = 12324, .adv_w = 360, .box_w = 23, .box_h = 12, .ofs_x = 0, .ofs_y = 1},
    {.bitmap_index = 12462, .adv_w = 360, .box_w = 23, .box_h = 15, .ofs_x = 0, .ofs_y = -1},
    {.bitmap_index = 12635, .adv_w = 252, .box_w = 14, .box_h = 19, .ofs_x = 1, .ofs_y = -3},
    {.bitmap_index = 12768, .adv_w = 252, .box_w = 16, .box_h = 19, .ofs_x = 0, .ofs_y = -3},
    {.bitmap_index = 12920, .adv_w = 288, .box_w = 19, .box_h = 19, .ofs_x = -1, .ofs_y = -3},
    {.bitmap_index = 13101, .adv_w = 360, .box_w = 23, .box_h = 14, .ofs_x = 0, .ofs_y = 0},
    {.bitmap_index = 13262, .adv_w = 216, .box_w = 14, .box_h = 19, .ofs_x = 0, .ofs_y = -3},
    {.bitmap_index = 13395, .adv_w = 290, .box_w = 19, .box_h = 12, .ofs_x = 0, .ofs_y = 1}
};

/*---------------------
 *  CHARACTER MAPPING
 *--------------------*/

static const uint16_t unicode_list_1[] = {
    0x0, 0x1f72, 0xef51, 0xef58, 0xef5b, 0xef5c, 0xef5d, 0xef61,
    0xef63, 0xef65, 0xef69, 0xef6c, 0xef71, 0xef76, 0xef77, 0xef78,
    0xef8e, 0xef93, 0xef98, 0xef9b, 0xef9c, 0xef9d, 0xefa1, 0xefa2,
    0xefa3, 0xefa4, 0xefb7, 0xefb8, 0xefbe, 0xefc0, 0xefc1, 0xefc4,
    0xefc7, 0xefc8, 0xefc9, 0xefcb, 0xefe3, 0xefe5, 0xf014, 0xf015,
    0xf017, 0xf019, 0xf030, 0xf037, 0xf03a, 0xf043, 0xf06c, 0xf074,
    0xf0ab, 0xf13b, 0xf190, 0xf191, 0xf192, 0xf193, 0xf194, 0xf1d7,
    0xf1e3, 0xf23d, 0xf254, 0xf4aa, 0xf712, 0xf7f2
};

/*Collect the unicode lists and glyph_id offsets*/
static const lv_font_fmt_txt_cmap_t cmaps[] =
{
    {
        .range_start = 32, .range_length = 95, .glyph_id_start = 1,
        .unicode_list = NULL, .glyph_id_ofs_list = NULL, .list_length = 0, .type = LV_FONT_FMT_TXT_CMAP_FORMAT0_TINY
    },
    {
        .range_start = 176, .range_length = 63475, .glyph_id_start = 96,
        .unicode_list = unicode_list_1, .glyph_id_ofs_list = NULL, .list_length = 62, .type = LV_FONT_FMT_TXT_CMAP_SPARSE_TINY
    }
};



/*--------------------
 *  ALL CUSTOM DATA
 *--------------------*/

#if LVGL_VERSION_MAJOR == 8
/*Store all the custom data of the font*/
static  lv_font_fmt_txt_glyph_cache_t cache;
#endif

#if LVGL_VERSION_MAJOR >= 8
static const lv_font_fmt_txt_dsc_t font_dsc = {
#else
static lv_font_fmt_txt_dsc_t font_dsc = {
#endif
    .glyph_bitmap = glyph_bitmap,
    .glyph_dsc = glyph_dsc,
    .cmaps = cmaps,
    .kern_dsc = NULL,
    .kern_scale = 0,
    .cmap_num = 2,
    .bpp = 4,
    .kern_classes = 0,
    .bitmap_format = 0,
#if LVGL_VERSION_MAJOR == 8
    .cache = &cache
#endif
};



/*-----------------
 *  PUBLIC FONT
 *----------------*/

/*Initialize a public general font descriptor*/
#if LVGL_VERSION_MAJOR >= 8
const lv_font_t lv_font_montserrat_18 = {
#else
lv_font_t lv_font_montserrat_18 = {
#endif
    .get_glyph_dsc = lv_font_get_glyph_dsc_fmt_txt,    /*Function pointer to get glyph's data*/
    .get_glyph_bitmap = lv_font_get_bitmap_fmt_txt,    /*Function pointer to get glyph's bitmap*/
    .line_height = 21,          /*The maximum line height required by the font*/
    .base_line = 4,             /*Baseline measured from the bottom of the line*/
#if !(LVGL_VERSION_MAJOR == 6 && LVGL_VERSION_MINOR == 0)
    .subpx = LV_FONT_SUBPX_NONE,
#endif
#if LV_VERSION_CHECK(7, 4, 0) || LVGL_VERSION_MAJOR >= 8
    .underline_position = 0,
    .underline_thickness = 1,
#endif
    .dsc = &font_dsc,          /*The custom font data. Will be accessed by `get_glyph_bitmap/dsc` */
#if LV_VERSION_CHECK(8, 2, 0) || LVGL_VERSION_MAJOR >= 9
    .fallback = NULL,
#endif
    .user_data = NULL,
};



#endif /*#if RP_FONT_MONO_18*/

